sample_idx,class_name,cluster_id,pred_surface_area,pred_bbox_volume,true_surface_area,true_bbox_volume
0,airplane,0,894112.12500000,60825700.00000000,1387433.87500000,260232656.00000000
1,airplane,0,50665.98437500,850383.87500000,69767.69531250,2608049.75000000
2,airplane,0,95100.21875000,2643276.00000000,113147.94531250,7824043.00000000
3,airplane,0,1918653.00000000,206742784.00000000,3251753.25000000,1165752576.00000000
4,airplane,0,254304.82812500,7913062.50000000,248965.73437500,24546572.00000000
5,airplane,0,1906125.37500000,207341456.00000000,2610665.00000000,946149888.00000000
6,airplane,0,8551395.00000000,2807847168.00000000,10272209.00000000,5600646656.00000000
7,airplane,0,2715226.50000000,363384416.00000000,3913336.50000000,1354475264.00000000
8,airplane,0,42455.15234375,632547.06250000,36633.06250000,1487287.50000000
9,airplane,0,5461515.00000000,1363407232.00000000,6380045.00000000,3476711424.00000000
10,airplane,0,351043.81250000,13433643.00000000,663136.37500000,98583832.00000000
11,airplane,0,1292333.00000000,119704904.00000000,1360672.50000000,698735168.00000000
12,airplane,0,10408788.00000000,3704626688.00000000,15025208.00000000,11132014592.00000000
13,airplane,0,8115662.50000000,2476607488.00000000,10291624.00000000,4994590208.00000000
14,airplane,0,44571.95703125,632431.25000000,66683.07031250,2313887.25000000
15,airplane,0,7792581.50000000,2479211776.00000000,8616886.00000000,4617329152.00000000
16,airplane,0,1706882.37500000,170952736.00000000,2258028.25000000,921275520.00000000
17,airplane,0,3887899.75000000,628648448.00000000,4743309.00000000,2264377088.00000000
18,airplane,0,241003.40625000,7904660.50000000,382047.90625000,27849522.00000000
19,airplane,0,1337872.75000000,119989960.00000000,1963163.87500000,789711936.00000000
20,airplane,0,1801634.37500000,199416592.00000000,2739300.50000000,1060393728.00000000
21,airplane,0,3175554.25000000,498570720.00000000,3385057.00000000,1576652544.00000000
22,airplane,0,2775465.50000000,390085152.00000000,3755026.25000000,1247953408.00000000
23,airplane,0,7719252.00000000,2164763392.00000000,10024708.00000000,5240528896.00000000
24,airplane,0,1368552.37500000,124249968.00000000,1965385.50000000,528374400.00000000
25,airplane,0,3823314.75000000,639357440.00000000,5649292.00000000,2763261184.00000000
26,airplane,0,8102214.50000000,2585955328.00000000,9043191.00000000,4617311744.00000000
27,airplane,0,8474431.00000000,2742180864.00000000,9175497.00000000,5128161792.00000000
28,airplane,0,1688390.50000000,176453392.00000000,1643134.12500000,869614848.00000000
29,airplane,0,1733150.25000000,192568416.00000000,3103525.25000000,972111104.00000000
30,airplane,0,44741036.00000000,57747644416.00000000,75935968.00000000,34301315072.00000000
31,airplane,0,156376.40625000,4153641.50000000,195350.20312500,11063246.00000000
32,airplane,0,2769875.75000000,364775360.00000000,2667813.25000000,1200268672.00000000
33,airplane,0,5186574.00000000,1014114624.00000000,5655318.50000000,3165932032.00000000
34,airplane,0,1941525.00000000,215418080.00000000,3620080.00000000,1066259072.00000000
35,airplane,0,1729432.00000000,178806000.00000000,1594297.25000000,645213248.00000000
36,airplane,0,1322771.62500000,135587552.00000000,2262628.25000000,726532224.00000000
37,airplane,0,855847.12500000,58514472.00000000,1377916.12500000,379915264.00000000
38,airplane,0,350838.96875000,14481303.00000000,586826.93750000,71772512.00000000
39,airplane,0,2063316.00000000,249041440.00000000,2005832.00000000,1026644224.00000000
40,airplane,0,7243520.50000000,2449412096.00000000,10340717.00000000,5447313408.00000000
41,airplane,0,9702187.00000000,3269596160.00000000,11210407.00000000,5600625664.00000000
42,airplane,0,200848.45312500,6866745.00000000,299134.28125000,21357204.00000000
43,airplane,0,82937.00000000,2151022.50000000,81842.16406250,7086164.50000000
44,airplane,0,1800008.00000000,196432800.00000000,3145911.75000000,1031866240.00000000
45,airplane,0,2287291.75000000,282930656.00000000,3316198.50000000,1147526016.00000000
46,airplane,0,21242232.00000000,15486491648.00000000,21464976.00000000,29570596864.00000000
47,airplane,0,3677929.50000000,564266496.00000000,5980480.00000000,1718472832.00000000
48,airplane,0,518577.09375000,28377364.00000000,608141.68750000,94188568.00000000
49,airplane,0,1714916.50000000,174267968.00000000,2317540.00000000,866074176.00000000
50,airplane,0,6680774.00000000,1973435648.00000000,7400954.00000000,4028258816.00000000
51,airplane,0,1978131.00000000,223722688.00000000,2921286.75000000,629615680.00000000
52,airplane,0,1626139.00000000,161436112.00000000,3120843.50000000,843033216.00000000
53,airplane,0,12479616.00000000,5160974848.00000000,16713497.00000000,9436667904.00000000
54,airplane,0,820742.31250000,55890948.00000000,1206119.00000000,290038208.00000000
55,airplane,0,204007.68750000,6530590.00000000,287186.93750000,20017596.00000000
56,airplane,0,5675103.00000000,1430769280.00000000,7461156.00000000,4005587968.00000000
57,airplane,0,4820289.50000000,1150954368.00000000,8795751.00000000,4178584064.00000000
58,airplane,0,1459166.37500000,139608224.00000000,3110542.00000000,1187659392.00000000
59,airplane,0,7167014.50000000,2055221120.00000000,6238460.00000000,4356965376.00000000
60,airplane,0,1831886.50000000,208575424.00000000,3037872.00000000,935053760.00000000
61,airplane,0,6735317.00000000,1775232768.00000000,7590153.00000000,4001121024.00000000
62,airplane,0,1504532.25000000,145059696.00000000,2695821.00000000,877335168.00000000
63,airplane,0,3593367.75000000,574843904.00000000,6161200.50000000,1905338752.00000000
64,airplane,0,5732386.50000000,1355214336.00000000,6122881.00000000,2850644992.00000000
65,airplane,0,1805439.00000000,194381056.00000000,3040248.50000000,901896576.00000000
66,airplane,0,1444038.25000000,136136928.00000000,1760755.75000000,687992832.00000000
67,airplane,0,5320052.00000000,1239704576.00000000,10672956.00000000,4811291648.00000000
68,airplane,0,3335800.75000000,593092544.00000000,5083347.00000000,2534589184.00000000
69,airplane,0,2110852.75000000,268685440.00000000,3132708.50000000,933873856.00000000
70,airplane,0,2941902.75000000,442519552.00000000,3126873.50000000,1117348992.00000000
71,airplane,0,2813650.50000000,394398912.00000000,3110684.25000000,1512370048.00000000
72,airplane,0,2008613.37500000,255876784.00000000,2764436.75000000,798414464.00000000
73,airplane,0,2956229.50000000,438987936.00000000,2936179.25000000,1454570752.00000000
74,airplane,0,6520813.00000000,2043981952.00000000,6390519.00000000,5017056256.00000000
75,airplane,0,4664919.00000000,1051096640.00000000,4156835.50000000,3588264960.00000000
76,airplane,0,6609726.00000000,1746747136.00000000,7360130.00000000,4001151488.00000000
77,airplane,0,7120673.00000000,2047755392.00000000,5979521.50000000,5017056256.00000000
78,airplane,0,19623458.00000000,11609913344.00000000,24369488.00000000,12115234816.00000000
79,airplane,0,103747.85937500,2933005.75000000,118888.21875000,9082604.00000000
80,airplane,0,1879968.12500000,195094208.00000000,2695859.75000000,877335168.00000000
81,airplane,0,3552364.00000000,644240512.00000000,5656483.50000000,2763261184.00000000
82,airplane,0,1557276.25000000,152193296.00000000,2600507.00000000,784542848.00000000
83,airplane,0,2575866.25000000,365983104.00000000,3857916.00000000,1452948736.00000000
84,airplane,0,748101.50000000,50774104.00000000,1400015.62500000,250154976.00000000
85,airplane,0,7022790.50000000,1839023360.00000000,10177914.00000000,3428102400.00000000
86,airplane,0,1686884.00000000,167505904.00000000,2383145.75000000,687992832.00000000
87,airplane,0,2703145.50000000,351211424.00000000,3363060.50000000,1640128512.00000000
88,airplane,0,1697752.12500000,168894064.00000000,2695821.00000000,877335168.00000000
89,airplane,0,222662.18750000,7970062.00000000,304616.43750000,27322430.00000000
90,airplane,0,5809801.00000000,1544748288.00000000,7354383.50000000,4502048768.00000000
91,airplane,0,7872641.50000000,2532888064.00000000,8591301.00000000,4705112064.00000000
92,airplane,0,13341488.00000000,6007654400.00000000,15219467.00000000,9465257984.00000000
93,airplane,0,5647299.00000000,1426785152.00000000,6351669.50000000,3476698368.00000000
94,airplane,0,6670524.00000000,2243501056.00000000,6947105.00000000,5413361664.00000000
95,airplane,0,2161143.00000000,232101168.00000000,3693095.75000000,777074240.00000000
96,airplane,0,1421441.75000000,129292208.00000000,2245894.00000000,744236800.00000000
97,airplane,0,1483612.75000000,140437744.00000000,1826174.00000000,880936960.00000000
98,bathtub,0,24215.93750000,86549.92968750,15391.81152344,164063.93750000
99,bathtub,0,10371.54492188,27792.60156250,14114.08496094,28705.56640625
100,bathtub,0,18462.43164062,81134.35156250,31918.84179688,129918.66406250
101,bathtub,0,17356.41406250,69812.02343750,19312.79882812,89282.36718750
102,bathtub,0,5205990.00000000,928067392.00000000,9680874.00000000,611997504.00000000
103,bathtub,0,18837.54492188,46434.56640625,19618.21875000,56341.38281250
104,bathtub,0,37365.50781250,115567.81250000,19377.37304688,151915.68750000
105,bathtub,0,11356.29980469,59397.39843750,10471.90820312,97946.18750000
106,bathtub,0,30415.00781250,87022.53125000,34965.00390625,118875.75000000
107,bathtub,0,8348.93652344,27524.15429688,5148.49902344,32896.86718750
108,bathtub,0,11647.01660156,66710.28906250,14719.80859375,123397.13281250
109,bathtub,0,19924.04101562,49661.50000000,22597.47265625,71743.75781250
110,bathtub,0,9826.19921875,47447.43750000,18138.43164062,69117.95312500
111,bathtub,0,173311.06250000,2177258.25000000,136778.85937500,3788135.00000000
112,bathtub,0,17331.40429688,41952.16015625,15675.27246094,42498.50000000
113,bathtub,0,15612.07128906,67002.89062500,15563.22070312,146466.23437500
114,bathtub,0,62259.67968750,533409.25000000,53086.04687500,633001.50000000
115,bathtub,0,14399.22167969,37936.50390625,10045.58203125,32952.82421875
116,bathtub,0,26565.88671875,79432.14062500,31173.50390625,90937.53906250
117,bathtub,0,262249.03125000,7225320.50000000,418696.65625000,9052873.00000000
118,bathtub,0,183115.87500000,2099325.25000000,294144.34375000,2600318.50000000
119,bathtub,0,11290.63671875,48787.22265625,5982.60351562,70211.57031250
120,bathtub,0,688.64221191,424.67581177,351.84127808,407.08715820
121,bathtub,0,965.54956055,765.57165527,934.27343750,1305.55847168
122,bathtub,0,13598.98828125,30191.26367188,9874.15039062,36031.65234375
123,bathtub,0,35991.71093750,75320.92187500,36707.66015625,95009.28906250
124,bathtub,0,34881.00390625,151182.62500000,60433.16015625,215850.67187500
125,bathtub,0,300840.81250000,8672022.00000000,439364.43750000,8235710.00000000
126,bathtub,0,11857.54589844,45850.53125000,20501.76757812,58925.76953125
127,bathtub,0,8556.35449219,25379.99804688,8450.89257812,28525.71875000
128,bathtub,0,18299.75000000,48021.16406250,14538.02734375,45518.79687500
129,bathtub,0,131561.73437500,1037697.87500000,131312.15625000,1581818.00000000
130,bathtub,0,40005.71875000,190565.92187500,56583.15625000,372977.87500000
131,bathtub,0,2186.61035156,4716.59765625,4531.61376953,7094.53417969
132,bathtub,0,32134.45117188,166304.00000000,35194.44140625,277231.00000000
133,bathtub,0,12555.37207031,61142.09765625,27433.82031250,96823.07031250
134,bathtub,0,12346.71777344,42682.58203125,21132.87500000,53980.29296875
135,bathtub,0,13026.28222656,39373.71875000,11070.63183594,46379.95312500
136,bathtub,0,7314.68994141,58532.13671875,11992.83398438,124777.67187500
137,bathtub,0,7134.25097656,32370.43554688,9722.90429688,38771.32812500
138,bathtub,0,22930.98632812,48009.99218750,22649.96875000,62209.41015625
139,bathtub,0,6992.17382812,32055.20507812,7583.60644531,57530.87500000
140,bathtub,0,7654.15332031,36106.78125000,11800.70703125,59030.27734375
141,bathtub,0,6488.54345703,27793.52929688,15157.91015625,38389.62890625
142,bathtub,0,24902.47656250,90923.32031250,30472.52539062,136094.95312500
143,bathtub,0,10800.46875000,23219.20703125,11703.13769531,30239.99218750
144,bathtub,0,14504.73339844,53772.91406250,8485.77734375,63350.79296875
145,bathtub,0,9315.04980469,45859.67187500,12960.26855469,109402.53125000
146,bathtub,0,12649.01367188,43758.09375000,21070.64843750,69835.06250000
147,bed,0,66107.61718750,475685.62500000,113503.18750000,742657.75000000
148,bed,0,28325.08203125,119194.17968750,46390.65625000,259876.85937500
149,bed,0,29395.32031250,73353.15625000,46932.94531250,115875.39062500
150,bed,0,28553.18164062,199563.10937500,18568.02929688,346236.75000000
151,bed,0,22146.94140625,111615.13281250,16017.51367188,206011.09375000
152,bed,0,23152.29687500,81187.06250000,16030.68750000,153216.00000000
153,bed,0,49913.06250000,143309.96875000,47433.22656250,231998.45312500
154,bed,0,90177.28906250,544815.50000000,75235.56250000,892030.50000000
155,bed,0,61404.00390625,309469.53125000,83978.21093750,434472.28125000
156,bed,0,13914.94531250,75412.06250000,27523.97070312,137938.82812500
157,bed,0,26638.90429688,62763.97656250,19994.51171875,104595.87500000
158,bed,0,35016.96093750,103614.36718750,82250.84375000,116402.15625000
159,bed,0,26782.57812500,82722.37500000,35982.13281250,143819.03125000
160,bed,0,45954.50000000,156956.57812500,56596.37890625,157394.56250000
161,bed,0,57069.82421875,195819.12500000,75619.47656250,346675.50000000
162,bed,0,51193.12109375,176245.93750000,91036.89843750,445389.28125000
163,bed,0,29934.23046875,122675.03906250,36579.68359375,256428.21875000
164,bed,0,233822.28125000,4925135.50000000,256649.87500000,8593088.00000000
165,bed,0,23852.65625000,103480.75781250,16611.29492188,165660.85937500
166,bed,0,36335.04687500,186312.87500000,49180.89453125,385907.87500000
167,bed,0,13759.07714844,90339.80468750,16464.78125000,158483.71875000
168,bed,0,27827.92968750,51777.51562500,27941.67187500,76437.71093750
169,bed,0,59211.20703125,245739.21875000,52489.98828125,450238.62500000
170,bed,0,780924.75000000,40184168.00000000,1326235.25000000,56604160.00000000
171,bed,0,41581.59765625,130994.83593750,43910.22265625,288951.21875000
172,bed,0,75490.13281250,370016.37500000,91993.70312500,515272.65625000
173,bed,0,25187.04492188,63592.73828125,29303.56640625,103699.57812500
174,bed,0,24976.08984375,95088.42187500,15671.31054688,175748.28125000
175,bed,0,261198.21875000,7317130.50000000,522125.75000000,7860293.00000000
176,bed,0,42635.50781250,159795.90625000,43683.58593750,505422.53125000
177,bed,0,78216.97656250,467742.56250000,55385.46484375,705738.81250000
178,bed,0,45761.93750000,178953.65625000,60695.79296875,373772.25000000
179,bed,0,46613.73437500,136255.34375000,105982.25000000,246352.59375000
180,bed,0,49087.17578125,244855.64062500,40791.35937500,388607.96875000
181,bed,0,14764.84375000,59167.74218750,9701.21093750,92854.59375000
182,bed,0,62263.53906250,287829.06250000,79823.60937500,438118.00000000
183,bed,0,25971.43750000,68408.26562500,24442.75000000,150728.85937500
184,bed,0,30426.17773438,80265.91406250,44429.18750000,148443.53125000
185,bed,0,198768.78125000,2515157.50000000,365959.56250000,3403235.50000000
186,bed,0,60472.47656250,225292.23437500,77779.81250000,374297.68750000
187,bed,0,31107048.00000000,23463809024.00000000,90967048.00000000,15371837440.00000000
188,bed,0,89155.25000000,667648.12500000,59539.92187500,1096438.25000000
189,bed,0,57438.22656250,489084.78125000,69586.35937500,1080188.25000000
190,bed,0,21910.23437500,49911.87109375,38555.62109375,93605.81250000
191,bed,0,78781.60156250,686462.37500000,83086.78125000,1313166.37500000
192,bed,0,16073.15527344,40390.58203125,17879.69921875,62854.30859375
193,bed,0,47706.65625000,137213.53125000,141455.95312500,210168.09375000
194,bed,0,19358.53320312,44832.31250000,13365.90234375,70447.86718750
195,bed,0,52585.18750000,259379.18750000,58249.75000000,373772.25000000
196,bed,0,13832.70800781,36363.60937500,18550.24023438,61407.51953125
197,bed,0,38433.69921875,99733.43750000,47248.92968750,197762.29687500
198,bed,0,42292.33593750,144341.17187500,87564.57031250,394513.15625000
199,bed,0,60013.71484375,376347.25000000,102640.79687500,611056.06250000
200,bed,0,52464.51562500,386091.93750000,55037.99609375,569673.25000000
201,bed,0,37959.88281250,122044.54687500,45474.96875000,233309.96875000
202,bed,0,23594.59375000,59205.56250000,13288.68359375,95570.54687500
203,bed,0,137464.34375000,1269654.87500000,142141.03125000,2170270.00000000
204,bed,0,54268.94140625,262965.28125000,94582.75781250,340878.25000000
205,bed,0,26771.69921875,123329.25000000,30134.27734375,235452.20312500
206,bed,0,25068.03906250,85326.23437500,41500.85546875,144246.76562500
207,bed,0,39827.29296875,133599.01562500,92114.41406250,275492.56250000
208,bed,0,42485.08593750,103078.69531250,67122.29687500,151200.07812500
209,bed,0,43329.82421875,188595.76562500,69659.99218750,234993.00000000
210,bed,0,26978.66992188,83876.32031250,37377.91406250,122189.42968750
211,bed,0,42557.42968750,95787.07031250,43503.60546875,156783.18750000
212,bed,0,8916262.00000000,2065028864.00000000,47722976.00000000,5855640064.00000000
213,bed,0,41336.29687500,126994.55468750,37892.46093750,226552.43750000
214,bed,0,55572.71484375,152641.95312500,67850.01562500,228140.18750000
215,bed,0,38706.30468750,100896.66406250,75192.59375000,168559.25000000
216,bed,0,38623.52343750,206471.14062500,51657.17187500,296184.03125000
217,bed,0,47930.89062500,166855.75000000,109192.60156250,253432.03125000
218,bed,0,43709.21093750,101431.92187500,60715.76562500,220773.12500000
219,bed,0,32207.87304688,58016.45312500,47495.06250000,81779.04687500
220,bed,0,56114.01562500,366206.03125000,95345.59375000,641382.37500000
221,bed,0,41463.23437500,124926.14843750,65461.79296875,242941.12500000
222,bed,0,32440.83789062,113931.13281250,29737.77734375,220993.68750000
223,bed,0,59934.09765625,266033.59375000,123353.35937500,360245.65625000
224,bed,0,51660.27343750,136655.12500000,46765.61718750,145120.04687500
225,bed,0,25474.52539062,61772.04296875,38291.48828125,105582.95312500
226,bed,0,54430.66015625,192036.01562500,46790.42187500,476452.00000000
227,bed,0,117356.52343750,898707.93750000,201221.17187500,1494006.00000000
228,bed,0,39302.09765625,102552.34375000,40428.46484375,199281.06250000
229,bed,0,31237.93554688,116196.19531250,64578.48828125,174655.70312500
230,bed,0,42863.37109375,208079.81250000,55259.63281250,329476.43750000
231,bed,0,37725.58593750,116089.64062500,50675.26171875,216509.37500000
232,bed,0,22425.13867188,80926.46875000,13578.92578125,109212.60156250
233,bed,0,168595.57812500,2313437.25000000,162573.68750000,2394006.75000000
234,bed,0,216033.54687500,3827382.50000000,192547.65625000,4853164.00000000
235,bed,0,103108.39062500,959127.93750000,159079.73437500,1728591.00000000
236,bed,0,34846.65625000,139289.03125000,25144.30078125,270923.09375000
237,bed,0,30028.84570312,75268.50000000,27669.33203125,158820.96875000
238,bed,0,48971.72656250,176229.96875000,140158.37500000,224580.90625000
239,bed,0,40192.45703125,196174.26562500,33638.33593750,314415.53125000
240,bed,0,69757.92187500,231359.25000000,71390.34375000,323207.31250000
241,bed,0,16640.43945312,88944.03906250,37817.69531250,173594.42187500
242,bed,0,22161.73242188,65393.96484375,23867.74414062,150730.15625000
243,bed,0,26448.35937500,74817.62500000,26371.63867188,85636.34375000
244,bed,0,67982.85937500,341567.46875000,101940.37500000,548185.93750000
245,bench,0,1332308.75000000,101670552.00000000,2136749.25000000,168134560.00000000
246,bench,0,4999428.00000000,738477504.00000000,5491536.00000000,600000192.00000000
247,bench,0,1602831.50000000,164594416.00000000,2916315.25000000,321052832.00000000
248,bench,0,5.00802803,0.85596430,4.16294003,0.72345102
249,bench,0,9966.32421875,46657.71875000,8371.81445312,60791.14453125
250,bench,0,10307.64257812,40616.94140625,7709.76513672,57019.12109375
251,bench,0,5.06036615,0.87900978,10.96719551,1.20039558
252,bench,0,15397.65527344,98163.51562500,9189.98535156,167392.70312500
253,bench,0,11157.66992188,69344.35156250,9845.67480469,128278.85937500
254,bench,0,2482969.25000000,240954208.00000000,6187987.50000000,465117184.00000000
255,bench,0,13461.57031250,86773.57812500,9564.45605469,119584.94531250
256,bench,0,4753788.00000000,914336256.00000000,4859351.00000000,1258149120.00000000
257,bench,0,6052055.00000000,1191425792.00000000,7019991.50000000,1358895104.00000000
258,bench,0,7503.58349609,21496.23046875,11337.26367188,33176.52343750
259,bench,0,12867.24218750,35618.27734375,9925.39257812,49432.46875000
260,bench,0,8275.91796875,32257.85742188,8478.13281250,50867.97656250
261,bench,0,7426.47314453,30339.45312500,6894.94531250,54880.02343750
262,bench,0,4018275.75000000,595036928.00000000,9337944.00000000,1266300928.00000000
263,bench,0,953.56579590,995.69824219,503.83239746,969.62683105
264,bench,0,7485.99804688,12701.48046875,3616.52148438,30977.83984375
265,bookshelf,0,48285.41015625,106640.04687500,36262.21093750,148068.00000000
266,bookshelf,0,15068.84472656,23356.68750000,10099.14843750,28014.08984375
267,bookshelf,0,29160.99218750,35362.83593750,17192.60156250,57667.32812500
268,bookshelf,0,9893.46582031,19599.57421875,8509.81738281,23028.77734375
269,bookshelf,0,20387.19531250,27210.25000000,31419.62695312,48959.86718750
270,bookshelf,0,8327.55957031,12989.65917969,15278.94433594,18646.19921875
271,bookshelf,0,6577.23046875,11913.09082031,11789.64843750,10899.60546875
272,bookshelf,0,5701.93359375,12036.53906250,8017.20996094,10314.93945312
273,bookshelf,0,23192.65039062,54537.28125000,33644.78515625,69756.58593750
274,bookshelf,0,6585.81201172,12742.34570312,11076.55664062,15330.00292969
275,bookshelf,0,17930.94726562,50357.77343750,13427.56445312,73228.25000000
276,bookshelf,0,24232.48046875,35436.66796875,14170.00585938,54719.99218750
277,bookshelf,0,88602.42968750,421688.46875000,111809.98437500,470340.12500000
278,bookshelf,0,8876.00878906,12241.50488281,14496.72558594,11100.00292969
279,bookshelf,0,8309.98535156,13210.31152344,6284.80322266,12434.61718750
280,bookshelf,0,13500.54101562,17007.96875000,6525.64648438,15512.68750000
281,bookshelf,0,4549822.00000000,527016640.00000000,7750632.00000000,755560384.00000000
282,bookshelf,0,14486.53906250,20536.07226562,23619.13281250,32049.70312500
283,bookshelf,0,21618.60156250,29017.03906250,48223.55859375,34248.00781250
284,bookshelf,0,9214.24414062,11406.75488281,10548.42187500,14111.99804688
285,bookshelf,0,12264.90136719,22086.74218750,12539.87402344,30780.00000000
286,bookshelf,0,24607.10742188,34479.94140625,40853.06640625,50103.01953125
287,bookshelf,0,13363.42968750,18987.90625000,24234.00585938,21010.10742188
288,bookshelf,0,13733.52539062,44213.44921875,15949.02343750,63072.46093750
289,bookshelf,0,52807.01562500,180120.34375000,103757.35156250,219247.95312500
290,bookshelf,0,13888.44042969,21935.28320312,13078.59179688,31104.01171875
291,bookshelf,0,16688.48437500,54816.25781250,37741.34375000,60968.23046875
292,bookshelf,0,15507.77636719,27472.51562500,27261.34179688,64573.68359375
293,bookshelf,0,10347.79199219,14589.07226562,10317.74414062,17336.80859375
294,bookshelf,0,54700.58593750,169344.40625000,79585.46093750,160662.01562500
295,bookshelf,0,16380.65722656,28493.87890625,26042.99414062,37799.98828125
296,bookshelf,0,27590.35742188,39491.99218750,22112.85546875,64440.37109375
297,bookshelf,0,11140.41210938,18468.73632812,17704.82031250,25444.12500000
298,bookshelf,0,8153.21630859,22831.75976562,13443.50488281,25101.57812500
299,bookshelf,0,22044.90625000,58727.22265625,20815.90234375,79828.10156250
300,bookshelf,0,7029.23876953,11914.89746094,8314.22656250,12581.45605469
301,bookshelf,0,24143.59765625,34610.77343750,18142.68750000,53701.93750000
302,bookshelf,0,42812.30468750,82113.29687500,60994.80859375,117526.87500000
303,bookshelf,0,53123.17187500,209272.26562500,113972.86718750,269346.46875000
304,bookshelf,0,52825.25000000,218624.90625000,84568.36718750,315455.34375000
305,bookshelf,0,196116.65625000,2790330.50000000,498500.03125000,3746795.25000000
306,bookshelf,0,11225.91015625,79681.91406250,6422.78710938,81588.65625000
307,bookshelf,0,28093.28515625,46960.78906250,35955.30859375,65216.65234375
308,bookshelf,0,43808.57812500,103911.63281250,90304.31250000,138283.25000000
309,bookshelf,0,14507.02929688,23673.70898438,23506.43554688,33401.99609375
310,bookshelf,0,26917.63085938,37318.42968750,18336.40234375,49103.98437500
311,bookshelf,0,23901.75390625,38516.88281250,21672.25390625,59893.92968750
312,bookshelf,0,49514.94531250,168038.25000000,79766.15625000,223947.18750000
313,bookshelf,0,10903.00585938,17880.77343750,12204.58496094,27216.01171875
314,bookshelf,0,9852.69140625,21283.72460938,14317.04492188,30082.21875000
315,bookshelf,0,13293.09570312,21686.54101562,21765.63281250,22760.68750000
316,bookshelf,0,51368.74218750,240111.21875000,61848.79296875,277750.46875000
317,bookshelf,0,13345.64843750,20059.27929688,23256.13085938,31200.00390625
318,bookshelf,0,10100.98828125,15089.38085938,14176.39941406,16128.00585938
319,bookshelf,0,11243.09765625,24575.65820312,8386.52734375,38664.54296875
320,bookshelf,0,17471.62500000,29275.43750000,30527.12304688,48952.11718750
321,bookshelf,0,8098.90869141,17743.34375000,7525.66650391,18953.81835938
322,bookshelf,0,9659.75488281,17858.21093750,7506.00292969,19655.99414062
323,bookshelf,0,22968.23828125,29290.12695312,19615.91796875,55145.75781250
324,bookshelf,0,25659.40039062,40405.68359375,19281.43750000,56516.06640625
325,bookshelf,0,49461.89453125,226905.54687500,111859.37500000,356643.03125000
326,bookshelf,0,17322.19921875,38227.74218750,21934.78125000,53548.56250000
327,bookshelf,0,19337.47851562,24771.25000000,37531.54687500,41334.16796875
328,bookshelf,0,5769.13085938,13324.11718750,3856.33349609,18589.64648438
329,bookshelf,0,40388.73046875,143762.93750000,80532.82031250,310706.84375000
330,bookshelf,0,15183.09960938,22559.68164062,34388.91015625,30493.80664062
331,bookshelf,0,21820.41992188,29616.35742188,20995.24414062,55223.96484375
332,bookshelf,0,29526.64453125,40846.63671875,33861.71875000,64836.25390625
333,bookshelf,0,20660.05078125,36698.94140625,33530.87890625,50530.57812500
334,bookshelf,0,39985.73046875,120043.82812500,37105.14062500,152078.17187500
335,bookshelf,0,11759.12500000,20697.46289062,21411.99218750,25920.01757812
336,bookshelf,0,31240.73632812,156126.81250000,48761.64062500,184082.92187500
337,bookshelf,0,16288.92773438,63483.30468750,22011.45898438,118290.50781250
338,bookshelf,0,52436.80078125,312499.06250000,93835.68750000,458091.00000000
339,bookshelf,0,14560.39648438,21986.67968750,12758.81152344,26490.74414062
340,bookshelf,0,1158775.62500000,72537560.00000000,1979574.62500000,49015792.00000000
341,bookshelf,0,21760.54687500,33682.44531250,30757.66992188,52750.84375000
342,bookshelf,0,28030.36523438,41366.10937500,23548.50781250,76804.17187500
343,bookshelf,0,18251.81640625,27258.68945312,19765.45898438,47608.52734375
344,bookshelf,0,31554.42773438,44255.42187500,30777.18164062,76176.75000000
345,bookshelf,0,48192.66406250,150330.04687500,93134.75781250,326711.68750000
346,bookshelf,0,3061.35180664,6418.62890625,3152.63378906,2812.28125000
347,bookshelf,0,13280.29589844,20202.15820312,27357.03125000,27612.02148438
348,bookshelf,0,8433.91894531,14895.63378906,9607.50097656,17892.00000000
349,bookshelf,0,4083.69921875,15719.51171875,4814.72070312,17550.00000000
350,bookshelf,0,15694.89941406,21346.45898438,16961.23632812,22817.15429688
351,bookshelf,0,30274.91015625,72314.93750000,30298.59570312,112863.00000000
352,bookshelf,0,15336.83203125,20250.63476562,14766.66015625,27930.00390625
353,bookshelf,0,12806.24804688,18155.20117188,10864.62890625,25235.83203125
354,bookshelf,0,10668.67382812,17150.15429688,16925.81445312,20593.12695312
355,bookshelf,0,31345.87890625,61533.38281250,57139.85937500,125062.39843750
356,bookshelf,0,34918.94921875,53557.19531250,26367.99218750,86400.00000000
357,bookshelf,0,38358.04687500,140641.73437500,64826.54687500,319775.28125000
358,bookshelf,0,21741.04687500,235984.07812500,32246.23046875,496598.68750000
359,bookshelf,0,11799.54687500,17731.72070312,8672.63085938,20532.86132812
360,bookshelf,0,5847.29980469,16245.48730469,13111.91406250,18258.22265625
361,bookshelf,0,1250.34252930,2731.32348633,599.58453369,1863.69238281
362,bookshelf,0,10178.12304688,16036.55957031,15439.12402344,17914.09375000
363,bookshelf,0,9110.93261719,16155.17773438,12415.44238281,16574.88085938
364,bookshelf,0,29118.77929688,55665.00781250,60857.96875000,122047.92187500
365,bottle,0,117192.67187500,1245667.62500000,220031.56250000,1644661.12500000
366,bottle,0,8239.98632812,23770.67578125,20383.56054688,40254.14062500
367,bottle,0,739543.81250000,35373772.00000000,1379578.12500000,55919844.00000000
368,bottle,0,179324.56250000,2599195.25000000,400139.28125000,4588717.50000000
369,bottle,0,169586.18750000,2175859.25000000,259562.54687500,4542897.50000000
370,bottle,0,28802.42382812,118654.42968750,26679.68750000,159511.32812500
371,bottle,0,22604.69531250,93636.70312500,46675.16406250,146655.90625000
372,bottle,0,600.54180908,561.25335693,642.45263672,664.09118652
373,bottle,0,229.20431519,96.08656311,69.28049469,71.19493103
374,bottle,0,4681.32226562,15446.87109375,6324.35986328,19806.82226562
375,bottle,0,1260065.12500000,75320600.00000000,2589677.00000000,156201472.00000000
376,bottle,0,270.06051636,126.71614075,185.75460815,98.43403625
377,bottle,0,22531.83593750,115903.78906250,11559.16015625,169522.15625000
378,bottle,0,282.81890869,137.98330688,199.47627258,113.61968994
379,bottle,0,232.32150269,94.94160461,76.39703369,45.77836609
380,bottle,0,562539.37500000,26380326.00000000,1374156.37500000,35165028.00000000
381,bottle,0,5900.37988281,21773.91601562,8796.86132812,35894.53125000
382,bottle,0,361.99017334,184.42446899,207.85913086,136.85432434
383,bottle,0,91.96696472,34.62911224,49.23429871,12.30234337
384,bottle,0,339.43283081,164.87344360,234.84005737,105.74543762
385,bottle,0,413.54858398,236.99678040,346.64871216,161.08818054
386,bottle,0,332.06311035,154.89524841,221.02301025,89.02593231
387,bottle,0,236015.35937500,5122937.50000000,466183.90625000,11887028.00000000
388,bottle,0,353.00680542,189.42965698,357.87313843,137.10578918
389,bottle,0,60433.67968750,564979.75000000,48842.48437500,794067.25000000
390,bottle,0,279.01025391,133.57966614,185.31848145,107.56979370
391,bottle,0,258.71420288,118.51159668,157.75434875,86.98141479
392,bottle,0,47818.34375000,240110.53125000,60909.35937500,304375.71875000
393,bottle,0,334.20892334,176.51518250,125.97361755,144.03843689
394,bottle,0,8.98241997,2.26261640,11.27789593,1.84802043
395,bottle,0,5643.06054688,22494.56250000,9507.88281250,31301.12890625
396,bottle,0,43764.94140625,223069.20312500,41005.45312500,519566.65625000
397,bottle,0,57204.03515625,853622.62500000,107050.68750000,663238.87500000
398,bottle,0,23.28072739,8.23617935,19.53874588,6.14452791
399,bottle,0,16428.64257812,59688.36328125,18017.70703125,95815.57812500
400,bottle,0,1169.28039551,1950.43847656,2240.50952148,1498.27294922
401,bottle,0,295.36386108,144.98590088,196.20901489,122.78908539
402,bottle,0,188.18734741,72.57726288,166.11215210,31.77015495
403,bottle,0,7168.97851562,17677.45117188,6113.49316406,20356.61328125
404,bottle,0,1291.63220215,1746.46411133,1147.57141113,1098.29174805
405,bottle,0,318558.96875000,9459593.00000000,1116628.25000000,14990600.00000000
406,bottle,0,2440.04931641,8298.99121094,4613.17187500,6318.87304688
407,bottle,0,97101.78125000,974904.93750000,214985.96875000,1552931.00000000
408,bottle,0,1339726.62500000,87612400.00000000,3298050.75000000,167217648.00000000
409,bottle,0,184.65618896,71.34518433,76.99075317,32.11040115
410,bottle,0,315.54724121,143.31944275,82.27760315,77.14807129
411,bottle,0,548842.43750000,22951296.00000000,597583.25000000,55956652.00000000
412,bottle,0,661.68371582,572.42016602,961.36822510,383.66949463
413,bottle,0,43.97494888,16.44001961,21.24208832,6.52531290
414,bottle,0,42926.98437500,308490.37500000,62458.07812500,631237.00000000
415,bottle,0,99340.82031250,955450.62500000,68330.35156250,1275200.50000000
416,bottle,0,86.23989868,33.99737549,65.33283234,18.45962524
417,bottle,0,310.45736694,146.48982239,203.37992859,103.31832886
418,bottle,0,347.39080811,172.16806030,229.04113770,113.05149078
419,bottle,0,235.33898926,98.79556274,55.94876099,40.36720276
420,bottle,0,457.35153198,257.62704468,459.87252808,179.26043701
421,bottle,0,271.19384766,133.93397522,371.93524170,116.20506287
422,bottle,0,454.21051025,292.70788574,500.42233276,263.74276733
423,bottle,0,1095433.87500000,59790240.00000000,1852114.37500000,96188160.00000000
424,bottle,0,66772.92187500,732062.12500000,75235.06250000,1302944.75000000
425,bottle,0,197.66212463,77.92958069,108.04135132,40.33074951
426,bottle,0,355.55880737,179.33230591,110.44412994,120.94158936
427,bottle,0,330.05883789,159.25518799,181.51936340,129.87220764
428,bottle,0,138418.09375000,1921806.50000000,199924.84375000,4019835.75000000
429,bottle,0,345.34637451,171.89527893,351.17681885,114.26219940
430,bottle,0,197.34683228,77.20227051,90.65679932,36.03184509
431,bottle,0,434.42251587,238.92861938,187.56167603,127.99998474
432,bottle,0,3996.98876953,13040.98828125,5338.52246094,17000.25000000
433,bottle,0,275.42926025,123.22612762,416.79696655,84.82325745
434,bottle,0,8090.60888672,25338.92968750,14349.46972656,46645.17187500
435,bottle,0,691.20867920,610.36938477,1272.82238770,550.03698730
436,bottle,0,271.37585449,134.74407959,287.98318481,104.79616547
437,bottle,0,203.71173096,83.91075897,108.67612457,29.01130486
438,bottle,0,7119.73144531,14824.31738281,5109.67773438,21169.78906250
439,bottle,0,42452.27734375,186505.23437500,50725.78906250,206363.26562500
440,bottle,0,404649.50000000,15375361.00000000,674880.68750000,30210656.00000000
441,bottle,0,296.25051880,134.91053772,171.56384277,91.92024994
442,bottle,0,7676.06396484,31238.41210938,10380.15527344,43536.10546875
443,bottle,0,228631.32812500,4140345.25000000,215764.03125000,9504264.00000000
444,bottle,0,8332.82714844,21116.11328125,22387.48632812,43858.70312500
445,bottle,0,501.53414917,337.94055176,403.58081055,350.28424072
446,bottle,0,281.03015137,138.90008545,204.25177002,100.39219666
447,bottle,0,20449.97851562,59386.52343750,14100.30761719,72224.92968750
448,bottle,0,319.06195068,149.61968994,212.49209595,103.13836670
449,bottle,0,371.26684570,228.32563782,319.51113892,198.99267578
450,bottle,0,751918.12500000,36154524.00000000,2596475.00000000,41465444.00000000
451,bottle,0,400.27578735,240.41349792,563.19964600,221.61039734
452,bottle,0,1355630.12500000,80643072.00000000,2767475.50000000,135621696.00000000
453,bottle,0,609902.68750000,26381030.00000000,1160565.00000000,63513588.00000000
454,bottle,0,128.32270813,47.40494537,56.45362854,23.74942398
455,bottle,0,112.35641479,41.62140274,120.15653229,13.22316456
456,bottle,0,50040.79687500,389098.59375000,54212.81250000,514376.62500000
457,bottle,0,327.05615234,159.82717896,208.32354736,116.85830688
458,bottle,0,274.81781006,141.91018677,195.19396973,140.92617798
459,bottle,0,2775.93725586,11638.93164062,3537.82421875,9066.59179688
460,bottle,0,244.65420532,102.70353699,154.14669800,60.10348129
461,bottle,0,21883.48437500,77416.53125000,37685.88281250,116056.87500000
462,bottle,0,534.97839355,329.76000977,220.38162231,174.92424011
463,bottle,0,25307.09960938,113793.00781250,17373.50585938,220587.71875000
464,bottle,0,73.23931885,27.67688751,87.29452515,14.59064007
465,bowl,0,515.64080811,268.04525757,238.81365967,276.39382935
466,bowl,0,59817.15234375,889774.75000000,60268.77734375,1446134.37500000
467,bowl,0,213099.23437500,4496686.00000000,256455.60937500,8168954.50000000
468,bowl,0,277596.34375000,7346511.50000000,315828.31250000,16832218.00000000
469,bowl,0,223469.29687500,5854005.50000000,250485.42187500,9706907.00000000
470,bowl,0,130277.35156250,1296043.12500000,82886.94531250,2709504.75000000
471,bowl,0,3.55483627,0.09491453,0.23516376,0.00937923
472,bowl,0,3.76101565,0.23396991,1.98900676,0.28729787
473,bowl,0,633925.18750000,31045936.00000000,1344518.75000000,34369504.00000000
474,bowl,0,169096.53125000,1821978.12500000,286212.18750000,4040675.25000000
475,bowl,0,102931.53906250,677599.00000000,60340.78515625,1229520.62500000
476,bowl,0,907.47045898,756.06848145,487.39147949,866.74780273
477,bowl,0,3.55332041,0.09222382,0.23169842,0.00677582
478,bowl,0,4534.50634766,25488.30468750,3275.97802734,44199.07031250
479,bowl,0,18056.08398438,58152.11718750,12098.73632812,108696.79687500
480,bowl,0,285846.12500000,9085064.00000000,454051.68750000,21889296.00000000
481,bowl,0,3.55927777,0.09306265,0.11494564,0.00373678
482,bowl,0,276.20474243,117.77645111,111.88987732,74.94830322
483,bowl,0,614023.56250000,29803330.00000000,1409358.12500000,31110608.00000000
484,bowl,0,89273.00000000,744618.00000000,74425.15625000,1121391.00000000
485,car,0,150.49311829,59.45493317,177.13145447,31.21432304
486,car,0,193592.75000000,3145011.75000000,230247.68750000,3822910.00000000
487,car,0,129.14646912,51.51263809,80.90636444,17.91226768
488,car,0,222.32295227,87.71620941,168.43060303,30.20649147
489,car,0,5.09227800,0.89578533,6.47029781,1.15970337
490,car,0,675.99572754,446.82757568,693.66278076,537.49273682
491,car,0,41611936.00000000,37928214528.00000000,83410160.00000000,29660469248.00000000
492,car,0,455213.25000000,17912574.00000000,988223.50000000,20039410.00000000
493,car,0,71019.50781250,480951.93750000,78351.06250000,858009.50000000
494,car,0,17174520.00000000,7289616384.00000000,67263224.00000000,11400046592.00000000
495,car,0,180302.87500000,2003205.37500000,316459.34375000,3520161.00000000
496,car,0,4.07052612,0.35622829,3.57456493,0.30070081
497,car,0,24175002.00000000,13350037504.00000000,47287512.00000000,11164505088.00000000
498,car,0,175.65936279,71.85719299,130.46426392,23.82291412
499,car,0,19170710.00000000,8443789824.00000000,96646448.00000000,18850752512.00000000
500,car,0,127.02942657,50.51913071,132.93640137,16.40906143
501,car,0,148.37718201,59.30340576,46.54146576,21.18128395
502,car,0,98566.04687500,914171.68750000,111320.77343750,1266713.50000000
503,car,0,723857.75000000,40151912.00000000,1630835.37500000,47664392.00000000
504,car,0,20982584.00000000,10449584128.00000000,75837104.00000000,13159569408.00000000
505,car,0,85.23080444,35.09515762,69.44120789,16.66344261
506,car,0,138.11080933,52.08438492,122.30053711,29.08409119
507,car,0,55500020.00000000,65326784512.00000000,204134336.00000000,28772542464.00000000
508,car,0,2551.08398438,4060.26538086,7637.03808594,5326.67578125
509,car,0,86495.55468750,649523.00000000,111983.39843750,1162460.37500000
510,car,0,1533484.00000000,114260048.00000000,4122119.50000000,304254400.00000000
511,car,0,4947.07519531,9759.51074219,8132.51855469,13744.41406250
512,car,0,15.57013416,5.26653290,32.99151993,8.40075874
513,car,0,40035064.00000000,33711089664.00000000,99338464.00000000,24135602176.00000000
514,car,0,21514654.00000000,10538573824.00000000,69046920.00000000,21629771776.00000000
515,car,0,58207.10156250,299930.96875000,99760.07031250,946048.18750000
516,car,0,124.28339386,49.40266037,95.30682373,16.37363434
517,car,0,16.67350197,5.75771999,37.70335388,3.94276643
518,car,0,64.61191559,26.56672287,66.76875305,11.83808136
519,car,0,515.21380615,291.55349731,222.76510620,296.85949707
520,car,0,115505.33593750,980271.25000000,228480.50000000,1703769.62500000
521,car,0,119.50202179,48.67398453,134.43452454,18.40038490
522,car,0,3.58659554,0.09835532,0.05996828,0.00025466
523,car,0,21770132.00000000,11216435200.00000000,115322592.00000000,15905534976.00000000
524,car,0,93924.32812500,662684.37500000,105189.78125000,1127257.25000000
525,car,0,116.35852051,47.12738037,59.71406555,17.45474243
526,car,0,4.52574110,0.65769219,8.31039047,1.19463241
527,car,0,52250.20312500,851152.25000000,52353.70312500,851500.50000000
528,car,0,110062.56250000,871509.62500000,239559.98437500,1579029.62500000
529,car,0,322108.15625000,11506984.00000000,608532.12500000,12029604.00000000
530,car,0,40117464.00000000,37979103232.00000000,92126096.00000000,27734323200.00000000
531,car,0,52011.16406250,336572.25000000,69907.63281250,1063736.62500000
532,car,0,61635.63671875,391089.65625000,55637.09375000,540420.50000000
533,car,0,97975.14062500,752948.56250000,234600.46875000,1607302.75000000
534,car,0,117857.20312500,1091764.87500000,265069.96875000,1723261.37500000
535,car,0,653.70092773,389.29754639,129.46142578,550.09533691
536,car,0,111249.34375000,906740.12500000,178921.23437500,1448131.37500000
537,car,0,85950.45312500,556338.25000000,153125.71875000,1071045.37500000
538,car,0,724135.31250000,38336248.00000000,1288951.87500000,42995040.00000000
539,car,0,35890552.00000000,29127921664.00000000,67105348.00000000,26706554880.00000000
540,car,0,455.54129028,226.62879944,246.98626709,179.39303589
541,car,0,74.07511139,26.87467957,117.23160553,12.87930298
542,car,0,8838931.00000000,2080796416.00000000,17831036.00000000,2799825408.00000000
543,car,0,45354680.00000000,42111262720.00000000,77448584.00000000,26783533056.00000000
544,car,0,716.10754395,493.55722046,1258.29528809,542.78704834
545,car,0,149.03205872,55.98453522,64.93570709,29.12698364
546,car,0,28784.43750000,46723.66406250,40850.84375000,93579.82812500
547,car,0,79388.59375000,602827.00000000,88640.79687500,1079115.37500000
548,car,0,101055.65625000,733065.37500000,95633.90625000,1076541.50000000
549,car,0,82.10675049,33.45009232,52.27901459,13.51827717
550,car,0,510208.25000000,24353598.00000000,1219779.12500000,35133920.00000000
551,car,0,265.02999878,105.83816528,213.29466248,59.97428131
552,car,0,219.49856567,90.78323364,153.04045105,31.28441429
553,car,0,15.01460171,5.03817272,34.14065170,8.40074921
554,car,0,81163.06250000,421531.25000000,82507.75000000,884389.25000000
555,car,0,56.15031052,23.16626167,74.37886810,11.17553711
556,car,0,578339.25000000,25773994.00000000,1976098.37500000,22745340.00000000
557,car,0,76436.61718750,686958.12500000,61527.45703125,725672.81250000
558,car,0,173.95458984,71.69267273,71.79663086,35.67924118
559,car,0,3956.52001953,7796.11230469,4180.21826172,11683.02929688
560,car,0,419.04721069,189.55000305,178.26252747,143.17520142
561,car,0,372275.31250000,14623917.00000000,1156276.37500000,16895584.00000000
562,car,0,3649.80346680,7468.36865234,6927.62890625,9527.69140625
563,car,0,39566.82421875,144633.98437500,63389.77343750,270569.87500000
564,car,0,71.08712006,26.84988785,102.93983459,19.09339142
565,car,0,278188.12500000,8224298.00000000,280012.21875000,10388617.00000000
566,car,0,397951.06250000,18723942.00000000,969323.93750000,22039736.00000000
567,car,0,2186536.50000000,212917328.00000000,3658172.25000000,330606624.00000000
568,car,0,2828677.00000000,298607584.00000000,9048695.00000000,561387392.00000000
569,car,0,73248.36718750,531541.00000000,48798.62500000,982719.93750000
570,car,0,84007.84375000,634643.81250000,154357.76562500,930514.50000000
571,car,0,137974.87500000,1418746.62500000,314440.71875000,1926496.75000000
572,car,0,2813.00439453,4411.72705078,5143.22265625,5852.75732422
573,car,0,19779178.00000000,8616111104.00000000,61591428.00000000,16179262464.00000000
574,car,0,166.77606201,67.33985138,130.98950195,24.71793365
575,car,0,32668562.00000000,23511834624.00000000,152391696.00000000,14978334720.00000000
576,car,0,509518.28125000,21961182.00000000,1059432.87500000,30061956.00000000
577,car,0,53405.45312500,504407.93750000,68247.38281250,1164432.00000000
578,car,0,314816.40625000,9367575.00000000,1130227.25000000,14014092.00000000
579,car,0,57.72236633,22.18861580,64.88137054,13.36825085
580,chair,0,2508.03710938,22968.69921875,2008.39208984,17222.35546875
581,chair,0,2647.94946289,16354.97753906,1505.12597656,16347.35156250
582,chair,0,7459.58349609,29420.11328125,8485.72851562,36687.14843750
583,chair,0,2962.03515625,19858.00585938,2821.52148438,37595.70703125
584,chair,0,25721644.00000000,11317675008.00000000,25619898.00000000,12352136192.00000000
585,chair,0,4187.13427734,14430.73242188,3584.23706055,17215.04882812
586,chair,0,6549.14160156,24950.64062500,13037.59277344,28122.69140625
587,chair,0,3919.48486328,11802.06835938,2786.68481445,12888.68750000
588,chair,0,3411.79003906,25637.28710938,9295.76367188,17944.32617188
589,chair,0,1151301.75000000,78136312.00000000,2789207.75000000,295800448.00000000
590,chair,0,2514.46997070,22564.99609375,2220.21923828,16760.56640625
591,chair,0,3230.77172852,18204.25195312,2697.61157227,17676.13671875
592,chair,0,2422.45898438,12243.89843750,1765.66369629,15190.50097656
593,chair,0,17271.88476562,51988.79687500,14092.20117188,101668.52343750
594,chair,0,3054.63330078,27723.03125000,3853.01684570,20073.84375000
595,chair,0,2208.95288086,12788.68457031,2029.90771484,15587.68652344
596,chair,0,5148.02246094,15838.65429688,6679.51660156,21907.28906250
597,chair,0,105505.35156250,2411826.25000000,70746.46875000,4207648.50000000
598,chair,0,3207.79077148,17629.01367188,2082.71704102,15732.00585938
599,chair,0,1708002.75000000,149466976.00000000,1820793.50000000,508597152.00000000
600,chair,0,3565.13061523,25125.19531250,6857.22070312,17709.26171875
601,chair,0,132191.82812500,3367473.50000000,251068.96875000,7660203.00000000
602,chair,0,9874.26367188,26285.33593750,10891.49023438,33806.31250000
603,chair,0,659880.50000000,32215558.00000000,773713.37500000,109437088.00000000
604,chair,0,19325.78906250,59876.51171875,17882.42968750,121930.77343750
605,chair,0,6008.87646484,32802.75390625,9091.07226562,46867.86328125
606,chair,0,2404.46752930,10700.18261719,2410.13574219,11668.79882812
607,chair,0,3179.12670898,17299.67968750,3644.61230469,12300.04492188
608,chair,0,3166.88867188,14579.66992188,4890.70654297,14431.14453125
609,chair,0,456347.28125000,22354170.00000000,388727.31250000,69880008.00000000
610,chair,0,2511.88647461,16499.52148438,1615.98107910,15087.43847656
611,chair,0,4544.45703125,27755.78320312,5898.41015625,35682.71093750
612,chair,0,1426.88745117,3847.05615234,1931.29272461,2725.30566406
613,chair,0,2892.20312500,12944.95019531,3071.64624023,13846.89746094
614,chair,0,2434.67773438,10690.07421875,1741.76342773,13142.47558594
615,chair,0,2800.21899414,26902.97656250,3697.36743164,15765.78613281
616,chair,0,2489.76196289,14697.37695312,2396.52270508,10505.25000000
617,chair,0,1847.14440918,9762.62011719,1073.64831543,14726.22558594
618,chair,0,6414.45507812,44493.17578125,10316.63183594,43707.46093750
619,chair,0,3549.65258789,17472.35937500,4751.78466797,26446.16406250
620,chair,0,2863.56079102,16333.31054688,4104.44433594,15947.44140625
621,chair,0,4654.54003906,31380.51562500,3620.78808594,40434.21093750
622,chair,0,4189.08789062,41452.79687500,3456.25952148,32604.23437500
623,chair,0,5566.17675781,30453.90234375,5947.89550781,27888.61328125
624,chair,0,12614.17285156,44928.53125000,10037.72851562,53471.40234375
625,chair,0,6075.20312500,32771.04687500,8278.35742188,43701.75000000
626,chair,0,2743.55615234,18022.24414062,3279.26440430,19616.60937500
627,chair,0,3107.74414062,16137.85253906,5715.99414062,20661.39062500
628,chair,0,2624.45288086,10033.71777344,2324.33715820,15997.04101562
629,chair,0,2549.54003906,13875.13476562,3380.52954102,19039.60546875
630,chair,0,2340.96728516,17219.99023438,3853.24096680,12873.78515625
631,chair,0,8184.68603516,46612.26562500,5039.41992188,76897.17968750
632,chair,0,3839.62841797,24874.91796875,5596.59667969,36999.62500000
633,chair,0,2657.87719727,8535.41503906,3398.24804688,8216.60644531
634,chair,0,3591.28051758,18088.33203125,4059.96728516,15923.26171875
635,chair,0,4118.73681641,34286.80078125,3322.63476562,40710.48046875
636,chair,0,8012.38623047,48142.82031250,14600.68164062,62541.10546875
637,chair,0,4884.29150391,34786.92187500,3874.87792969,27177.39062500
638,chair,0,3265.27001953,27139.26367188,4894.16455078,26401.33398438
639,chair,0,4644.36181641,35118.49609375,3561.67700195,41431.13671875
640,chair,0,2925.34692383,10645.87500000,2053.98461914,17429.11914062
641,chair,0,4350.62451172,30888.95312500,3040.54711914,28817.48046875
642,chair,0,3318.39648438,17654.08398438,3398.79931641,17182.96289062
643,chair,0,3350.97119141,19636.02148438,2643.81469727,21829.93164062
644,chair,0,3967.57128906,13625.96679688,4185.53320312,15364.07812500
645,chair,0,2483.84008789,20148.74414062,1762.76562500,16495.99804688
646,chair,0,3047.29858398,21501.50000000,2496.11718750,25761.03515625
647,chair,0,4663.18798828,21364.81054688,4078.22583008,18072.33007812
648,chair,0,676.93347168,456.64111328,125.37177277,257.10134888
649,chair,0,5325.45654297,25250.37304688,6319.49365234,39155.07031250
650,chair,0,2709.77856445,19150.73242188,3168.94360352,17082.40820312
651,chair,0,3023.77539062,14788.30859375,2490.51977539,21559.52929688
652,chair,0,3353.15527344,21593.09179688,2404.08666992,23369.32226562
653,chair,0,4929.38769531,25601.78515625,4940.87841797,42130.38281250
654,chair,0,2665.85253906,23014.52734375,1172.13085938,23004.78320312
655,chair,0,5754.32519531,29299.96093750,3384.88256836,34419.06250000
656,chair,0,2150.34228516,11701.34082031,3700.91015625,19511.04101562
657,chair,0,2696.43310547,23133.05078125,4138.53466797,18131.99609375
658,chair,0,7059.69628906,39535.02734375,10048.56250000,59715.46875000
659,chair,0,2379.38330078,18239.53125000,4431.11523438,18909.45703125
660,chair,0,4235.04394531,21279.88867188,4734.10888672,23159.05468750
661,chair,0,4170.35693359,21732.60937500,2669.27416992,23047.75976562
662,chair,0,1477.48303223,4309.87646484,926.14892578,3449.87573242
663,chair,0,322999.62500000,9520466.00000000,547034.43750000,24538896.00000000
664,chair,0,4583.80078125,22001.76171875,2893.00610352,27889.57031250
665,chair,0,5555.04394531,12406.80175781,3886.19775391,17809.42968750
666,chair,0,3656.91284180,15401.45996094,3647.33569336,16245.68847656
667,chair,0,2150.47753906,14977.04589844,2730.70458984,12601.03027344
668,chair,0,3869.61059570,20330.50000000,3261.36621094,18977.62304688
669,chair,0,2950.24121094,20908.91992188,3277.34423828,15685.50097656
670,chair,0,5826.23339844,21231.31835938,4082.98657227,29846.28710938
671,chair,0,3981.66406250,24064.37890625,7248.91699219,35353.01953125
672,chair,0,2334.27099609,10942.62500000,2005.65551758,16698.24414062
673,chair,0,6597.56933594,17231.95117188,9283.47460938,25579.74609375
674,chair,0,6234.01367188,43709.04687500,10509.43847656,73436.51562500
675,chair,0,3425.27148438,20947.10156250,6753.82421875,19773.16992188
676,chair,0,2523.94335938,14573.21875000,1869.83410645,10305.69628906
677,chair,0,2495.41699219,20463.20703125,2034.56335449,16677.37890625
678,chair,0,3009.21142578,15488.41308594,4248.53417969,17338.59570312
679,cone,0,1051.78283691,1159.71752930,962.19091797,2048.00122070
680,cone,0,924885.06250000,51003952.00000000,1608006.50000000,144957920.00000000
681,cone,0,63526.54687500,980381.56250000,132418.45312500,1814546.00000000
682,cone,0,4142.80419922,24243.39062500,5082.83447266,46800.01562500
683,cone,0,186220.34375000,4315003.50000000,201735.73437500,17466086.00000000
684,cone,0,7.47992039,1.72028136,15.31146431,2.78421402
685,cone,0,316093.18750000,10072662.00000000,394966.03125000,23081812.00000000
686,cone,0,39886.70703125,345631.68750000,51191.21875000,781945.75000000
687,cone,0,2007.98107910,16188.75488281,2907.56103516,16778.87890625
688,cone,0,28388.47265625,323068.62500000,29613.05273438,753497.37500000
689,cone,0,1154.17675781,3559.24511719,877.36633301,3016.78271484
690,cone,0,25989.89648438,304707.96875000,12057.49707031,552461.75000000
691,cone,0,213814.37500000,5971361.00000000,121777.84375000,18943968.00000000
692,cone,0,117612.31250000,3269983.00000000,60492.72656250,4906402.00000000
693,cone,0,206753.10937500,4677138.00000000,145327.93750000,6415463.50000000
694,cone,0,1259.28112793,3500.28662109,1210.90393066,3491.99902344
695,cone,0,3261.61523438,13862.91210938,1818.28686523,9959.98632812
696,cone,0,96501.80468750,1915265.50000000,107662.12500000,5121535.50000000
697,cone,0,146381.18750000,3499178.00000000,140878.79687500,6865343.50000000
698,cup,0,1829.41088867,3051.71484375,1262.74011230,3264.31079102
699,cup,0,30630.97460938,101978.87500000,25428.69726562,193416.53125000
700,cup,0,31391.98046875,261587.84375000,37618.73437500,482320.28125000
701,cup,0,359.08914185,155.85595703,129.38542175,105.62502289
702,cup,0,495903.00000000,19566948.00000000,772303.87500000,34818844.00000000
703,cup,0,3736.59716797,17727.52734375,3406.04052734,16985.58203125
704,cup,0,3.51227140,0.07986353,0.49333155,0.00614713
705,cup,0,574.68041992,340.74716187,115.01940918,224.32513428
706,cup,0,4224000.00000000,408671648.00000000,6705042.00000000,916634176.00000000
707,cup,0,188251.28125000,3253754.00000000,262160.25000000,6234903.00000000
708,cup,0,10151082.00000000,1689747072.00000000,33592936.00000000,5745942528.00000000
709,cup,0,915.88146973,783.90759277,462.61337280,618.83679199
710,cup,0,2381.76123047,5259.31152344,2381.45458984,6911.96630859
711,cup,0,3.56475520,0.13264605,1.08781946,0.11136067
712,cup,0,3.52919745,0.08271273,0.06584653,0.00159964
713,cup,0,26554.76562500,63609.66406250,16067.05566406,153543.50000000
714,cup,0,8268.09863281,26918.58203125,8427.19628906,33823.82421875
715,cup,0,1129.18762207,1191.00170898,785.93164062,1378.66186523
716,curtain,0,40370.86328125,108309.07031250,68297.84375000,107695.09375000
717,curtain,0,44918.42187500,205001.75000000,59181.62500000,304531.62500000
718,curtain,0,30452.53710938,52147.10546875,22508.89843750,48837.59375000
719,curtain,0,4394854.50000000,672410624.00000000,7918422.50000000,356182656.00000000
720,curtain,0,681778.62500000,36074688.00000000,881258.12500000,15286730.00000000
721,curtain,0,163187.73437500,5008609.50000000,140233.37500000,3815843.75000000
722,curtain,0,3999.60888672,5738.83496094,6779.99023438,2927.41552734
723,curtain,0,36552.02734375,248741.93750000,27809.54492188,251567.25000000
724,curtain,0,3521.82983398,5791.81347656,9205.65332031,6465.41308594
725,curtain,0,37805.46875000,108419.44531250,91132.01562500,95240.89843750
726,curtain,0,3438.81933594,7708.70605469,3406.39135742,7176.70214844
727,curtain,0,31606.20117188,142129.92187500,53670.03906250,1095187.37500000
728,curtain,0,6349.66796875,9329.15039062,8063.16064453,26810.74218750
729,curtain,0,6727.72705078,10904.33691406,11805.57031250,23868.90625000
730,curtain,0,11190.91113281,16496.23437500,19294.50000000,82653.45312500
731,curtain,0,41261.65625000,252207.20312500,39396.40625000,307385.25000000
732,curtain,0,9436.35058594,11820.13769531,33834.85937500,19573.02929688
733,curtain,0,3432.69677734,5264.03906250,2946.58349609,3500.57714844
734,curtain,0,6081.42968750,9627.89257812,8063.16845703,26810.94531250
735,curtain,0,38848.83593750,106607.50781250,68297.90625000,107695.70312500
736,desk,0,11308.81835938,71558.16406250,8970.69140625,70185.26562500
737,desk,0,8170.76367188,44427.15625000,6386.33007812,60285.50781250
738,desk,0,15267.78613281,36510.32421875,14141.55859375,59787.60937500
739,desk,0,12816.64648438,81569.98437500,10728.82714844,69216.63281250
740,desk,0,26995.58007812,77895.02343750,19179.02539062,148256.62500000
741,desk,0,14224.16699219,39634.88281250,18617.48437500,68235.79687500
742,desk,0,306132.28125000,9533513.00000000,804603.68750000,25915076.00000000
743,desk,0,39006.32031250,127342.25781250,38617.33593750,227636.18750000
744,desk,0,17115.21875000,54595.77343750,30159.63671875,144529.60937500
745,desk,0,34569.10546875,242142.87500000,53392.41796875,297315.46875000
746,desk,0,12317.38378906,93673.76562500,9755.15527344,202462.15625000
747,desk,0,21721.75195312,56800.88281250,12158.98242188,51156.03125000
748,desk,0,12037.99804688,27528.14453125,30297.55468750,41985.94140625
749,desk,0,9115.17382812,27207.31640625,9027.50292969,41161.86718750
750,desk,0,16679.33593750,46154.51953125,14786.64453125,65644.46875000
751,desk,0,161366.98437500,1939700.25000000,185012.01562500,3121278.00000000
752,desk,0,608629.06250000,28012754.00000000,1601551.00000000,39459584.00000000
753,desk,0,11118.99023438,36764.80078125,15200.45703125,55848.99218750
754,desk,0,19419.36914062,72881.00781250,20514.40234375,124808.73437500
755,desk,0,23886.09765625,62436.10156250,23225.98437500,131984.23437500
756,desk,0,375232.68750000,14985226.00000000,766927.56250000,15747845.00000000
757,desk,0,12314.29492188,70885.52343750,28564.53906250,155000.64062500
758,desk,0,12517.92285156,26829.69531250,9446.32812500,38980.84375000
759,desk,0,9897.99609375,49622.20703125,6802.51269531,50644.77343750
760,desk,0,15224.33886719,39767.82031250,16208.35937500,113240.35156250
761,desk,0,37553.31640625,184909.89062500,81092.10937500,378732.56250000
762,desk,0,14997.75781250,33500.70312500,12071.23632812,40470.24218750
763,desk,0,48096.42578125,259485.81250000,51629.00000000,667765.31250000
764,desk,0,19868.42382812,60243.03515625,24586.95703125,87913.91406250
765,desk,0,26725.83203125,110119.25781250,45985.80468750,180112.79687500
766,desk,0,15503.07324219,81071.00000000,19403.87500000,204097.39062500
767,desk,0,13381.92285156,36101.16796875,8793.97558594,51738.32421875
768,desk,0,7523.19042969,42440.82031250,6779.57666016,37831.03906250
769,desk,0,3067.01684570,13959.11523438,2591.01513672,12892.87988281
770,desk,0,19814.77734375,51783.24609375,28498.79882812,80555.01562500
771,desk,0,10148.74121094,38913.42968750,6885.08105469,50516.60546875
772,desk,0,24102.71484375,57338.94531250,15700.99218750,90720.03125000
773,desk,0,21698.27148438,62176.72656250,19971.07031250,97870.54687500
774,desk,0,503810.37500000,21448648.00000000,1588958.87500000,44443184.00000000
775,desk,0,82400.01562500,808143.50000000,75603.75781250,1062218.00000000
776,desk,0,23241.16406250,41178.31640625,23788.36523438,52936.90625000
777,desk,0,4105.36083984,27264.12500000,7279.97900391,23855.34179688
778,desk,0,45440.67968750,288884.53125000,65957.98437500,483470.65625000
779,desk,0,26535.01953125,91995.63281250,23406.63867188,225575.17187500
780,desk,0,10705.12304688,24016.32421875,5689.12890625,29574.47070312
781,desk,0,28616.18359375,94748.78125000,21939.11132812,220509.89062500
782,desk,0,37227.99609375,142204.89062500,53178.92968750,345744.43750000
783,desk,0,13059.40917969,48493.49218750,21654.11523438,63297.94921875
784,desk,0,9576.15820312,61000.91406250,11129.84472656,107062.32812500
785,desk,0,11186.24804688,24162.64843750,7520.90185547,24991.07812500
786,desk,0,4518.88427734,16346.55664062,4001.49023438,23651.18750000
787,desk,0,17086.88867188,45073.67968750,27798.51367188,89253.92968750
788,desk,0,31863.39648438,125297.22656250,36415.04296875,313358.56250000
789,desk,0,25253.38281250,59319.95312500,58939.14453125,111629.71875000
790,desk,0,24805.38671875,91537.31250000,40634.41406250,180189.93750000
791,desk,0,27167.51562500,91144.70312500,34839.91015625,273868.93750000
792,desk,0,22041.45703125,83766.32031250,37402.51562500,141453.25000000
793,desk,0,7244.43798828,32409.97656250,20875.94335938,32119.99023438
794,desk,0,6346.48876953,21967.87890625,17502.71289062,31939.39648438
795,desk,0,7972.50976562,18406.08398438,9000.91113281,24864.36328125
796,desk,0,14872.60839844,64989.22656250,16320.75976562,97672.21875000
797,desk,0,21437.30859375,45893.09765625,11488.87207031,62617.50000000
798,desk,0,35781.02343750,165495.53125000,60183.19921875,426341.12500000
799,desk,0,20983.13281250,40400.48046875,42303.02343750,68635.02343750
800,desk,0,4936.56347656,16310.66015625,5727.95751953,16832.57421875
801,desk,0,29033.73046875,45186.01171875,38800.21875000,74143.96875000
802,desk,0,15372.03613281,89762.09375000,18521.17773438,144808.57812500
803,desk,0,9574.24023438,58842.15234375,15372.56445312,68474.45312500
804,desk,0,13838.07812500,27292.61132812,14789.52148438,32921.78906250
805,desk,0,17031.71679688,72466.96093750,21664.13281250,106269.38281250
806,desk,0,21054.01562500,68694.35156250,44278.34765625,159840.56250000
807,desk,0,13135.00683594,39175.50000000,10402.21679688,50244.32031250
808,desk,0,247582.75000000,5812610.50000000,1027933.87500000,9362859.00000000
809,desk,0,316112.75000000,9711352.00000000,885971.18750000,24531640.00000000
810,desk,0,19504.38085938,101703.92187500,13358.37011719,131917.67187500
811,desk,0,17289.56835938,30478.33789062,18308.40820312,42752.85546875
812,desk,0,13974.95410156,24028.05468750,28379.24218750,34707.25781250
813,desk,0,14718.54492188,26932.47265625,12567.45996094,29970.22265625
814,desk,0,8323.00976562,39703.88671875,17342.63085938,31294.26367188
815,desk,0,9601.58300781,39184.13281250,10871.12792969,48894.35156250
816,desk,0,17415.16210938,32709.78515625,23969.39257812,42825.69921875
817,desk,0,10899.81347656,30677.51562500,19691.62500000,46701.70312500
818,desk,0,17135.73242188,55664.47656250,10688.50390625,64480.02343750
819,desk,0,7344.96875000,34602.05859375,9968.56835938,33216.69921875
820,desk,0,16206.04101562,61229.80078125,28968.95312500,102499.45312500
821,desk,0,24715.91210938,113906.14843750,21090.79296875,242129.48437500
822,door,0,8593.93652344,12076.85546875,11877.90820312,26479.25195312
823,door,0,9159.26269531,13043.68750000,11877.90820312,26479.25195312
824,door,0,8396.58007812,12658.92187500,11877.90820312,26479.25195312
825,door,0,5025.31738281,7648.12500000,13610.45800781,16444.80468750
826,door,0,4513.56835938,7398.34179688,4045.49707031,8539.95019531
827,door,0,15389.02343750,46704.73437500,25068.56445312,262499.25000000
828,door,0,4.50104952,0.65239203,5.76153278,0.35986373
829,door,0,6945.62500000,9186.37500000,8071.87890625,26554.08203125
830,door,0,56.65633392,21.22825241,23.92131615,3.08602166
831,door,0,4050834.25000000,414717920.00000000,7398625.00000000,369892000.00000000
832,door,0,9712.12597656,12499.13281250,8980.63085938,31390.00390625
833,door,0,11422794.00000000,1907538688.00000000,11277942.00000000,3716204800.00000000
834,door,0,7108.88769531,9660.22460938,10612.37988281,19296.68945312
835,door,0,4.50865650,0.65632689,5.81370640,0.35986373
836,door,0,22.54316139,7.89968681,28.60651016,2.47100067
837,door,0,5225045.00000000,633020928.00000000,9778488.00000000,399256544.00000000
838,door,0,4249783.00000000,399908160.00000000,9619856.00000000,247926256.00000000
839,door,0,3860868.00000000,391112512.00000000,6437183.50000000,375684704.00000000
840,door,0,54478.07421875,265661.90625000,58918.07031250,109484.67187500
841,door,0,7694.51416016,10919.00000000,9904.63476562,25027.28515625
842,dresser,0,7238.95410156,14417.41601562,7938.17529297,16511.26562500
843,dresser,0,13151.94238281,21363.97460938,50244.36718750,32357.13281250
844,dresser,0,20023.46093750,55660.60156250,10124.99609375,59220.01953125
845,dresser,0,17006.29882812,39622.97656250,10312.45117188,45459.57812500
846,dresser,0,10207.24804688,22413.25195312,11523.37500000,28271.99609375
847,dresser,0,11596.21777344,17115.34960938,12683.63671875,19722.93945312
848,dresser,0,7082.58056641,22886.93945312,7721.23779297,27621.47656250
849,dresser,0,6241.90917969,12542.29003906,11133.35937500,13999.99414062
850,dresser,0,13725.34082031,26591.05664062,18169.28515625,34960.00000000
851,dresser,0,7273.99609375,15047.38867188,4360.93701172,21206.26562500
852,dresser,0,5734.76367188,12262.43359375,3985.57055664,15984.00195312
853,dresser,0,4614.92822266,19005.57031250,34782.14453125,23543.45507812
854,dresser,0,9323.42285156,18134.48632812,10340.01757812,24496.89062500
855,dresser,0,9260.20800781,19034.70312500,10801.97265625,26380.99609375
856,dresser,0,7359.06347656,11815.21191406,6208.62158203,13678.62207031
857,dresser,0,19164.98437500,35164.91406250,20498.01367188,36449.99609375
858,dresser,0,12999.04101562,28130.41796875,19844.44921875,36551.26171875
859,dresser,0,12073.29687500,20690.10156250,11856.29101562,26125.08593750
860,dresser,0,31232.27539062,147852.67187500,34522.65234375,233281.26562500
861,dresser,0,23812.53906250,55840.57812500,33989.09765625,63185.52734375
862,dresser,0,108272.82031250,805512.75000000,157487.95312500,826946.81250000
863,dresser,0,679876.87500000,33788284.00000000,894406.31250000,47651120.00000000
864,dresser,0,21796.00195312,66072.63281250,11625.77441406,81040.62500000
865,dresser,0,17578.29296875,59587.29687500,19916.44140625,70349.98437500
866,dresser,0,6163.14843750,10971.84375000,24035.98437500,10534.35644531
867,dresser,0,13190.58300781,20685.89843750,8548.95605469,30364.14453125
868,dresser,0,10471.36816406,29941.25390625,9034.58398438,27690.37109375
869,dresser,0,25215.88671875,32142.75781250,36646.55078125,43056.26171875
870,dresser,0,18348.10546875,35742.37890625,27369.32226562,38304.01562500
871,dresser,0,6943.44531250,12641.65722656,6563.41210938,17943.07617188
872,dresser,0,11271.82910156,28158.00976562,10973.92675781,31480.42382812
873,dresser,0,23290.11328125,34089.28125000,14224.05859375,45450.47265625
874,dresser,0,13825.78320312,48859.44140625,14962.69726562,62963.19921875
875,dresser,0,12863.51269531,26554.48828125,18096.94335938,33788.00781250
876,dresser,0,11972.56054688,16764.72265625,17049.41601562,16771.67968750
877,dresser,0,5452.04003906,11783.25195312,3249.77270508,12943.50585938
878,dresser,0,11962.33398438,17550.15234375,23641.21875000,26423.87890625
879,dresser,0,195098.48437500,2457742.25000000,591060.12500000,2529911.50000000
880,dresser,0,20977.91015625,50810.51953125,10950.26660156,70560.02343750
881,dresser,0,14344.83105469,35964.94531250,17264.75195312,45803.58984375
882,dresser,0,32313.09570312,132477.31250000,24242.02734375,204118.21875000
883,dresser,0,6877.67089844,12742.71093750,3871.74462891,16534.50976562
884,dresser,0,21500.08593750,38132.30859375,6622.80175781,41023.21093750
885,dresser,0,15900.72558594,31829.83593750,9554.12597656,46847.84375000
886,dresser,0,23321.74218750,31679.10937500,41645.25390625,43865.26953125
887,dresser,0,8942.72265625,14031.12597656,24819.08789062,15809.90429688
888,dresser,0,7233.54296875,14323.01269531,5435.29443359,21191.30468750
889,dresser,0,7524.79101562,15570.49511719,4095.10156250,16469.99609375
890,dresser,0,12087.72265625,24021.38671875,13962.00390625,34578.60156250
891,dresser,0,27100.95703125,101941.05468750,26480.81835938,140596.81250000
892,dresser,0,7512.17675781,14430.67675781,6761.49462891,20864.39843750
893,dresser,0,27708.07031250,74285.67187500,26295.16406250,104416.37500000
894,dresser,0,9024.49023438,15281.27636719,10327.72753906,19056.37304688
895,dresser,0,10858.30957031,21935.72265625,11105.31835938,29213.68750000
896,dresser,0,8148.50537109,14934.78125000,5167.50000000,20916.00000000
897,dresser,0,8101.38085938,17064.72460938,3976.41088867,19719.66601562
898,dresser,0,8592.52636719,15157.50488281,20372.17187500,18838.33593750
899,dresser,0,17886.81250000,38579.05078125,36244.99218750,43576.39843750
900,dresser,0,251257.95312500,6196337.50000000,637798.25000000,8679253.00000000
901,dresser,0,20123.75781250,28794.34765625,21653.06250000,42187.51562500
902,dresser,0,13764.57617188,20603.95117188,40034.30468750,27119.57421875
903,dresser,0,7690.07519531,18418.55078125,8653.40332031,22037.50585938
904,dresser,0,23937.50000000,47250.91406250,7518.69287109,51137.64062500
905,dresser,0,7995.84277344,16649.77343750,15040.74511719,24319.99609375
906,dresser,0,14863.47656250,30737.78710938,8401.95605469,40432.05078125
907,dresser,0,7138.37597656,14353.65820312,9403.57519531,19103.75781250
908,dresser,0,33538.39453125,83113.01562500,28691.82617188,107425.82031250
909,dresser,0,24083.75781250,37706.26953125,41621.62890625,44393.99218750
910,dresser,0,10394.69921875,24629.27148438,7795.30224609,27414.57031250
911,dresser,0,1194540.25000000,70696184.00000000,1294894.12500000,108715384.00000000
912,dresser,0,11065.39648438,25650.44531250,15443.71875000,34786.58984375
913,dresser,0,4603.79101562,11621.68359375,2822.98364258,12959.99609375
914,dresser,0,7132.18310547,15208.72265625,4815.51074219,17522.87304688
915,dresser,0,8817.95507812,19880.21484375,8828.33886719,26332.73437500
916,dresser,0,5533.41455078,12021.53320312,3673.88525391,12108.94140625
917,dresser,0,17270.56640625,27078.84179688,21781.51757812,47286.57031250
918,dresser,0,9520.56054688,14891.04589844,11843.27148438,15783.05761719
919,dresser,0,7320.90869141,10992.78320312,12192.81054688,11540.43359375
920,dresser,0,12788.57421875,28281.10937500,8864.79003906,37799.98828125
921,dresser,0,22001.84765625,33511.47265625,20719.32617188,42187.51562500
922,dresser,0,5477.63964844,11482.72656250,3949.92089844,13454.38183594
923,dresser,0,20032.05468750,68508.61718750,15087.30957031,102420.10937500
924,dresser,0,8717.83789062,21156.81250000,5559.93652344,23183.05273438
925,dresser,0,10812.34277344,15505.73535156,17443.62109375,22075.85351562
926,dresser,0,11377.03906250,18048.81835938,22979.36914062,23447.21289062
927,dresser,0,3854.58300781,6392.17431641,3180.94091797,5462.23730469
928,flower_pot,0,472627.43750000,22277046.00000000,1061589.12500000,110857488.00000000
929,flower_pot,0,3605289.00000000,458146432.00000000,7768503.00000000,2087315456.00000000
930,flower_pot,0,9985.33496094,26112.40820312,19283.97656250,60809.69921875
931,flower_pot,0,35345.19921875,395058.68750000,46766.19531250,621853.68750000
932,flower_pot,0,16982.48828125,146151.31250000,14418.51562500,249881.06250000
933,flower_pot,0,4162.70214844,15519.92382812,5931.70898438,24075.92578125
934,flower_pot,0,18128.67773438,64054.54296875,10213.22753906,148102.45312500
935,flower_pot,0,3940.27172852,7955.29736328,9355.48144531,15620.44140625
936,flower_pot,0,4109.35742188,17983.91992188,3323.33837891,36993.45312500
937,flower_pot,0,4780.04296875,11997.15917969,5019.23779297,16199.99902344
938,flower_pot,0,3163.41625977,7934.36035156,2824.68359375,9980.30761719
939,flower_pot,0,214044.90625000,4706190.00000000,282584.87500000,10803030.00000000
940,flower_pot,0,129.91346741,51.91243744,63.03076935,37.07183838
941,flower_pot,0,1829.54956055,4271.98242188,1711.15161133,4054.84277344
942,flower_pot,0,27723.13671875,150372.92187500,25109.81640625,253452.32812500
943,flower_pot,0,8771.45019531,30186.39843750,5950.14843750,48919.53906250
944,flower_pot,0,2698.86523438,8201.73730469,1545.31701660,11903.82226562
945,flower_pot,0,40066.58203125,181016.50000000,43937.95312500,398286.68750000
946,flower_pot,0,488.81365967,450.39782715,373.19659424,965.78875732
947,flower_pot,0,409.97357178,221.78858948,168.43827820,316.13253784
948,glass_box,0,5414.07470703,8669.33105469,7977.26367188,9548.56933594
949,glass_box,0,4731.77001953,7066.16357422,7049.15283203,7758.21484375
950,glass_box,0,3719.54467773,6076.82617188,4809.47851562,5609.78710938
951,glass_box,0,4614.03466797,7291.86962891,7211.69091797,8354.99902344
952,glass_box,0,4419.21582031,6900.53759766,6231.92675781,7317.85791016
953,glass_box,0,2399.64355469,4282.34179688,3059.29638672,3580.71362305
954,glass_box,0,6266.58203125,9333.67187500,8126.69531250,10244.99316406
955,glass_box,0,2487.05419922,4059.66894531,2605.72631836,2927.14208984
956,glass_box,0,4486.11865234,7339.16308594,5162.88378906,6564.64550781
957,glass_box,0,6780.16503906,10343.67773438,10214.07519531,13172.14062500
958,glass_box,0,13262.75292969,24478.06640625,30250.23242188,39525.07421875
959,glass_box,0,132610.53125000,1411592.37500000,383892.68750000,2151012.00000000
960,glass_box,0,7773.13964844,15544.49902344,9657.52539062,17506.50195312
961,glass_box,0,7415.53027344,15213.27832031,9657.52539062,17506.50195312
962,glass_box,0,7003.16650391,12193.48535156,7698.88964844,12504.64160156
963,glass_box,0,6379.80322266,10359.52343750,6840.84960938,10003.71386719
964,glass_box,0,448723.75000000,17594280.00000000,702550.37500000,18428276.00000000
965,glass_box,0,2746.86254883,4949.66650391,3443.29663086,4390.71484375
966,glass_box,0,11224.75390625,18109.20117188,11490.61425781,19590.60351562
967,glass_box,0,11351.52441406,18580.96093750,14240.06152344,20490.00000000
968,glass_box,0,2026.78112793,3512.18408203,2432.97338867,2387.14257812
969,glass_box,0,7806.12011719,15750.66699219,9329.52441406,17506.50195312
970,glass_box,0,2031.47424316,3420.81396484,2293.72656250,2387.14257812
971,glass_box,0,2287.63891602,3855.56469727,2835.25732422,2983.92919922
972,glass_box,0,6717.92919922,10762.46289062,6595.66308594,10003.71386719
973,glass_box,0,3657.70483398,5925.95800781,4461.81884766,5251.71142578
974,glass_box,0,7653.01416016,15258.51367188,9329.52441406,17506.50195312
975,glass_box,0,6777.44287109,11001.11035156,6840.84960938,10003.71386719
976,glass_box,0,5394.77441406,8969.81054688,6185.58691406,7877.57177734
977,glass_box,0,12120.25390625,19582.51562500,12476.52734375,22508.36132812
978,glass_box,0,531105.25000000,23155628.00000000,640815.62500000,23296680.00000000
979,glass_box,0,11800.15527344,19918.16992188,12679.29492188,19097.14648438
980,glass_box,0,5843.50292969,10203.21875000,7466.76611328,11269.49609375
981,glass_box,0,8760.12207031,13970.60937500,9846.37890625,14489.35839844
982,glass_box,0,7576.68066406,13547.27148438,8677.46289062,11935.71093750
983,glass_box,0,10064.87792969,17389.36914062,11910.46679688,16710.00195312
984,glass_box,0,6166.33544922,10649.94726562,7466.76611328,11269.49609375
985,glass_box,0,4984.49511719,8405.03320312,5961.16308594,8781.42871094
986,glass_box,0,10380.81835938,16466.99609375,11465.70898438,14322.84863281
987,glass_box,0,2738.60302734,4528.70117188,3237.54077148,3580.71362305
988,glass_box,0,9087.75976562,14625.99218750,10503.17578125,14635.70410156
989,glass_box,0,8234.46289062,13666.45605469,8888.52929688,11816.34960938
990,glass_box,0,4610.48437500,7563.69824219,6734.41064453,7758.21484375
991,glass_box,0,2466.13403320,4319.88623047,2744.97363281,2927.14208984
992,glass_box,0,4533.04052734,7411.57763672,5442.89013672,6564.64550781
993,glass_box,0,4655.47705078,7774.22216797,5278.09667969,7317.85791016
994,glass_box,0,9620.06250000,14856.29101562,12674.43457031,17562.85937500
995,glass_box,0,6426.67236328,11154.54199219,8218.08007812,11464.64843750
996,glass_box,0,8168.41796875,13016.47070312,10434.16210938,14322.84863281
997,glass_box,0,9445.94921875,15924.38476562,12521.75585938,15516.43066406
998,glass_box,0,7159.75976562,13485.81835938,8585.58789062,15005.56933594
999,glass_box,0,9961.72460938,16740.48437500,12521.75585938,15516.43066406
1000,glass_box,0,6510.83056641,9465.35742188,8460.94238281,10244.99316406
1001,glass_box,0,8515.16796875,13633.72656250,10771.66406250,14082.87597656
1002,glass_box,0,4861.42285156,8798.38867188,5961.16308594,8781.42871094
1003,glass_box,0,9270.84765625,14849.85937500,11465.70898438,14322.84863281
1004,glass_box,0,2798.44702148,4892.07324219,3183.25683594,3658.92626953
1005,glass_box,0,9544.96386719,15993.08984375,9846.37890625,14489.35839844
1006,glass_box,0,11296.73339844,19360.43359375,12679.29492188,19097.14648438
1007,glass_box,0,11867.02734375,19972.00390625,14716.59375000,20490.00000000
1008,glass_box,0,7308.85937500,11623.65625000,8218.08007812,11464.64843750
1009,glass_box,0,6982.76318359,9916.74414062,9337.50976562,11708.57421875
1010,glass_box,0,9316.26660156,15118.50878906,11465.70898438,14322.84863281
1011,glass_box,0,4348.89404297,6830.00781250,5627.97216797,6878.78613281
1012,glass_box,0,7704.36962891,11325.36523438,9801.82519531,13172.14062500
1013,glass_box,0,6810.89453125,11273.73242188,7480.76660156,10284.60449219
1014,glass_box,0,7059.77050781,10365.15722656,9801.82519531,13172.14062500
1015,glass_box,0,4306.12841797,6842.46191406,5627.97216797,6878.78613281
1016,glass_box,0,4114.31494141,6245.19042969,5394.47558594,6878.78613281
1017,glass_box,0,13523.46679688,22574.76953125,13653.18066406,22735.71679688
1018,glass_box,0,5862.45117188,9061.50000000,7928.15722656,9513.20800781
1019,glass_box,0,6889046.00000000,1028898624.00000000,33026046.00000000,2070771584.00000000
1020,glass_box,0,70321.14062500,400090.81250000,111600.33593750,488190.96875000
1021,glass_box,0,8129.22265625,14453.73535156,10434.16210938,14322.84863281
1022,glass_box,0,10129.12109375,16644.94726562,13357.50390625,19026.42773438
1023,glass_box,0,6160.79736328,9101.15332031,8460.94238281,10244.99316406
1024,glass_box,0,8956.84179688,16120.71582031,10748.90234375,14322.84863281
1025,glass_box,0,3890.63403320,6494.35742188,4595.03417969,5854.28710938
1026,glass_box,0,12449.54492188,20968.52929688,13801.85742188,21484.28125000
1027,glass_box,0,3722.66113281,5764.86230469,4461.81884766,5251.71142578
1028,glass_box,0,9806.69628906,16570.99218750,12120.57714844,15516.43066406
1029,glass_box,0,12048.31250000,19652.80859375,13810.02148438,19026.42773438
1030,glass_box,0,6080.34570312,9047.99316406,8742.82617188,10742.13769531
1031,glass_box,0,5024.27734375,8704.55273438,5901.39843750,7877.57177734
1032,glass_box,0,7765.21093750,15687.43164062,9329.52441406,17506.50195312
1033,glass_box,0,10639.25683594,18686.32617188,10995.44628906,15516.43066406
1034,glass_box,0,9224.65625000,15061.83300781,12674.43457031,17562.85937500
1035,glass_box,0,207774.82812500,4096263.25000000,438226.21875000,6971050.00000000
1036,glass_box,0,19438.86328125,49749.57812500,19329.17968750,61023.83984375
1037,glass_box,0,50548.21875000,169776.32812500,91463.31250000,224886.09375000
1038,glass_box,0,33352.91015625,147400.59375000,43540.58984375,218559.65625000
1039,glass_box,0,6314.25195312,9780.58886719,9155.07910156,10742.13769531
1040,glass_box,0,6750.01855469,12330.87792969,7418.88378906,12504.64160156
1041,glass_box,0,13683.35839844,22458.22851562,16702.13085938,26991.35742188
1042,glass_box,0,10858.18554688,18733.84570312,12852.53710938,22508.36132812
1043,glass_box,0,297.65451050,130.78448486,393.47256470,42.02597809
1044,glass_box,0,3739.60302734,6456.34814453,4809.47851562,5609.78710938
1045,glass_box,0,12330.67773438,18990.07812500,12852.53710938,22508.36132812
1046,glass_box,0,10716.55468750,16446.63867188,11490.61425781,19590.60351562
1047,glass_box,0,3744.54711914,6256.75732422,4717.82128906,5251.71142578
1048,guitar,0,42995.73828125,239124.70312500,72568.55468750,864019.37500000
1049,guitar,0,75851.32812500,764265.50000000,58873.47265625,875143.37500000
1050,guitar,0,13198.83886719,38269.94921875,15331.83007812,67723.62500000
1051,guitar,0,1346.86474609,1777.26708984,1749.82788086,2535.67553711
1052,guitar,0,1359.69873047,1318.89880371,694.80090332,1263.16918945
1053,guitar,0,486335.46875000,25388058.00000000,1067458.00000000,15949164.00000000
1054,guitar,0,1227.16503906,1529.00439453,900.30566406,2070.03491211
1055,guitar,0,1395.61206055,1895.72143555,804.35888672,1620.06738281
1056,guitar,0,1585.40319824,1717.05297852,3405.23144531,6955.76171875
1057,guitar,0,1096.06201172,1019.55029297,1117.92687988,1722.20874023
1058,guitar,0,174488.87500000,3633205.50000000,291014.53125000,4653868.00000000
1059,guitar,0,223834.87500000,4524789.50000000,187913.00000000,4572563.00000000
1060,guitar,0,1038.83410645,1012.10046387,1192.24426270,1970.74682617
1061,guitar,0,1397.47656250,2016.92138672,1166.58923340,2495.92431641
1062,guitar,0,950.85363770,831.37115479,891.28967285,1669.89697266
1063,guitar,0,1084.90246582,1026.94750977,849.43225098,1884.71130371
1064,guitar,0,1670.41967773,1966.53173828,1807.77197266,3108.74926758
1065,guitar,0,1136.35742188,1076.36706543,2007.32775879,1569.73693848
1066,guitar,0,14023.66113281,37191.44531250,14928.68652344,42857.24218750
1067,guitar,0,199.92884827,97.54179382,146.13894653,70.25614929
1068,guitar,0,11825.96679688,28641.16601562,10285.14453125,40785.94921875
1069,guitar,0,889.59405518,688.55371094,482.05313110,655.53570557
1070,guitar,0,2856.42309570,3878.74609375,1642.91076660,5290.99609375
1071,guitar,0,1005.86614990,915.39935303,936.49743652,1694.58227539
1072,guitar,0,1298.52612305,1257.01879883,981.15960693,2011.71289062
1073,guitar,0,6326171.00000000,1495908352.00000000,6914255.00000000,831830144.00000000
1074,guitar,0,9583869.00000000,3308490240.00000000,6755568.00000000,1076581120.00000000
1075,guitar,0,179292.06250000,2527938.50000000,120469.08593750,2117288.25000000
1076,guitar,0,1851.47204590,2281.71972656,3477.75732422,6797.69384766
1077,guitar,0,855.21093750,707.61718750,796.64416504,2144.46508789
1078,guitar,0,84681.59375000,1001170.06250000,79392.68750000,1760619.75000000
1079,guitar,0,1086.06298828,995.22351074,939.29107666,2265.60620117
1080,guitar,0,1111.89489746,1306.71899414,1295.45434570,1970.93395996
1081,guitar,0,291225.81250000,9262696.00000000,227860.34375000,6989276.00000000
1082,guitar,0,32736.40625000,121774.35937500,26726.57031250,119959.71093750
1083,guitar,0,330336.62500000,11678833.00000000,821374.25000000,24658724.00000000
1084,guitar,0,88844.50781250,953577.25000000,86193.75781250,962920.43750000
1085,guitar,0,1838.51940918,2277.87719727,1091.94128418,1962.21337891
1086,guitar,0,2258.93017578,3049.68920898,2278.22167969,4510.84814453
1087,guitar,0,209169.90625000,3966945.50000000,215280.59375000,8671708.00000000
1088,guitar,0,113239.59375000,1046920.37500000,179046.34375000,1473313.00000000
1089,guitar,0,313113.59375000,11565315.00000000,396597.37500000,13419942.00000000
1090,guitar,0,1394080.12500000,128965624.00000000,1326612.12500000,106050240.00000000
1091,guitar,0,1981.19848633,2245.08007812,2418.04052734,3219.19165039
1092,guitar,0,344176.18750000,12288153.00000000,626289.37500000,24448822.00000000
1093,guitar,0,760827.25000000,47338588.00000000,806172.87500000,46694628.00000000
1094,guitar,0,983.86132812,842.45770264,1059.67565918,979.56018066
1095,guitar,0,138075.17187500,2088627.50000000,174532.81250000,1664254.25000000
1096,guitar,0,57098.29687500,429444.09375000,51070.14062500,761874.25000000
1097,guitar,0,1148.25732422,1068.99633789,1194.30297852,2382.50439453
1098,guitar,0,27167.43750000,109225.92968750,19704.02539062,308514.50000000
1099,guitar,0,1602.40563965,1887.49804688,1571.54150391,3131.83935547
1100,guitar,0,928.82574463,770.47961426,508.26562500,677.72821045
1101,guitar,0,2167812.50000000,239446464.00000000,2768035.25000000,161857888.00000000
1102,guitar,0,1294800.25000000,116751432.00000000,1376495.00000000,75230008.00000000
1103,guitar,0,1156252.12500000,97292304.00000000,1934734.25000000,171014048.00000000
1104,guitar,0,1013.79748535,882.02862549,914.60791016,1258.39562988
1105,guitar,0,1500.55102539,2106.46508789,1165.49523926,2495.92431641
1106,guitar,0,1203.39868164,1076.61938477,912.17449951,1547.98852539
1107,guitar,0,1976.11425781,2609.25000000,1612.99609375,3023.17846680
1108,guitar,0,13525.50488281,30330.05078125,10454.09472656,32625.88281250
1109,guitar,0,9148.43652344,19271.60351562,5180.98388672,29377.85937500
1110,guitar,0,1320.64404297,1586.16430664,1215.78881836,2284.43481445
1111,guitar,0,5366.02441406,9273.09375000,5713.77001953,19002.38085938
1112,guitar,0,398853.81250000,16942472.00000000,337347.34375000,9266831.00000000
1113,guitar,0,93184.59375000,1265631.50000000,68125.77343750,1067420.37500000
1114,guitar,0,2069.13549805,2508.08007812,1326.27807617,5477.14843750
1115,guitar,0,1304.21594238,1233.61035156,1782.48962402,1394.92565918
1116,guitar,0,1067.36791992,1038.45336914,841.97998047,2235.02661133
1117,guitar,0,1028.30517578,973.09918213,880.63183594,1737.48229980
1118,guitar,0,13147004.00000000,5453447168.00000000,7350863.50000000,1057971456.00000000
1119,guitar,0,240092.43750000,5902215.00000000,216125.03125000,6327039.50000000
1120,guitar,0,18873.08007812,52867.38281250,14578.27929688,85198.25000000
1121,guitar,0,955125.37500000,76010448.00000000,1317852.25000000,60622316.00000000
1122,guitar,0,1023206.93750000,87314952.00000000,917633.25000000,74017776.00000000
1123,guitar,0,2054448.87500000,235783200.00000000,2360204.25000000,132237672.00000000
1124,guitar,0,7159588.50000000,1946616448.00000000,12940414.00000000,1438603776.00000000
1125,guitar,0,199784.95312500,2779436.25000000,436031.78125000,4507493.00000000
1126,guitar,0,65796.21093750,398915.81250000,110340.53906250,782414.25000000
1127,guitar,0,409404.15625000,17203632.00000000,337446.78125000,9266831.00000000
1128,guitar,0,900360.18750000,60911264.00000000,678070.25000000,45613728.00000000
1129,guitar,0,55552.57812500,303031.21875000,42945.78125000,620363.37500000
1130,guitar,0,243205.84375000,6270753.50000000,430254.53125000,9727443.00000000
1131,guitar,0,183217.53125000,3446584.50000000,143242.89062500,3115722.50000000
1132,guitar,0,1048.65600586,901.25897217,688.02551270,1402.40991211
1133,guitar,0,1343.01965332,1300.19775391,2040.61743164,1646.34619141
1134,guitar,0,94519.81250000,1738371.25000000,134084.68750000,5020819.00000000
1135,guitar,0,1067925.37500000,84975984.00000000,946766.62500000,121166552.00000000
1136,guitar,0,19118310.00000000,10063844352.00000000,19917738.00000000,2695926528.00000000
1137,guitar,0,1208.31896973,1143.25451660,1118.57800293,2420.11083984
1138,guitar,0,13845488.00000000,6517317632.00000000,8458928.00000000,826472064.00000000
1139,guitar,0,924.94720459,718.07202148,487.08929443,578.89239502
1140,guitar,0,1072.84045410,1299.42248535,1364.66345215,1400.16333008
1141,guitar,0,5808.47167969,10207.42382812,6711.07031250,19002.30859375
1142,guitar,0,1084.51318359,964.91003418,1372.21606445,2225.93969727
1143,guitar,0,1192026.37500000,104388960.00000000,1301870.37500000,38834336.00000000
1144,guitar,0,3.56083894,0.15550992,0.39605129,0.00964687
1145,keyboard,0,359.24749756,184.47010803,422.62316895,185.77954102
1146,keyboard,0,199444.18750000,3264555.00000000,541541.62500000,3286659.50000000
1147,keyboard,0,2477.24218750,2986.95678711,1660.21435547,2681.98876953
1148,keyboard,0,451.20849609,260.77749634,621.25622559,201.95823669
1149,keyboard,0,209758.20312500,4592071.00000000,324784.68750000,4689027.00000000
1150,keyboard,0,115951.32812500,929082.43750000,190118.81250000,866197.43750000
1151,keyboard,0,702.53259277,465.81060791,1247.73303223,271.51046753
1152,keyboard,0,481.86315918,285.04138184,552.11767578,172.63522339
1153,keyboard,0,195.36579895,81.46838379,118.87447357,11.77331924
1154,keyboard,0,317.46606445,139.06060791,578.01232910,69.02088928
1155,keyboard,0,374.90936279,190.07281494,525.44287109,106.93328857
1156,keyboard,0,3.98412752,0.37896591,9.42797852,0.14430675
1157,keyboard,0,46359.25781250,159592.28125000,84981.50000000,254054.90625000
1158,keyboard,0,384.54504395,191.53285217,628.50653076,111.05035400
1159,keyboard,0,565.18969727,357.39001465,728.78894043,159.33796692
1160,keyboard,0,1163405.25000000,85491496.00000000,2668836.25000000,21267732.00000000
1161,keyboard,0,292.50000000,118.53872681,188.34637451,26.13501930
1162,keyboard,0,479.39752197,290.24331665,442.40786743,79.50831604
1163,keyboard,0,47614.11328125,139688.78125000,47142.92968750,109531.78125000
1164,keyboard,0,638.48449707,422.49475098,418.25482178,191.58546448
1165,lamp,0,6790150.00000000,1378037504.00000000,2732318.75000000,6643046912.00000000
1166,lamp,0,1383.22656250,8442.08789062,1087.85375977,7531.28173828
1167,lamp,0,292203.40625000,10644230.00000000,474432.00000000,43091260.00000000
1168,lamp,0,9103.52343750,80936.65625000,10643.87500000,119098.95312500
1169,lamp,0,3.58222795,0.14773856,1.17082310,0.07462309
1170,lamp,0,6171.67822266,13026.14550781,3599.91040039,11270.00195312
1171,lamp,0,3008.18701172,21342.69335938,2979.17333984,25581.82031250
1172,lamp,0,15.78479099,4.86850500,4.31124640,1.22612298
1173,lamp,0,162.50665283,59.18189621,29.99404144,33.54629135
1174,lamp,0,1243747.00000000,73176792.00000000,535270.75000000,224376512.00000000
1175,lamp,0,1263.55505371,4969.50244141,694.83172607,2999.59277344
1176,lamp,0,2974.29467773,15869.41015625,1519.60815430,19694.27343750
1177,lamp,0,800.06927490,825.85272217,205.29222107,715.60949707
1178,lamp,0,4029.56738281,30246.94335938,2344.48559570,44748.16015625
1179,lamp,0,3906.63671875,21457.04687500,4599.99853516,13500.00000000
1180,lamp,0,1327.28735352,2352.83032227,1575.70715332,2385.48632812
1181,lamp,0,8076.21435547,70973.19531250,13264.16992188,102399.98437500
1182,lamp,0,291797.12500000,8801407.00000000,548590.25000000,35213488.00000000
1183,lamp,0,6449270.00000000,1307838976.00000000,3444596.50000000,7502159360.00000000
1184,laptop,0,4.40915680,0.60241342,6.13548183,1.02743006
1185,laptop,0,1332.91088867,2301.10253906,1397.97619629,2618.49072266
1186,laptop,0,986.92523193,1015.67089844,1421.65307617,1207.70678711
1187,laptop,0,540320.06250000,23574260.00000000,692620.75000000,50783208.00000000
1188,laptop,0,104.12443542,39.71017838,41.29109192,29.91902542
1189,laptop,0,280589.87500000,7827872.00000000,439995.09375000,30238212.00000000
1190,laptop,0,225250.34375000,4047478.50000000,226378.15625000,6844946.00000000
1191,laptop,0,442268.12500000,18963706.00000000,543887.75000000,49248288.00000000
1192,laptop,0,1119.85522461,1461.85046387,908.27954102,2198.57543945
1193,laptop,0,736.36401367,507.41931152,607.62158203,446.25051880
1194,laptop,0,1224.83459473,1547.73071289,1206.07556152,3231.31713867
1195,laptop,0,217518.51562500,4980901.00000000,434831.25000000,13162686.00000000
1196,laptop,0,382148.50000000,13641471.00000000,486725.21875000,34511264.00000000
1197,laptop,0,2230185.25000000,194819776.00000000,3675902.75000000,497968192.00000000
1198,laptop,0,13806.42578125,60499.07031250,13309.59960938,175146.09375000
1199,laptop,0,4325.58056641,16785.26562500,7614.14892578,22945.07421875
1200,laptop,0,7636.22216797,22508.42578125,4623.07470703,28921.91406250
1201,laptop,0,38641.02343750,187170.56250000,31086.81250000,644076.37500000
1202,laptop,0,16442.45117188,100492.46875000,17319.42382812,215813.20312500
1203,laptop,0,199206.57812500,3102004.50000000,164421.84375000,4764122.50000000
1204,mantel,0,12028.48339844,21357.63867188,20834.05468750,20025.00781250
1205,mantel,0,26614.11914062,35665.28906250,35887.92187500,42916.50781250
1206,mantel,0,26742.76171875,39495.71875000,40697.32031250,53014.50781250
1207,mantel,0,37598.18359375,62445.44921875,49879.37109375,80850.02343750
1208,mantel,0,20307.78710938,28892.58007812,30587.30273438,38288.27343750
1209,mantel,0,37901.92968750,71104.14843750,63155.16406250,141372.06250000
1210,mantel,0,37216.92187500,65679.41406250,62643.12109375,129590.98437500
1211,mantel,0,7212.46826172,25695.69335938,8448.71679688,35369.34375000
1212,mantel,0,6833.77392578,32790.64843750,15901.78710938,29474.00585938
1213,mantel,0,24901.47851562,34792.23046875,30747.31640625,43847.99609375
1214,mantel,0,27019.01953125,37277.98437500,33250.39062500,46980.00781250
1215,mantel,0,22804.18750000,35673.25000000,44332.17968750,44414.99609375
1216,mantel,0,26470.38867188,39594.00390625,52607.45703125,53297.99218750
1217,mantel,0,40800.65625000,70107.39062500,50787.26562500,105840.03125000
1218,mantel,0,29791.57031250,39277.40625000,41091.18750000,53014.50781250
1219,mantel,0,38111.76562500,74533.75781250,47784.83984375,97020.04687500
1220,mantel,0,31184.86328125,46932.89843750,43914.74609375,67881.01562500
1221,mantel,0,19022.76171875,27770.10742188,40870.36718750,40185.02343750
1222,mantel,0,63955.89843750,541925.50000000,79795.07031250,776920.87500000
1223,mantel,0,19448.43164062,29218.06250000,28772.44140625,33641.99609375
1224,mantel,0,29877.12890625,46092.36718750,42686.44921875,70686.03906250
1225,mantel,0,43488.87890625,84795.62500000,59794.62500000,132300.04687500
1226,mantel,0,21754.01171875,30923.70507812,46683.35937500,44414.99609375
1227,mantel,0,14844.91796875,20173.12500000,29301.24609375,25379.99804688
1228,mantel,0,15823.94824219,19677.00195312,26268.79687500,21995.99218750
1229,mantel,0,25432.91796875,43646.93750000,37393.67187500,58464.01953125
1230,mantel,0,21129.26757812,34792.12890625,38389.59375000,40824.01171875
1231,mantel,0,20050.30859375,32614.59179688,35616.88671875,38880.00781250
1232,mantel,0,26937.63671875,45647.64843750,48059.14843750,58320.01171875
1233,mantel,0,26255.44726562,55661.39843750,55063.03906250,68040.00000000
1234,mantel,0,22174.48046875,38489.96875000,41055.26562500,48600.02734375
1235,mantel,0,15996.26269531,22950.04296875,33325.98046875,27917.99218750
1236,mantel,0,22908.27539062,30641.63867188,48323.69140625,44414.99609375
1237,mantel,0,34791.16796875,67705.15625000,63182.51171875,151469.96875000
1238,mantel,0,34148.79296875,53692.35937500,43107.94921875,64680.00390625
1239,mantel,0,40984.81250000,123593.69531250,51422.26953125,234696.70312500
1240,mantel,0,36553.14453125,72647.91406250,55939.39843750,121176.00000000
1241,mantel,0,28542.10156250,54395.94140625,45181.44531250,80784.04687500
1242,mantel,0,30476.68164062,67575.17968750,46866.29687500,92565.03125000
1243,mantel,0,36322.60937500,64567.40234375,48204.66015625,100980.02343750
1244,mantel,0,35477.82421875,72770.64843750,60947.58984375,129590.98437500
1245,mantel,0,38176.30078125,60273.32031250,55549.66406250,78204.00000000
1246,mantel,0,15953.61816406,22474.55468750,23790.95312500,24030.00195312
1247,mantel,0,19494.05859375,32100.42187500,31096.03320312,38288.27343750
1248,mantel,0,13422.83984375,23325.96875000,28281.16406250,23265.00390625
1249,mantel,0,25729.31250000,38503.91796875,37486.47265625,44856.00781250
1250,mantel,0,25333.37304688,37712.52734375,38941.38281250,52201.58984375
1251,mantel,0,24532.47656250,38111.00000000,35435.04687500,42916.50781250
1252,mantel,0,12752.10839844,18272.00195312,9767.21191406,29845.51757812
1253,mantel,0,25754.25585938,38086.69531250,37064.71484375,50069.25000000
1254,mantel,0,15863.75000000,28661.30468750,23410.21093750,24030.00195312
1255,mantel,0,28173.42773438,49424.26562500,63252.99218750,62181.00000000
1256,mantel,0,13178.23437500,20252.06445312,26956.19140625,23265.00390625
1257,mantel,0,25479.41015625,40404.60546875,54968.17968750,53297.99218750
1258,mantel,0,27666.56054688,37483.00781250,35496.46875000,47965.50781250
1259,mantel,0,14154.35058594,22948.44531250,21819.15039062,26100.00781250
1260,mantel,0,33819.60156250,60319.03515625,45137.25781250,70124.98437500
1261,mantel,0,20697.81835938,32011.60937500,27092.24804688,36540.00390625
1262,mantel,0,21736.73437500,30305.90625000,30526.04687500,43847.99609375
1263,mantel,0,31537.73046875,62556.91406250,39516.89453125,78771.00781250
1264,mantel,0,27646.17187500,37696.81250000,36717.35546875,49368.01953125
1265,mantel,0,37221.75000000,70002.63281250,57839.72656250,121176.00000000
1266,mantel,0,33491.69531250,64156.70312500,51665.25000000,97020.04687500
1267,mantel,0,12446.57617188,22011.45898438,21006.35937500,20881.25976562
1268,mantel,0,28052.61523438,49775.87109375,39704.45703125,64795.51953125
1269,mantel,0,40841.92187500,84920.50000000,68281.03906250,135827.98437500
1270,mantel,0,17298.52539062,24675.84765625,26743.93554688,28035.01562500
1271,mantel,0,27525.54687500,48000.56250000,42248.35156250,56069.99218750
1272,mantel,0,25472.36328125,35751.17578125,33114.59765625,43849.87500000
1273,mantel,0,27282.72265625,39600.98828125,37518.12500000,50069.25000000
1274,mantel,0,43292.69140625,71716.39062500,56792.16406250,123480.00781250
1275,mantel,0,38089.38281250,71901.50000000,60786.79687500,141372.06250000
1276,mantel,0,47561.96875000,87493.78125000,65305.71484375,145530.01562500
1277,mantel,0,29593.62890625,54607.33593750,47677.45312500,90882.05468750
1278,mantel,0,18196.70117188,22660.31835938,7998.22265625,31680.01757812
1279,mantel,0,25761.62500000,43168.34375000,51335.88281250,61235.99218750
1280,mantel,0,19993.95898438,33036.46093750,32315.68554688,39249.02343750
1281,mantel,0,33659.80468750,72926.96875000,41003.07031250,188419.59375000
1282,mantel,0,12062.41992188,37558.54687500,15443.15917969,46401.94140625
1283,mantel,0,11913.28320312,33469.82421875,21914.97851562,47026.44921875
1284,mantel,0,15959.38574219,46084.27734375,15849.51953125,149896.14062500
1285,mantel,0,27059.35156250,42444.70703125,22244.97265625,58751.98437500
1286,mantel,0,18835.33593750,30625.80468750,40198.85937500,40824.01171875
1287,mantel,0,15373.12109375,23326.05859375,21752.41406250,25055.99218750
1288,mantel,0,10962.87988281,15659.05957031,23236.37695312,18611.99804688
1289,mantel,0,20953.87500000,30653.97265625,38398.56250000,35532.00000000
1290,mantel,0,12184.80078125,25106.08007812,23281.65234375,26101.57812500
1291,mantel,0,24704.81250000,31652.53515625,31743.25585938,37867.50000000
1292,mantel,0,17250.46679688,45739.85937500,16070.70312500,92400.01562500
1293,mantel,0,20236.96679688,52965.84375000,18636.68750000,78225.10937500
1294,mantel,0,6187.94726562,11631.84179688,6791.56298828,9923.63183594
1295,mantel,0,14537.02929688,21416.93359375,22908.40625000,23141.25781250
1296,mantel,0,27462.69335938,39875.33203125,37640.66015625,44178.75781250
1297,mantel,0,22563.23242188,29005.27929688,29235.09179688,31556.26367188
1298,mantel,0,27592.06835938,39072.59375000,36108.19140625,52199.99609375
1299,mantel,0,18367.67968750,29862.03125000,35196.58593750,34992.02343750
1300,mantel,0,12157.97363281,20951.11914062,27475.11132812,24300.01171875
1301,mantel,0,39600.30859375,89562.68750000,65812.89843750,151469.96875000
1302,mantel,0,43552.09375000,86735.43750000,78295.86718750,172871.96875000
1303,mantel,0,15553.81250000,33747.10546875,9873.41601562,50610.92968750
1304,monitor,0,6205.81542969,33095.24218750,8224.62011719,73517.94531250
1305,monitor,0,59913.07031250,449581.71875000,160152.14062500,926305.31250000
1306,monitor,0,2367.40454102,4879.01074219,3011.23901367,6653.75097656
1307,monitor,0,1380.01049805,1914.79150391,1323.22717285,2282.24218750
1308,monitor,0,1027.45593262,1082.05212402,1301.12084961,1150.45690918
1309,monitor,0,1322.60729980,1625.06079102,2428.33764648,2258.36767578
1310,monitor,0,3080.72607422,6110.93359375,3235.23144531,5785.56347656
1311,monitor,0,1384740.00000000,93749448.00000000,3501655.00000000,197186944.00000000
1312,monitor,0,1462.71362305,1935.43701172,1572.25622559,1956.82763672
1313,monitor,0,1391.17382812,1921.51770020,1677.23754883,2453.75512695
1314,monitor,0,81549.60156250,1026337.25000000,95663.00781250,2106957.00000000
1315,monitor,0,842.18988037,735.49926758,906.35821533,330.65817261
1316,monitor,0,1895.33251953,3475.09423828,1013.67071533,4731.49511719
1317,monitor,0,1236.05651855,1482.38159180,1218.12463379,2127.28662109
1318,monitor,0,57826.04687500,358339.15625000,65057.50000000,1178380.50000000
1319,monitor,0,478321.78125000,21205960.00000000,719337.87500000,32648504.00000000
1320,monitor,0,1814.73522949,3881.98510742,1981.23632812,4594.67480469
1321,monitor,0,1471.78356934,2376.20727539,1577.21679688,2506.33056641
1322,monitor,0,2280.72607422,6051.03515625,1318.14941406,6350.34619141
1323,monitor,0,1353.24255371,1670.76879883,1285.92541504,1624.19177246
1324,monitor,0,1378.14233398,2044.93859863,1787.67199707,2268.51538086
1325,monitor,0,44900.64843750,836557.37500000,85748.39062500,817519.18750000
1326,monitor,0,6267.55664062,12487.70605469,7622.01806641,15857.06445312
1327,monitor,0,2038.66650391,3189.67089844,1591.72753906,3841.11572266
1328,monitor,0,6497.56054688,14103.09179688,4916.37109375,24564.29296875
1329,monitor,0,2202.71166992,4116.73339844,3472.80761719,3907.69140625
1330,monitor,0,1585.29418945,3640.88378906,2312.16552734,3975.18212891
1331,monitor,0,49791.91796875,282513.21875000,60200.24609375,447309.06250000
1332,monitor,0,1287.12329102,1858.24450684,1124.66125488,2824.81152344
1333,monitor,0,73484.92968750,414113.56250000,48673.73437500,594736.56250000
1334,monitor,0,261163.59375000,6247140.00000000,288896.09375000,19029542.00000000
1335,monitor,0,18979.10742188,33518.66406250,19204.37695312,41581.87500000
1336,monitor,0,1283.56262207,1676.05041504,1461.34838867,2023.59289551
1337,monitor,0,1355.18505859,1681.56286621,1867.48217773,2734.27221680
1338,monitor,0,60761.06250000,381045.43750000,58368.69921875,675082.81250000
1339,monitor,0,1165.67932129,1432.20812988,703.79071045,2135.08691406
1340,monitor,0,4815.52441406,9102.13378906,3262.59545898,10178.74414062
1341,monitor,0,889.79199219,913.55279541,923.96136475,1383.24304199
1342,monitor,0,4944.50390625,8357.80468750,4873.37353516,13399.84082031
1343,monitor,0,1813.58581543,3024.93261719,2809.47338867,2370.51220703
1344,monitor,0,410019.93750000,15956650.00000000,539850.31250000,43924232.00000000
1345,monitor,0,1979.86242676,3158.81445312,2627.31518555,3577.49389648
1346,monitor,0,721.79327393,584.26013184,635.08654785,604.38677979
1347,monitor,0,1778.03210449,2778.44897461,1759.07653809,2639.89306641
1348,monitor,0,1886.21264648,3199.52368164,3031.78808594,3332.05566406
1349,monitor,0,1271.75744629,1588.48486328,1268.94995117,2035.58178711
1350,monitor,0,898.98461914,916.31219482,1003.43927002,1094.59362793
1351,monitor,0,1166.80981445,1479.74499512,944.11486816,1684.00756836
1352,monitor,0,72590.77343750,655297.50000000,84133.89062500,905261.75000000
1353,monitor,0,4665.51953125,8022.20507812,8146.43847656,4975.22265625
1354,monitor,0,2968.35620117,5322.80566406,3868.71362305,5267.19335938
1355,monitor,0,853.59082031,804.74072266,979.31982422,968.34613037
1356,monitor,0,2259.70190430,4700.24023438,2906.35620117,4051.16992188
1357,monitor,0,1269.43029785,1553.14892578,998.93286133,2040.63208008
1358,monitor,0,671.97186279,489.95242310,761.21350098,263.60369873
1359,monitor,0,1731.62792969,2468.91796875,1538.46313477,3640.96020508
1360,monitor,0,3443.31298828,10590.82226562,3412.27490234,14349.19628906
1361,monitor,0,3078.63427734,8749.45019531,3631.82324219,8988.96875000
1362,monitor,0,1127.08520508,1288.09033203,1636.40576172,1080.00012207
1363,monitor,0,252271.90625000,6776914.00000000,351580.53125000,22248256.00000000
1364,monitor,0,206552.28125000,4022309.00000000,232574.42187500,7092709.50000000
1365,monitor,0,1320.40954590,1810.74914551,1473.63452148,2658.01416016
1366,monitor,0,17936.86523438,31895.74609375,24222.93750000,56123.16796875
1367,monitor,0,1432.44042969,2157.68750000,743.95385742,2924.98828125
1368,monitor,0,2529.77001953,4675.37402344,2357.95166016,4459.05322266
1369,monitor,0,1490.47924805,2012.86108398,667.86791992,2489.81542969
1370,monitor,0,2240.91040039,3315.41577148,1706.96032715,1942.73413086
1371,monitor,0,44613.33593750,241741.17187500,34633.98437500,237526.89062500
1372,monitor,0,4469.29443359,7485.01318359,3480.00732422,8983.19238281
1373,monitor,0,952.36492920,1071.09277344,589.58978271,870.01153564
1374,monitor,0,1007762.50000000,64332172.00000000,2746156.25000000,132072312.00000000
1375,monitor,0,254065.81250000,6182307.00000000,710363.62500000,16099078.00000000
1376,monitor,0,3599.96875000,6572.01318359,5142.01562500,8736.54101562
1377,monitor,0,5340.40673828,8469.40332031,3522.45800781,6732.06005859
1378,monitor,0,19572696.00000000,6176359424.00000000,45843468.00000000,4098099200.00000000
1379,monitor,0,316155.56250000,11652155.00000000,774687.25000000,14493019.00000000
1380,monitor,0,917.55438232,912.03863525,863.77001953,1508.79382324
1381,monitor,0,841.48168945,771.20532227,1029.70349121,407.57083130
1382,monitor,0,75311.36718750,495018.00000000,64305.55468750,1074064.87500000
1383,monitor,0,35465.81250000,92772.09375000,20757.97265625,338010.75000000
1384,monitor,0,113388.28906250,1815415.00000000,90390.90625000,4059268.75000000
1385,monitor,0,1701.04736328,3156.40747070,1370.69116211,2765.78369141
1386,monitor,0,2612.31127930,4675.32910156,3184.10131836,5494.13818359
1387,monitor,0,755675.00000000,39308444.00000000,1702398.75000000,64400552.00000000
1388,monitor,0,666.88439941,473.46191406,1228.45642090,494.01635742
1389,monitor,0,382664.15625000,13564180.00000000,1049079.12500000,21765896.00000000
1390,monitor,0,105726.14062500,2017527.00000000,125897.92187500,1538024.25000000
1391,monitor,0,139048.54687500,2620690.50000000,145232.34375000,3449626.25000000
1392,monitor,0,1573734.75000000,113038992.00000000,3622960.25000000,192162976.00000000
1393,monitor,0,3830497.25000000,434156672.00000000,7391657.00000000,657439616.00000000
1394,monitor,0,1489.42846680,2027.18151855,1910.71972656,1990.06811523
1395,monitor,0,8080.22070312,13370.00781250,5645.72558594,21539.08007812
1396,monitor,0,2219.58789062,3823.12304688,2140.34497070,3882.72583008
1397,monitor,0,137186.18750000,2556737.25000000,184498.04687500,4937000.00000000
1398,monitor,0,1334190.50000000,87955640.00000000,1826156.50000000,230109648.00000000
1399,monitor,0,3841.61767578,7352.39843750,2525.52709961,8166.52490234
1400,monitor,0,1953.55920410,3143.37524414,2261.73168945,2567.30322266
1401,monitor,0,4158.60986328,6769.94824219,3437.01538086,12045.20996094
1402,monitor,0,948.39910889,994.32519531,517.49597168,1562.20520020
1403,night_stand,0,3013.67309570,6880.30175781,4608.74316406,7046.35644531
1404,night_stand,0,6106.98339844,11393.42480469,7130.41455078,12707.52636719
1405,night_stand,0,5337.39697266,9722.45898438,6014.54785156,10584.01660156
1406,night_stand,0,4720.97265625,9631.28125000,11651.29394531,7801.92187500
1407,night_stand,0,3111.33642578,8500.54492188,4554.46875000,7513.99707031
1408,night_stand,0,4483.33398438,9577.03515625,4391.72851562,7495.05761719
1409,night_stand,0,2375.15332031,7449.89208984,1977.85632324,6584.00976562
1410,night_stand,0,5775.02148438,11591.12011719,15019.93066406,12894.72460938
1411,night_stand,0,7329.36962891,13963.57617188,7937.36523438,17322.99218750
1412,night_stand,0,3934.52148438,8136.00195312,2523.01757812,7144.54736328
1413,night_stand,0,4572.51220703,9338.66796875,6603.62597656,11640.40820312
1414,night_stand,0,2458.84277344,8127.87353516,1981.91503906,7141.50195312
1415,night_stand,0,4948.97705078,11438.32617188,6182.03613281,10608.77734375
1416,night_stand,0,6751.96923828,12743.51269531,9010.19628906,14701.49902344
1417,night_stand,0,3620.85034180,7166.65380859,3016.37695312,5040.00195312
1418,night_stand,0,3473.03613281,10744.60742188,2782.68652344,9989.85937500
1419,night_stand,0,2297.97167969,7417.73730469,1895.06848145,4463.99853516
1420,night_stand,0,4041.17724609,8455.98046875,5740.03906250,6679.19824219
1421,night_stand,0,8663.77636719,27321.23242188,8523.91113281,28462.02148438
1422,night_stand,0,6982.64306641,11511.39062500,7445.58007812,11989.39257812
1423,night_stand,0,7484.04931641,21740.73632812,11458.52734375,27672.68359375
1424,night_stand,0,586746.87500000,25193562.00000000,2002196.87500000,24854684.00000000
1425,night_stand,0,40644.95703125,193711.87500000,47224.24218750,305624.12500000
1426,night_stand,0,4430.70068359,9638.02636719,4505.15869141,10181.15234375
1427,night_stand,0,3915.65820312,9359.89941406,4967.31298828,8413.75976562
1428,night_stand,0,4317.07666016,8846.98437500,3198.32128906,8640.24902344
1429,night_stand,0,5023.91748047,8951.29882812,6095.01269531,7831.22949219
1430,night_stand,0,2427.49902344,4092.26660156,3073.66601562,3151.66259766
1431,night_stand,0,3993.68041992,9097.18652344,4653.90527344,8413.75976562
1432,night_stand,0,6313.83593750,12323.18847656,2845.72680664,14135.05957031
1433,night_stand,0,8581.42089844,17517.59179688,7856.29931641,18360.02539062
1434,night_stand,0,3510.87084961,5908.48925781,3438.17968750,4333.14257812
1435,night_stand,0,4999.98046875,7602.82080078,6185.32714844,7396.74023438
1436,night_stand,0,5752.21240234,13817.00390625,8754.81738281,15631.15722656
1437,night_stand,0,10773.60644531,21273.98437500,17555.32421875,30263.62109375
1438,night_stand,0,4036.53076172,7458.54492188,4239.80957031,6577.04248047
1439,night_stand,0,6238.53417969,10295.42968750,15183.46191406,10924.46875000
1440,night_stand,0,2804.13403320,9648.93457031,2023.83129883,7848.00097656
1441,night_stand,0,6098.99072266,11706.21875000,12820.79101562,13263.18261719
1442,night_stand,0,3676.83715820,8312.45800781,5435.16992188,8003.99951172
1443,night_stand,0,4284.16796875,7564.43408203,2049.26000977,6400.00146484
1444,night_stand,0,2922.22290039,6824.74609375,2309.46582031,4567.18945312
1445,night_stand,0,3964.74511719,6783.80664062,4562.39990234,6911.99902344
1446,night_stand,0,4692.86181641,10292.06250000,5588.66992188,9567.84082031
1447,night_stand,0,3278.13842773,7955.64648438,4524.84521484,5972.48339844
1448,night_stand,0,2818.06201172,5471.71240234,2385.28833008,3940.58374023
1449,night_stand,0,5520.02978516,11681.43652344,4335.52783203,13644.74511719
1450,night_stand,0,4387.93847656,10869.12695312,6589.12353516,9396.35742188
1451,night_stand,0,3109.82299805,8766.77539062,3542.75146484,4535.99902344
1452,night_stand,0,4675.04394531,14634.04296875,4915.78955078,13646.41113281
1453,night_stand,0,5534.19580078,12775.45703125,8130.79687500,12096.00195312
1454,night_stand,0,2643.75927734,5574.51318359,2149.09106445,3242.73681641
1455,night_stand,0,2943.66992188,7418.79150391,3668.69848633,4375.23681641
1456,night_stand,0,7563.00537109,12431.93652344,16365.33789062,12096.17578125
1457,night_stand,0,4838.64306641,8194.63769531,5081.60839844,7855.13037109
1458,night_stand,0,7551.04052734,13932.67285156,6650.99707031,15053.21582031
1459,night_stand,0,3898.26831055,8189.57470703,4398.33984375,7452.00292969
1460,night_stand,0,3765.62768555,7270.17431641,6626.85205078,5194.21044922
1461,night_stand,0,2722.51196289,9808.76367188,3075.12646484,9504.00292969
1462,night_stand,0,5199.41503906,10858.81738281,6666.20166016,11065.20605469
1463,night_stand,0,2640.75439453,5134.96240234,1521.18249512,2812.80834961
1464,night_stand,0,9840.05078125,14904.44433594,13530.54980469,20902.97851562
1465,night_stand,0,6137.78759766,11191.75390625,9267.67382812,11075.74316406
1466,night_stand,0,3387.44750977,9509.25292969,3534.32617188,6853.51318359
1467,night_stand,0,4543.01806641,9449.79687500,2832.07958984,8773.55078125
1468,night_stand,0,4382.62597656,6941.19433594,10460.96679688,6944.26660156
1469,night_stand,0,3509.92651367,9341.99023438,9369.67968750,7276.48046875
1470,night_stand,0,5087.56884766,11384.59375000,4093.46142578,10467.68359375
1471,night_stand,0,7831.48339844,12864.91113281,23115.05468750,16463.65234375
1472,night_stand,0,9869.08496094,15546.96093750,17216.98632812,17889.37109375
1473,night_stand,0,4481.49951172,7296.89990234,8881.16601562,6759.56640625
1474,night_stand,0,21637.64062500,49160.35546875,9720.45703125,71590.79687500
1475,night_stand,0,5516.15576172,13798.79101562,9758.31054688,13230.00585938
1476,night_stand,0,2994.23193359,6376.05566406,3785.21972656,4162.41601562
1477,night_stand,0,3454.08422852,7786.57812500,7792.42529297,5849.73828125
1478,night_stand,0,6247.85986328,13123.56152344,5226.71435547,16946.97460938
1479,night_stand,0,22837.98828125,71179.32812500,16120.16308594,89124.55468750
1480,night_stand,0,4552.31445312,13940.22265625,2551.01562500,12544.00097656
1481,night_stand,0,4028.73339844,8698.79296875,2312.25366211,8395.27539062
1482,night_stand,0,5355.27636719,10340.31445312,6386.34814453,11335.98828125
1483,night_stand,0,8171.03613281,15244.37500000,8618.19140625,21000.93164062
1484,night_stand,0,2167.54003906,7732.04931641,2866.83251953,8287.50585938
1485,night_stand,0,4324.13671875,10796.26757812,5635.00341797,11568.38085938
1486,night_stand,0,4480.67431641,9046.32812500,7462.60107422,7801.92187500
1487,night_stand,0,17694.21875000,35379.63281250,7458.35986328,42069.87500000
1488,night_stand,0,3846.49096680,6752.05957031,3066.37036133,5372.69775391
1489,person,0,6187.48095703,52515.62500000,6310.66894531,104278.75000000
1490,person,0,62485.83984375,652169.62500000,70743.36718750,1348113.75000000
1491,person,0,12153.22070312,30295.41601562,18776.59765625,90897.74218750
1492,person,0,7139.07714844,71089.71093750,7728.25927734,154618.98437500
1493,person,0,2052.47119141,9520.21484375,1917.52758789,34596.77734375
1494,person,0,3.95940113,0.42175835,2.93580437,0.57974732
1495,person,0,6198.42089844,33177.98046875,9449.09375000,68150.92187500
1496,person,0,3495.33178711,18307.67382812,9643.87500000,22128.67968750
1497,person,0,41640.40625000,479905.00000000,42360.95703125,922213.68750000
1498,person,0,7203.57177734,48228.80468750,11965.48242188,91508.07031250
1499,person,0,4953.19433594,30407.52539062,5015.70605469,62361.17968750
1500,person,0,1304.27380371,2416.79150391,1824.90405273,808.16510010
1501,person,0,4222.68408203,28977.96093750,5444.26611328,62461.65234375
1502,person,0,4538.62158203,19118.61328125,6526.27490234,28530.56250000
1503,person,0,45455.93750000,596602.68750000,74467.75000000,1011900.75000000
1504,person,0,3927.67773438,21802.75781250,7535.32714844,42198.46093750
1505,person,0,4.66551018,0.70737308,2.41145039,1.37466812
1506,person,0,1127.72387695,2274.26367188,1392.97265625,4229.77539062
1507,person,0,3866.14965820,27960.91796875,11080.49804688,66627.00000000
1508,piano,0,18696.71875000,166611.81250000,27647.04296875,225017.60937500
1509,piano,0,74880.23437500,664303.56250000,95881.29687500,1143390.75000000
1510,piano,0,33176.17578125,187923.56250000,18952.01171875,311904.78125000
1511,piano,0,74170.35156250,955425.12500000,77200.14062500,1400234.62500000
1512,piano,0,59106.66406250,444818.37500000,39789.89843750,733332.50000000
1513,piano,0,573774.56250000,25615940.00000000,552114.62500000,47675664.00000000
1514,piano,0,29131.05664062,47081.33203125,34166.61328125,74005.71875000
1515,piano,0,50980.50390625,416267.18750000,74443.53906250,836095.62500000
1516,piano,0,21736.03125000,48626.68750000,14328.25976562,76692.18750000
1517,piano,0,30645.64257812,217124.31250000,36334.49218750,307191.25000000
1518,piano,0,17351.26757812,97115.48437500,29029.93750000,181392.18750000
1519,piano,0,84477.43750000,1961885.50000000,83989.34375000,3107070.00000000
1520,piano,0,945836.18750000,59165392.00000000,1652219.62500000,80334040.00000000
1521,piano,0,13913.94921875,32120.01953125,9524.01171875,43061.47656250
1522,piano,0,4884.27294922,23026.47070312,4359.17333984,22124.31054688
1523,piano,0,6559196.00000000,1031602496.00000000,9492343.00000000,2130628608.00000000
1524,piano,0,14578.33496094,30775.27343750,7916.86767578,58660.21875000
1525,piano,0,33725.26171875,263607.59375000,33816.31250000,408396.12500000
1526,piano,0,30817.48046875,73456.96875000,35892.09765625,194770.73437500
1527,piano,0,29323.08007812,49704.09765625,35999.50390625,75362.81250000
1528,piano,0,377035.18750000,16103992.00000000,643973.18750000,20584240.00000000
1529,piano,0,23578.59765625,152922.00000000,26790.65234375,260132.51562500
1530,piano,0,216969.48437500,4325852.00000000,276053.78125000,8922710.00000000
1531,piano,0,556965.75000000,22594994.00000000,668280.06250000,29862336.00000000
1532,piano,0,210161.68750000,4831233.50000000,221323.12500000,4361764.00000000
1533,piano,0,18595.07226562,83955.70312500,17160.98437500,157107.82812500
1534,piano,0,59472.72656250,405103.96875000,75411.34375000,904421.25000000
1535,piano,0,500616.25000000,21780764.00000000,1122299.37500000,35150480.00000000
1536,piano,0,40232.33984375,397508.40625000,59066.71093750,519631.06250000
1537,piano,0,3465367.75000000,368253216.00000000,4876993.50000000,1368644224.00000000
1538,piano,0,354282.59375000,12763092.00000000,494757.00000000,26985012.00000000
1539,piano,0,337.42828369,153.11457825,133.62042236,111.30968475
1540,piano,0,27498.36328125,46776.10156250,36192.69531250,75884.89843750
1541,piano,0,27423.85156250,119357.07031250,28860.88085938,168907.78125000
1542,piano,0,21503.73437500,115937.50781250,42903.57421875,198370.90625000
1543,piano,0,12721.81152344,47762.78906250,20936.75781250,48294.75781250
1544,piano,0,96968.51562500,1314429.25000000,83176.92187500,2465465.75000000
1545,piano,0,26635.72851562,40667.29296875,12075.21972656,62953.23046875
1546,piano,0,17597.55078125,102657.73437500,26796.40234375,181745.95312500
1547,piano,0,242690.32812500,5319473.50000000,552221.00000000,11284656.00000000
1548,piano,0,219199.65625000,4465796.00000000,230695.84375000,9045330.00000000
1549,piano,0,21711.56250000,48258.57031250,12214.51757812,57419.98828125
1550,piano,0,865.55358887,709.13183594,838.97827148,433.30648804
1551,piano,0,24765.06054688,234409.70312500,31956.73437500,381540.68750000
1552,piano,0,27182.23632812,55642.02734375,16439.20507812,79740.45312500
1553,piano,0,31562.25390625,222603.37500000,33919.86328125,307189.21875000
1554,piano,0,73202.34375000,1037093.37500000,107767.00781250,1864416.75000000
1555,piano,0,32685.71093750,240675.87500000,43731.85546875,307190.96875000
1556,piano,0,30345.44140625,75279.70312500,20701.88476562,149623.34375000
1557,piano,0,25270.10351562,57688.44921875,21423.81835938,96182.42968750
1558,piano,0,28925.58203125,52742.33984375,30094.18359375,88012.14843750
1559,piano,0,84283.42187500,1225541.50000000,116711.95312500,2416755.75000000
1560,piano,0,235528.78125000,5919707.00000000,522705.65625000,11669704.00000000
1561,piano,0,28917.63867188,120433.70312500,37824.72656250,238460.40625000
1562,piano,0,37632.44140625,123912.94531250,23253.33593750,289529.65625000
1563,piano,0,12071.01757812,25099.90234375,9054.45019531,33450.67578125
1564,piano,0,18932.37304688,38242.58593750,11280.72363281,50068.43750000
1565,piano,0,1617463.75000000,115286304.00000000,3445395.00000000,348526784.00000000
1566,piano,0,10957.98730469,49917.29687500,16228.43750000,67412.83593750
1567,piano,0,31124.69531250,48785.92187500,36358.54687500,73290.42968750
1568,piano,0,295523.25000000,9570041.00000000,377147.03125000,20830060.00000000
1569,piano,0,64539.82421875,368712.00000000,52563.72656250,609401.50000000
1570,piano,0,100890.98437500,776018.93750000,64599.98437500,1594023.62500000
1571,piano,0,240897.46875000,5268080.00000000,418758.12500000,7214001.00000000
1572,piano,0,2060012.87500000,203350896.00000000,3307881.75000000,279066976.00000000
1573,piano,0,35733.68750000,120510.10937500,46997.39843750,160802.42187500
1574,piano,0,98364.80468750,911678.18750000,70678.96093750,1884400.00000000
1575,piano,0,80611.19531250,925275.87500000,84257.46093750,993915.18750000
1576,piano,0,42251.93750000,235994.43750000,28822.04296875,446628.31250000
1577,piano,0,25377.23828125,151709.65625000,20432.76367188,240912.17187500
1578,piano,0,26367.46484375,59562.75000000,20383.69531250,111475.77343750
1579,piano,0,43871.04296875,232926.68750000,39621.87890625,408237.25000000
1580,piano,0,11676.91406250,103751.51562500,24784.48242188,204443.37500000
1581,piano,0,13166.72656250,39480.95703125,12045.10644531,55007.08984375
1582,piano,0,23987.32031250,74578.19531250,19850.41210938,180365.81250000
1583,piano,0,501023.68750000,26346082.00000000,532373.50000000,40095356.00000000
1584,piano,0,38329.26562500,135682.84375000,42719.14843750,216189.15625000
1585,piano,0,762254.31250000,41056524.00000000,1976441.37500000,63935960.00000000
1586,piano,0,26319.50195312,215079.68750000,33919.86328125,307191.25000000
1587,piano,0,29972.13671875,88253.54687500,51042.96875000,159592.59375000
1588,piano,0,37818.52343750,242407.43750000,33694.07812500,580124.06250000
1589,piano,0,15784.83398438,31274.92968750,12852.05859375,36942.64843750
1590,piano,0,1012460.62500000,64548616.00000000,3215236.50000000,166835680.00000000
1591,piano,0,37192.11718750,230233.18750000,58114.19531250,328262.65625000
1592,piano,0,35862.33203125,97903.68750000,17354.94140625,148003.34375000
1593,piano,0,70356.21875000,903451.50000000,70412.27343750,1667878.50000000
1594,piano,0,68740.55468750,762704.43750000,90498.90625000,1582555.75000000
1595,piano,0,32834.24218750,84442.56250000,28411.41406250,115255.21875000
1596,piano,0,7056021.00000000,1697671424.00000000,10647581.00000000,2700939520.00000000
1597,piano,0,83252.07812500,1062213.00000000,144985.31250000,1255095.12500000
1598,piano,0,39494.62890625,106177.20312500,76000.85156250,181308.65625000
1599,piano,0,24645.34375000,119276.04687500,16086.29785156,246567.18750000
1600,piano,0,279911.03125000,8154733.50000000,661773.00000000,12517496.00000000
1601,piano,0,24507.28906250,140795.12500000,16070.35058594,159848.48437500
1602,piano,0,22131.54882812,38300.94921875,21197.71093750,58199.49609375
1603,piano,0,26092.86523438,47253.30468750,21046.46679688,73117.71093750
1604,piano,0,29442.93359375,79932.92968750,14375.44140625,106185.29687500
1605,plant,0,4753.53466797,12704.81250000,3300.38232422,34180.53125000
1606,plant,0,3337.13574219,10693.09179688,5633.04199219,14089.31152344
1607,plant,0,3782.76855469,30359.27929688,1569.25085449,45348.46484375
1608,plant,0,54846.37890625,458370.25000000,30687.64062500,1121397.50000000
1609,plant,0,12037.76757812,83686.95312500,10598.95703125,214539.89062500
1610,plant,0,4060.15698242,26591.99609375,13610.34179688,21553.71093750
1611,plant,0,2838.02050781,22574.14453125,3652.46777344,34418.89843750
1612,plant,0,3264.76562500,33248.51953125,1898.81701660,64174.44921875
1613,plant,0,140612.23437500,1909799.12500000,110581.89062500,4103551.25000000
1614,plant,0,1535.09973145,12112.76562500,1165.73999023,20625.18359375
1615,plant,0,1700.04858398,10788.96875000,2096.52197266,15960.34472656
1616,plant,0,2090.91040039,2754.83666992,1840.42382812,3287.31079102
1617,plant,0,2115.89208984,6813.40234375,2125.31689453,9619.62207031
1618,plant,0,5511.82714844,56443.51171875,4680.59472656,76074.16406250
1619,plant,0,125379.57812500,3498227.00000000,94880.53125000,5654272.00000000
1620,plant,0,104030.82031250,849918.50000000,146908.01562500,1633751.12500000
1621,plant,0,14.01656055,4.55340242,7.88682079,19.66807365
1622,plant,0,5150837.00000000,705916544.00000000,8800912.00000000,3869633280.00000000
1623,plant,0,4363.46679688,40578.76562500,9769.03808594,92195.44531250
1624,plant,0,22713.15625000,87572.17187500,14657.03417969,136612.51562500
1625,plant,0,2103.44262695,5086.48193359,2704.86865234,6192.93652344
1626,plant,0,14950.58593750,302331.81250000,3484.42211914,782759.75000000
1627,plant,0,2818.13208008,20896.10156250,2379.33789062,36154.57421875
1628,plant,0,27941.45898438,211230.25000000,15136.54296875,645128.18750000
1629,plant,0,26334.39062500,263885.53125000,10838.23730469,489219.12500000
1630,plant,0,86616.89843750,932431.50000000,36514.60937500,1091110.12500000
1631,plant,0,242870.70312500,7235029.00000000,384821.15625000,7040937.00000000
1632,plant,0,31563.81835938,348469.75000000,27969.56054688,952711.87500000
1633,plant,0,8587.27441406,72075.33593750,4700.06542969,206170.48437500
1634,plant,0,4584.30810547,19028.22265625,3322.66650391,31395.09375000
1635,plant,0,7537.17480469,66304.35937500,14948.04882812,119851.76562500
1636,plant,0,4580.84179688,13445.95410156,1182.25964355,28855.87304688
1637,plant,0,9009.22460938,43616.81250000,9490.65039062,81194.41406250
1638,plant,0,3016088.50000000,249363712.00000000,6286219.50000000,1884804608.00000000
1639,plant,0,4484.66845703,40334.57031250,3377.00659180,77107.79687500
1640,plant,0,29246.91601562,159190.98437500,11815.59570312,404015.18750000
1641,plant,0,9881.95117188,116613.15625000,7683.98974609,358596.93750000
1642,plant,0,46376.23828125,655261.87500000,41229.75781250,1623842.25000000
1643,plant,0,1433.16650391,4433.93505859,915.63403320,6459.01562500
1644,plant,0,17145.54101562,189635.87500000,29827.19335938,618405.25000000
1645,plant,0,23573.92187500,363942.28125000,10648.34277344,1520330.37500000
1646,plant,0,1563.53186035,11368.80566406,881.78784180,13792.46191406
1647,plant,0,677.21215820,498.54891968,411.97299194,587.08251953
1648,plant,0,2971.05322266,24973.11328125,1904.49645996,26754.82812500
1649,plant,0,700.69860840,668.34716797,420.77609253,1478.77233887
1650,plant,0,24034.12890625,422011.12500000,19631.78906250,631296.56250000
1651,plant,0,1290.20361328,2667.29760742,819.92877197,4448.43212891
1652,plant,0,9751258.00000000,1750856576.00000000,20205828.00000000,6534083584.00000000
1653,plant,0,21235.91406250,61188.12109375,15386.99804688,90692.43750000
1654,plant,0,1508.38134766,3300.05175781,1330.23254395,4060.30029297
1655,plant,0,3379.98437500,19761.89648438,3668.36938477,33390.97656250
1656,plant,0,13205.43652344,174261.21875000,12503.13867188,453160.56250000
1657,plant,0,2798.95556641,16073.93750000,3375.29638672,19318.97070312
1658,plant,0,90571.00000000,1988854.50000000,58724.08593750,3352800.00000000
1659,plant,0,8343.59570312,40068.10937500,6877.90039062,77730.35156250
1660,plant,0,416.08416748,226.02697754,98.96224976,373.14913940
1661,plant,0,65932.20312500,355648.87500000,95075.00000000,1095073.50000000
1662,plant,0,667427.87500000,32597170.00000000,781512.62500000,86760976.00000000
1663,plant,0,3675.75366211,20297.77734375,3113.50976562,15906.80761719
1664,plant,0,71464.59375000,1320067.25000000,26929.77734375,3842435.75000000
1665,plant,0,13256.49316406,125838.25781250,19824.09570312,242224.64062500
1666,plant,0,1329.10058594,3044.79370117,819.92877197,4448.42382812
1667,plant,0,8840.25390625,55810.07031250,7985.04345703,122826.98437500
1668,plant,0,2564.79028320,6030.47119141,2170.62988281,8244.77343750
1669,plant,0,1640.25402832,5372.47216797,997.31542969,6325.85009766
1670,plant,0,4009.78955078,35170.28125000,1569.25085449,45348.46484375
1671,plant,0,2159.07128906,6183.96435547,895.83764648,8187.03613281
1672,plant,0,22013.07617188,146520.43750000,25109.81640625,253452.32812500
1673,plant,0,398.24505615,203.60380554,203.35487366,189.87774658
1674,plant,0,1627.00341797,7142.08105469,629.85668945,8366.38671875
1675,plant,0,2416.17480469,31076.94140625,1293.73999023,31128.07812500
1676,plant,0,1874.55371094,15092.28906250,1155.13110352,12890.13867188
1677,plant,0,2624.30517578,9077.26074219,1545.31701660,11903.82226562
1678,plant,0,2652.57031250,25542.74023438,1462.00122070,39669.78515625
1679,plant,0,19079.06835938,66981.60937500,17047.70898438,116434.91406250
1680,plant,0,12880.28222656,69776.21875000,7337.34375000,57166.62500000
1681,plant,0,5232.44580078,45617.87890625,13792.17285156,89271.12500000
1682,plant,0,17701.61132812,39772.17968750,2841.36474609,70996.21093750
1683,plant,0,1260.58996582,1558.22021484,1516.62524414,2888.79467773
1684,plant,0,334962.84375000,11649955.00000000,793208.93750000,77308080.00000000
1685,plant,0,2787.53442383,21186.25195312,2055.14990234,42983.92968750
1686,plant,0,718.77044678,741.13769531,506.00622559,1240.30554199
1687,plant,0,170244.89062500,5307302.00000000,117675.48437500,8200653.00000000
1688,plant,0,1457.40551758,3091.34204102,1120.81176758,5127.26855469
1689,plant,0,446.05438232,266.77627563,181.86973572,527.34405518
1690,plant,0,4780.93701172,35470.51562500,6242.41503906,54939.35156250
1691,plant,0,522759.00000000,26738422.00000000,448851.28125000,62564336.00000000
1692,plant,0,3293.27148438,32770.10937500,3047.83349609,53015.21875000
1693,plant,0,2869.70996094,36042.33984375,1380.38330078,61241.01562500
1694,plant,0,2530.80688477,18493.67578125,1506.80883789,29009.42968750
1695,plant,0,1444.13916016,2701.07128906,2071.73510742,3085.72021484
1696,plant,0,3946.65551758,37186.08984375,1569.25085449,45348.46484375
1697,plant,0,4498.99609375,12301.58203125,7096.38183594,36400.14843750
1698,plant,0,57741.67578125,740394.87500000,37421.25000000,881669.12500000
1699,plant,0,4471.31982422,48200.52343750,6178.45751953,88380.30468750
1700,plant,0,1430.45214844,3592.64770508,952.95788574,6340.70458984
1701,plant,0,7923.99169922,133146.20312500,6253.45800781,264496.75000000
1702,radio,0,862.95678711,716.54199219,380.62011719,826.55285645
1703,radio,0,429.70648193,327.48504639,289.41693115,325.08886719
1704,radio,0,953866.50000000,55977148.00000000,615447.62500000,101413928.00000000
1705,radio,0,12362.77832031,23556.27929688,12636.00390625,39181.03125000
1706,radio,0,1124.70849609,2083.53588867,465.96777344,1473.80261230
1707,radio,0,1061.35217285,1464.38891602,839.98541260,969.80645752
1708,radio,0,1137.06701660,1298.22375488,1074.59875488,1499.23339844
1709,radio,0,535278.93750000,25788796.00000000,494195.84375000,34817848.00000000
1710,radio,0,759658.50000000,43883116.00000000,1030433.81250000,25352152.00000000
1711,radio,0,878.65734863,935.50646973,497.89642334,480.07882690
1712,radio,0,920112.31250000,55837456.00000000,1579888.25000000,74397240.00000000
1713,radio,0,924.15722656,823.19958496,510.68832397,455.92721558
1714,radio,0,340058.37500000,11466496.00000000,776252.87500000,17351332.00000000
1715,radio,0,31351.08203125,119620.98437500,46592.31250000,241093.98437500
1716,radio,0,735517.75000000,38965588.00000000,1023493.87500000,31027526.00000000
1717,radio,0,1444.75817871,1679.80590820,1131.36376953,1299.38159180
1718,radio,0,10015076.00000000,2396818944.00000000,17220672.00000000,3456650240.00000000
1719,radio,0,203269.31250000,3357936.00000000,287178.15625000,4162270.00000000
1720,radio,0,1107.29614258,2601.19335938,536.24829102,1443.20300293
1721,range_hood,0,2484.48828125,7816.81152344,5492.04736328,6845.72558594
1722,range_hood,0,3005.72558594,5747.36425781,4407.79394531,5652.40185547
1723,range_hood,0,4.72651768,0.75319445,15.97491360,1.11231518
1724,range_hood,0,25904.15234375,35410.31640625,29849.50390625,38493.01562500
1725,range_hood,0,17369.56250000,25187.98242188,26756.51171875,32571.01171875
1726,range_hood,0,19208.09570312,30635.91210938,26340.82226562,35426.26171875
1727,range_hood,0,18531.51367188,34061.07031250,29014.71289062,39656.24218750
1728,range_hood,0,26784.23828125,46393.04687500,38815.32031250,61440.73437500
1729,range_hood,0,24502.50000000,38524.82031250,31751.64257812,43887.74218750
1730,range_hood,0,29317.32031250,43256.16406250,35109.92578125,55518.73437500
1731,range_hood,0,18894.60156250,32024.34375000,26224.99023438,43675.79687500
1732,range_hood,0,9481.63085938,24308.05468750,19638.58593750,26967.14648438
1733,range_hood,0,28887.59375000,40558.33593750,30351.86718750,54023.81250000
1734,range_hood,0,20961.95117188,33161.81250000,26797.67968750,37788.02343750
1735,range_hood,0,23691.93750000,39839.64062500,31901.49609375,43886.27343750
1736,range_hood,0,27399.51367188,38766.33593750,30551.56054688,49596.75390625
1737,range_hood,0,17044.11523438,25709.91015625,24648.98828125,27495.00585938
1738,range_hood,0,24867.49414062,37344.34765625,34384.35156250,54022.52343750
1739,range_hood,0,30081.27148438,44084.31250000,42495.66015625,66370.53125000
1740,range_hood,0,29708.91992188,43262.60156250,38870.10937500,44414.99609375
1741,range_hood,0,9067.14550781,26108.39843750,17282.51171875,31661.44140625
1742,range_hood,0,4618.97558594,20597.97851562,2870.65039062,20271.09765625
1743,range_hood,0,18716.86132812,31096.21093750,26011.99023438,41675.48828125
1744,range_hood,0,22152.17968750,28753.73437500,28883.70898438,31725.00585938
1745,range_hood,0,26510.55859375,30867.92578125,31283.69921875,38070.02343750
1746,range_hood,0,12800.50878906,22975.35937500,22859.45312500,33641.99609375
1747,range_hood,0,19159.59179688,29698.52343750,27273.74609375,35426.26171875
1748,range_hood,0,16471.84960938,29952.19140625,26806.62500000,39249.02343750
1749,range_hood,0,4401.49169922,8138.13623047,3351.24609375,9281.25195312
1750,range_hood,0,29427.43750000,38403.17968750,40774.47656250,53297.99218750
1751,range_hood,0,25895.35742188,42096.80468750,36259.23437500,47804.16406250
1752,range_hood,0,15455.66894531,26596.17968750,24104.32421875,30016.56250000
1753,range_hood,0,19951.00390625,30505.82031250,27187.94140625,43674.75390625
1754,range_hood,0,10636.00976562,26793.28320312,20984.21484375,26966.24609375
1755,range_hood,0,22336.04687500,35618.68750000,30272.71484375,47848.50000000
1756,range_hood,0,14076.61816406,22417.58984375,23857.61718750,29767.51562500
1757,range_hood,0,18123.28320312,27697.84570312,27519.03515625,34177.50000000
1758,range_hood,0,25727.22656250,45870.60546875,33898.26171875,55518.73437500
1759,range_hood,0,19971.83203125,33750.77734375,27699.14062500,43674.75390625
1760,range_hood,0,17082.52148438,27739.79882812,25399.73242188,34178.64062500
1761,range_hood,0,14503.95898438,27391.15234375,23609.92187500,37752.75781250
1762,range_hood,0,8630.95898438,13435.51953125,5035.95556641,16041.80664062
1763,range_hood,0,2572.62744141,7316.51074219,1625.98913574,7557.66943359
1764,range_hood,0,12499.00195312,30296.25390625,5597.25878906,35075.75390625
1765,range_hood,0,15610.44824219,26542.08203125,25686.82421875,35427.44531250
1766,range_hood,0,12482.37109375,28798.00000000,22648.13281250,37753.65625000
1767,range_hood,0,16280.55664062,22673.24609375,23258.54687500,27917.99218750
1768,range_hood,0,11392.79492188,20581.56250000,9198.35156250,38278.85546875
1769,range_hood,0,5539.11230469,23925.33593750,3961.95483398,23184.99804688
1770,range_hood,0,26321.76171875,87557.55468750,22236.82812500,120372.39062500
1771,range_hood,0,12179.33984375,24255.39453125,11866.38183594,39220.77343750
1772,range_hood,0,29112.72460938,34763.70703125,37533.80078125,50337.03125000
1773,range_hood,0,22683.28125000,29452.81835938,27666.90429688,32994.01953125
1774,range_hood,0,25596.46289062,38567.75781250,37270.76953125,48221.99609375
1775,range_hood,0,24957.37500000,32715.15234375,31079.25195312,35955.00000000
1776,range_hood,0,29661.27343750,38022.71093750,41376.32812500,56259.01562500
1777,range_hood,0,4134.82519531,15478.00195312,5088.54931641,15873.45117188
1778,range_hood,0,3979.81860352,14963.95312500,3876.78930664,13687.31347656
1779,range_hood,0,5615.93847656,24451.98242188,7770.18212891,32873.84765625
1780,range_hood,0,30738.02148438,41570.85156250,38440.03906250,60196.51562500
1781,range_hood,0,34187.99609375,49052.17187500,40482.90234375,66372.11718750
1782,range_hood,0,29948.73632812,45304.07031250,38701.94921875,62318.37109375
1783,range_hood,0,19734.73632812,28598.33984375,25412.93750000,30270.34765625
1784,range_hood,0,25663.68359375,39054.67187500,32412.63476562,39766.94531250
1785,range_hood,0,12635.69042969,47717.35156250,7939.71972656,87293.50000000
1786,range_hood,0,17737.15039062,45010.40234375,10080.94140625,51832.06250000
1787,range_hood,0,6882.12646484,24971.87500000,7046.82031250,32089.31054688
1788,range_hood,0,2141.37255859,4794.57812500,2425.41088867,5753.79785156
1789,range_hood,0,8344.62988281,40705.35546875,14837.59960938,40442.30859375
1790,range_hood,0,6048.19628906,19398.35937500,6756.42724609,18373.98632812
1791,range_hood,0,6423.90234375,30314.31835938,10681.60449219,35457.66406250
1792,range_hood,0,4566.49267578,26513.08789062,2961.48583984,20421.15234375
1793,range_hood,0,15915.35156250,28444.35546875,11547.45800781,51049.83203125
1794,range_hood,0,3699.28662109,6007.08300781,4543.16992188,4840.32812500
1795,range_hood,0,28207.54687500,50196.61718750,42489.98828125,68965.65625000
1796,range_hood,0,26651.12695312,41743.78906250,34914.21875000,55671.06250000
1797,range_hood,0,13120.80859375,27848.95703125,19813.58593750,36881.39453125
1798,range_hood,0,14625.12695312,27411.98046875,10753.72167969,37941.75000000
1799,range_hood,0,8268.07519531,29053.53515625,5666.20507812,38724.02734375
1800,range_hood,0,9784.46093750,26506.13476562,11832.87207031,40067.99609375
1801,range_hood,0,5123.00097656,20347.58789062,5184.94384766,24595.77539062
1802,range_hood,0,2640.54541016,10099.48632812,1975.78247070,16166.86035156
1803,range_hood,0,32505.72070312,39577.65625000,42134.07812500,53297.99218750
1804,range_hood,0,26646.78125000,33352.62500000,35541.28515625,40185.02343750
1805,range_hood,0,8877.65917969,20932.84375000,20528.02343750,24030.00195312
1806,range_hood,0,26856.44921875,37354.03515625,34693.68750000,47409.07812500
1807,range_hood,0,22220.86523438,35177.49218750,26939.71875000,43674.75390625
1808,range_hood,0,21092.58398438,36359.44921875,29239.91601562,39656.24218750
1809,range_hood,0,28122.47656250,39456.03906250,33718.63671875,60197.94921875
1810,range_hood,0,18098.42773438,32752.42578125,25281.74609375,43674.75390625
1811,range_hood,0,18637.09765625,31074.92578125,26127.90234375,35426.26171875
1812,range_hood,0,10425.50781250,20322.29882812,5474.45312500,25452.01367188
1813,range_hood,0,12552.58203125,37137.50000000,5677.80419922,49132.98437500
1814,range_hood,0,4734.77246094,23316.73828125,3136.87182617,18081.10546875
1815,range_hood,0,19757.69335938,26787.15234375,28534.48046875,38588.80078125
1816,range_hood,0,25829.79687500,38965.57031250,31404.52734375,49596.75390625
1817,range_hood,0,27374.28320312,47706.06250000,36929.12109375,61440.73437500
1818,range_hood,0,17619.53320312,28786.13867188,23824.30664062,37752.75781250
1819,range_hood,0,13488.81640625,25066.46093750,22160.65429688,37752.75781250
1820,range_hood,0,20072.94335938,26156.55078125,26760.97851562,32994.01953125
1821,sink,0,2052.40844727,3637.18334961,1872.32287598,4103.00000000
1822,sink,0,3016.85742188,7434.84326172,2427.83251953,10904.90917969
1823,sink,0,57378.98828125,176461.37500000,121716.18750000,256069.23437500
1824,sink,0,3011.57226562,15109.05273438,1687.79467773,18687.92968750
1825,sink,0,2957.13085938,5358.47509766,2515.35424805,5299.89599609
1826,sink,0,22679.60546875,47940.44531250,17173.78906250,105280.40625000
1827,sink,0,2037.69604492,3805.35278320,1072.75451660,4442.19873047
1828,sink,0,15025.40429688,23931.83984375,19893.35742188,30369.26953125
1829,sink,0,3058.92285156,5635.96582031,2440.60351562,5370.07958984
1830,sink,0,2750.26757812,5362.74462891,2706.10229492,6671.04833984
1831,sink,0,1503.03894043,2039.82897949,1129.32885742,1892.81225586
1832,sink,0,23112.36523438,36991.79296875,24393.21484375,40595.14062500
1833,sink,0,11868.15820312,33163.99609375,9490.40625000,42894.24609375
1834,sink,0,2909.53417969,14817.70214844,2688.33691406,17762.76367188
1835,sink,0,1483.76232910,1996.50219727,1099.66174316,1846.27746582
1836,sink,0,2144.13867188,3813.42724609,2271.99072266,8519.64355469
1837,sink,0,181501.56250000,2721113.50000000,212151.04687500,3966306.00000000
1838,sink,0,2469.53393555,8650.91992188,3002.71923828,13113.17675781
1839,sink,0,5164.13476562,22947.46093750,3487.91723633,33233.71484375
1840,sink,0,2427.21411133,11061.81835938,4582.47607422,8105.24511719
1841,sofa,0,147927.42187500,2218833.50000000,237578.76562500,3209728.00000000
1842,sofa,0,19515.30273438,33204.15625000,18342.96093750,63123.73046875
1843,sofa,0,9773.26855469,24618.70312500,8875.10253906,23796.39843750
1844,sofa,0,36438.94531250,74180.60937500,40229.84765625,125763.75781250
1845,sofa,0,31138.53125000,66307.45312500,49508.42968750,87120.67968750
1846,sofa,0,31911.56835938,73290.92187500,33033.34375000,135001.21875000
1847,sofa,0,37058.88281250,64000.74609375,25506.00781250,161728.10937500
1848,sofa,0,25568.18554688,59073.80859375,14576.41601562,85586.21875000
1849,sofa,0,24800.34765625,98785.21875000,39942.01562500,131403.60937500
1850,sofa,0,139700.10937500,1325891.25000000,102278.08593750,2728808.50000000
1851,sofa,0,30263.93945312,59567.35156250,27591.46289062,95475.34375000
1852,sofa,0,29771.51953125,83739.40625000,22601.76171875,106397.96875000
1853,sofa,0,25285.00195312,64354.75781250,16894.12304688,103325.53906250
1854,sofa,0,20340.21484375,46059.98046875,27854.05859375,90811.96093750
1855,sofa,0,368209.84375000,13453952.00000000,399628.62500000,17880658.00000000
1856,sofa,0,33971.85937500,81976.91406250,28535.92187500,119682.94531250
1857,sofa,0,37830.96875000,84690.80468750,56658.64843750,208415.84375000
1858,sofa,0,53651.41015625,181246.25000000,34073.96875000,362806.65625000
1859,sofa,0,205937.42187500,2982622.00000000,208825.29687500,4722109.50000000
1860,sofa,0,12578.30078125,35911.10156250,10944.18945312,54636.30078125
1861,sofa,0,40376.71484375,133745.87500000,32293.65625000,173285.76562500
1862,sofa,0,20496.19531250,40209.05859375,40403.21875000,61534.26562500
1863,sofa,0,35330.47265625,102846.46875000,30206.87304688,144331.81250000
1864,sofa,0,220372.60937500,4806555.00000000,285155.09375000,6454451.00000000
1865,sofa,0,39427.64062500,106975.17187500,56794.54687500,152340.04687500
1866,sofa,0,37794.79687500,132347.35937500,61652.62500000,222268.84375000
1867,sofa,0,33176.46093750,114488.69531250,41343.66796875,285221.18750000
1868,sofa,0,36411.46484375,92356.67187500,42877.92968750,145065.53125000
1869,sofa,0,19872.63085938,45156.28906250,15860.27050781,60023.27343750
1870,sofa,0,12715.70996094,34685.51562500,20745.90039062,40297.58593750
1871,sofa,0,85209.29687500,503444.84375000,70711.39062500,606265.50000000
1872,sofa,0,16843.57421875,61368.41015625,16781.66406250,74001.06250000
1873,sofa,0,33515.75390625,63261.50000000,24386.72656250,121103.56250000
1874,sofa,0,34468.53515625,77467.26562500,50960.18359375,133161.68750000
1875,sofa,0,1436.65576172,1590.38842773,633.93835449,1070.62512207
1876,sofa,0,63514.79296875,286769.28125000,56923.54687500,496205.31250000
1877,sofa,0,31340.52734375,49786.03125000,30618.67773438,76761.62500000
1878,sofa,0,26673.80859375,53693.79296875,41799.16406250,91824.88281250
1879,sofa,0,30186.97265625,53356.48046875,14979.87402344,65248.44140625
1880,sofa,0,46638.94531250,138303.95312500,82126.53125000,188532.82812500
1881,sofa,0,34549.42968750,99929.75781250,52932.86718750,208067.70312500
1882,sofa,0,37573.84375000,95240.07812500,54784.95312500,187889.53125000
1883,sofa,0,42066.70312500,152231.40625000,64486.29687500,265227.78125000
1884,sofa,0,27378.66796875,52621.55859375,31725.03710938,78241.67187500
1885,sofa,0,37330.17578125,77735.91406250,60039.30468750,144910.25000000
1886,sofa,0,44466.96093750,213705.92187500,63755.23828125,311445.53125000
1887,sofa,0,45117.63281250,229921.18750000,73681.84375000,408056.62500000
1888,sofa,0,24769.21875000,75553.58593750,29691.38671875,124641.25000000
1889,sofa,0,24205.20312500,75824.42187500,20038.68554688,117693.21875000
1890,sofa,0,26089.28320312,58412.07812500,23969.27734375,98745.75000000
1891,sofa,0,23264.20507812,46426.64062500,14224.81835938,82647.21875000
1892,sofa,0,20280.78710938,65756.75000000,23982.24218750,108213.15625000
1893,sofa,0,68479.67968750,438547.31250000,75833.96875000,695552.43750000
1894,sofa,0,16357.64550781,52243.07812500,29145.89453125,82303.34375000
1895,sofa,0,19142.42382812,37987.58593750,12326.62109375,55044.19140625
1896,sofa,0,22920.22851562,56409.98437500,12479.09765625,98761.10156250
1897,sofa,0,24077.62500000,104755.50000000,21872.27929688,153842.65625000
1898,sofa,0,25730.78515625,53701.88671875,20408.14648438,95236.44531250
1899,sofa,0,243837.31250000,4878765.50000000,225757.87500000,8338314.50000000
1900,sofa,0,24588.45703125,75620.77343750,25461.50585938,114021.57031250
1901,sofa,0,27739.77343750,87602.99218750,25882.05078125,136919.54687500
1902,sofa,0,28041.38085938,59698.44140625,33360.83203125,96761.40625000
1903,sofa,0,39938.74218750,121350.28125000,28264.41992188,187576.75000000
1904,sofa,0,30097.91601562,74918.16406250,40568.97656250,139701.84375000
1905,sofa,0,53102.55468750,163921.60937500,40082.51953125,352591.21875000
1906,sofa,0,28832.02343750,63233.51171875,29751.90625000,95476.25000000
1907,sofa,0,36506.53125000,88694.91406250,32057.40625000,194496.93750000
1908,sofa,0,33767.67968750,60297.17968750,24564.12890625,114280.44531250
1909,sofa,0,59233.23437500,282466.59375000,121346.22656250,406282.06250000
1910,sofa,0,171586.20312500,2791541.50000000,352884.21875000,3536868.50000000
1911,sofa,0,46059.67187500,131449.73437500,48123.12890625,355326.81250000
1912,sofa,0,40619.65234375,113491.50000000,68894.39843750,155460.89062500
1913,sofa,0,31793.55078125,82964.36718750,42205.17968750,184556.65625000
1914,sofa,0,65319.85546875,295331.93750000,70206.14843750,414577.09375000
1915,sofa,0,30377.87304688,89589.85156250,35984.98437500,116990.21875000
1916,sofa,0,26580.00195312,69075.91406250,34428.61718750,89036.37500000
1917,sofa,0,18485.75976562,46991.34375000,13537.58398438,55086.88671875
1918,sofa,0,17942.32421875,67052.29687500,13694.69140625,87037.63281250
1919,sofa,0,26767.28320312,58354.44921875,34103.42578125,90638.14062500
1920,sofa,0,34351.73828125,103109.57031250,41712.58984375,154233.87500000
1921,sofa,0,13641.99902344,49706.89843750,10225.02050781,67327.57812500
1922,sofa,0,50419.14062500,165505.00000000,34229.39843750,225543.76562500
1923,sofa,0,28134.87109375,58035.26953125,15104.32714844,69255.00000000
1924,sofa,0,26675.25976562,112092.60156250,40546.92968750,150547.84375000
1925,sofa,0,27169.95117188,70551.41406250,34751.04296875,104704.56250000
1926,sofa,0,26339.91796875,77400.80468750,22869.83203125,139925.31250000
1927,sofa,0,32506.09179688,85223.28125000,28726.87304688,193181.84375000
1928,sofa,0,21304.29687500,73114.64062500,30285.21875000,110088.48437500
1929,sofa,0,16012.25976562,50553.71484375,13465.87109375,107142.92187500
1930,sofa,0,7297311.50000000,1340588544.00000000,13456004.00000000,1695862400.00000000
1931,sofa,0,51204.05859375,173294.85937500,41913.08984375,309152.12500000
1932,sofa,0,31585.52929688,81356.02343750,44935.17187500,171200.62500000
1933,sofa,0,45880.53906250,128265.15625000,48216.24609375,207298.62500000
1934,sofa,0,38763.56640625,150890.79687500,66173.14843750,272652.18750000
1935,sofa,0,27368.53906250,62213.26562500,32832.33203125,118906.47656250
1936,sofa,0,29973.19531250,98272.72656250,28159.91601562,133657.64062500
1937,sofa,0,36591.61718750,70458.35156250,37884.94531250,118253.06250000
1938,sofa,0,41261.22656250,97697.18750000,44760.83593750,130860.98437500
1939,sofa,0,24888.94335938,68168.28125000,24177.33203125,84705.98437500
1940,stairs,0,34757.20703125,806619.68750000,42113.10546875,1098849.00000000
1941,stairs,0,74884.30468750,771523.50000000,79103.97656250,7324419.00000000
1942,stairs,0,6963103.00000000,1158866816.00000000,7119668.00000000,2798538752.00000000
1943,stairs,0,15.60948944,5.17757463,13.67558670,8.38616562
1944,stairs,0,2452895.25000000,263717872.00000000,3524195.00000000,460227424.00000000
1945,stairs,0,242.44491577,102.20809937,65.96242523,60.91558838
1946,stairs,0,36584.67187500,875524.06250000,51799.25000000,831130.87500000
1947,stairs,0,28344.78125000,256240.23437500,22896.08593750,768990.00000000
1948,stairs,0,1391.93481445,2466.93066406,579.87841797,2141.85278320
1949,stairs,0,28289.36523438,323313.96875000,36987.34765625,3641131.25000000
1950,stairs,0,281850.65625000,8121926.50000000,326801.43750000,15266595.00000000
1951,stairs,0,17182.16015625,254429.28125000,17691.48437500,414357.31250000
1952,stairs,0,52.99894714,21.67563820,9.13195992,37.30662155
1953,stairs,0,39170.34375000,894532.56250000,36938.91406250,1901332.37500000
1954,stairs,0,360738.65625000,12988138.00000000,477500.03125000,30000036.00000000
1955,stairs,0,291.80999756,126.76066589,64.71809387,89.98159790
1956,stairs,0,55966.02734375,430178.62500000,81220.67187500,517439.37500000
1957,stairs,0,21779.23242188,70564.46875000,28671.72070312,894400.37500000
1958,stool,0,4.17117405,0.50322068,2.28028750,1.21976948
1959,stool,0,3.54974365,0.15896980,0.77588153,0.07940947
1960,stool,0,4546.99804688,17287.65625000,3516.74365234,24173.55078125
1961,stool,0,1611.55676270,4714.21386719,988.84387207,3824.58593750
1962,stool,0,3.56952024,0.17531726,1.22104001,0.20409822
1963,stool,0,2527.62768555,10977.55957031,2087.33251953,6885.00195312
1964,stool,0,3.56106949,0.16269282,0.65490431,0.23570575
1965,stool,0,3450.09277344,20881.65820312,1282.49414062,18186.70703125
1966,stool,0,18116.09375000,251135.29687500,20048.39648438,424179.90625000
1967,stool,0,1897.05590820,5477.43066406,1063.51745605,5667.54541016
1968,stool,0,8291.35644531,93793.82031250,7524.15234375,254442.37500000
1969,stool,0,3.46305037,0.08239785,0.17975080,0.01613332
1970,stool,0,7119.98242188,37481.64843750,8709.84277344,73926.00781250
1971,stool,0,10459.71972656,65640.39843750,7190.11083984,83615.87500000
1972,stool,0,2488.71459961,14845.20117188,2449.67333984,9381.02734375
1973,stool,0,7171.90527344,37889.42578125,5983.04882812,57583.79296875
1974,stool,0,3.64499998,0.21694823,1.11690915,0.24884543
1975,stool,0,433595.56250000,17866852.00000000,401063.81250000,103896744.00000000
1976,stool,0,2059.24951172,8709.21972656,890.69970703,13845.60351562
1977,stool,0,920.74597168,1069.60974121,224.31083679,1651.79724121
1978,table,0,4632794.00000000,705857344.00000000,10387092.00000000,909563328.00000000
1979,table,0,12557.15625000,53855.75000000,19932.82226562,89049.19531250
1980,table,0,5688.49414062,31653.43945312,4434.55712891,37802.76562500
1981,table,0,5399.96875000,50939.38671875,5895.82275391,44139.08593750
1982,table,0,14696.35351562,68679.28906250,19217.47656250,93733.10937500
1983,table,0,12407.04980469,33832.01953125,7532.65429688,48697.08593750
1984,table,0,8287.87695312,53978.75000000,12664.10351562,73155.44531250
1985,table,0,11351.65429688,43452.85156250,18459.68359375,60769.98828125
1986,table,0,6273.89062500,34004.20703125,8470.70410156,36669.83593750
1987,table,0,8993.88281250,60819.03906250,64692.77343750,90816.29687500
1988,table,0,6806.39404297,51401.82031250,6162.16113281,80561.85937500
1989,table,0,4060.21118164,21833.80468750,5223.55468750,24253.21875000
1990,table,0,4556.54150391,31158.13671875,3990.55395508,35939.84765625
1991,table,0,5909.71826172,60908.37109375,18068.81445312,118033.12500000
1992,table,0,21161.41406250,66323.26562500,24067.77734375,96407.51562500
1993,table,0,6918.34472656,46006.59375000,4290.58056641,59713.81640625
1994,table,0,7433.46777344,42113.54687500,6596.82666016,96534.66406250
1995,table,0,23482.10156250,69670.09375000,23816.17382812,110047.86718750
1996,table,0,27489.57812500,96544.79687500,30830.38476562,171798.09375000
1997,table,0,14672.33496094,42920.19140625,18739.00976562,62901.56250000
1998,table,0,4497.71777344,24140.32812500,6236.10693359,28554.87109375
1999,table,0,5692.22851562,23132.63085938,6713.87451172,33060.85937500
2000,table,0,4722.77880859,22074.54882812,7083.62109375,24661.56640625
2001,table,0,7263.17382812,50624.01171875,10053.95898438,60809.00390625
2002,table,0,8810.37988281,54420.95312500,9835.39746094,55094.82031250
2003,table,0,5689.04199219,23115.86914062,5595.36376953,32919.83984375
2004,table,0,5602.22070312,19210.64062500,10534.10546875,35698.87890625
2005,table,0,16847.17187500,53049.60937500,9997.51367188,70958.30468750
2006,table,0,10501.33300781,45903.77734375,14281.87207031,82823.72656250
2007,table,0,16650.04492188,90468.61718750,11888.07421875,94499.98437500
2008,table,0,9260.22558594,38740.32031250,8021.08007812,51621.12109375
2009,table,0,7843.45117188,36821.33203125,15354.96582031,57599.99609375
2010,table,0,3515.05664062,25413.20507812,3557.03198242,21375.00000000
2011,table,0,6631.34765625,58557.76562500,7521.16748047,55458.51171875
2012,table,0,9227.18164062,33600.53515625,4443.93212891,38422.19140625
2013,table,0,7443.64160156,41135.69140625,11606.41992188,57133.53906250
2014,table,0,383.43090820,167.43841553,96.49569702,53.52933502
2015,table,0,8024.82226562,49184.74218750,9731.20800781,62293.77343750
2016,table,0,6358.03125000,41529.91796875,4648.11523438,58598.60156250
2017,table,0,24399.56640625,144905.82812500,17208.43359375,225312.43750000
2018,table,0,8085.13183594,49783.60937500,5054.77246094,59535.09375000
2019,table,0,6760.65625000,65062.40234375,8571.78417969,69611.51562500
2020,table,0,8186.33349609,28380.97460938,4420.18945312,32928.38281250
2021,table,0,4353.48876953,16490.38281250,4535.27636719,21419.32421875
2022,table,0,5388.01171875,38112.34765625,5418.10449219,38422.74218750
2023,table,0,11034.05371094,95655.25000000,8226.54980469,142833.78125000
2024,table,0,9435.63964844,43300.28906250,6255.77294922,55884.53125000
2025,table,0,6950.11132812,27979.03125000,7807.99658203,35423.99609375
2026,table,0,6395.41259766,42298.06250000,9341.11718750,50853.42187500
2027,table,0,6646.30419922,43810.91796875,10110.09667969,51271.53906250
2028,table,0,6904.67871094,34625.56250000,5586.86279297,51259.95312500
2029,table,0,5483.18554688,26011.59375000,8272.84765625,28076.62500000
2030,table,0,7178.21533203,41135.02343750,10338.46972656,41759.99609375
2031,table,0,6718.01904297,43907.62500000,8808.88476562,50390.34375000
2032,table,0,8435.84179688,54097.53906250,12918.34667969,65027.04296875
2033,table,0,13000.51562500,72766.34375000,17755.68359375,105840.03125000
2034,table,0,7298.87646484,49098.92968750,7527.74121094,71362.57031250
2035,table,0,5111.54492188,14361.06640625,3326.53247070,19304.97265625
2036,table,0,17245.64648438,56361.64062500,9997.50390625,70958.23437500
2037,table,0,8680.07031250,53624.96484375,16825.96093750,57600.10546875
2038,table,0,8132.60400391,59046.60546875,7668.17578125,70494.78125000
2039,table,0,7203.72314453,48830.18750000,8445.61523438,61024.13281250
2040,table,0,6530.35986328,32585.76953125,4767.20703125,50802.37890625
2041,table,0,7640.46240234,66710.60937500,6293.06933594,83187.71093750
2042,table,0,3780.55371094,24949.11718750,2723.69287109,30599.99609375
2043,table,0,7075.72705078,37030.05468750,12057.17480469,60900.06250000
2044,table,0,7006.00585938,35907.50781250,18616.34765625,50449.29687500
2045,table,0,5959.54296875,29474.34375000,9397.75585938,30468.74804688
2046,table,0,7933.03613281,38934.81250000,15959.84179688,60783.14453125
2047,table,0,5499.91113281,43149.20312500,7078.71093750,45514.19531250
2048,table,0,4239.85839844,25839.35742188,3155.69384766,36720.01953125
2049,table,0,5536.31835938,37230.05468750,4656.19189453,36771.84765625
2050,table,0,5723.62646484,36569.60156250,13924.94140625,34560.00781250
2051,table,0,4060.70703125,20537.97265625,2942.28125000,32107.03515625
2052,table,0,9853.44335938,34984.41406250,12047.25488281,42968.76562500
2053,table,0,9180.32226562,60488.16796875,16239.12011719,84619.10937500
2054,table,0,6756.98144531,31518.63671875,5295.30761719,29025.83984375
2055,table,0,6357.70361328,37721.91406250,12872.75390625,34277.25390625
2056,table,0,5472.39111328,31010.41406250,6147.22656250,39005.39062500
2057,table,0,9938.96679688,51931.61328125,13218.31445312,73157.39843750
2058,table,0,9958.10546875,44328.37500000,7290.15185547,54000.01171875
2059,table,0,8872.49609375,29806.66210938,4466.69042969,32928.38281250
2060,table,0,5002.69531250,31572.21875000,3514.94580078,40134.12109375
2061,table,0,3717.09716797,26979.57031250,2462.07519531,33216.41406250
2062,table,0,5480.84863281,32825.53906250,7545.38867188,32774.29687500
2063,table,0,8177.74121094,38331.75390625,15151.70898438,46080.01562500
2064,table,0,8380.28320312,63454.61328125,6293.06933594,83187.71093750
2065,table,0,5899.72656250,41969.44921875,6886.52587891,42668.66015625
2066,table,0,22201.46093750,89056.41406250,22372.35351562,118076.02343750
2067,table,0,5770.21484375,42698.01171875,4732.03662109,43678.33593750
2068,table,0,3510.53271484,19800.09765625,5106.88574219,17147.06250000
2069,table,0,14391.23046875,37234.38671875,15062.34960938,48697.17968750
2070,table,0,7827.90625000,46123.58593750,6741.85302734,53888.73437500
2071,table,0,9561.60156250,40930.39843750,8403.76757812,81024.78125000
2072,table,0,8884.93554688,44264.96484375,7252.67236328,48245.86718750
2073,table,0,2519.79296875,12817.80761719,1644.28076172,8300.62207031
2074,table,0,2668.84643555,10878.37792969,2951.87280273,8391.75292969
2075,table,0,6619.91503906,25025.01757812,4237.17773438,22418.55273438
2076,table,0,15034.62109375,93627.23437500,20843.71484375,110592.01562500
2077,tent,0,44030.69921875,206779.71875000,41320.64843750,360074.59375000
2078,tent,0,262027.03125000,7272689.50000000,379086.68750000,8598547.00000000
2079,tent,0,44494.66015625,356902.96875000,43566.88281250,491794.28125000
2080,tent,0,23269768.00000000,12004799488.00000000,50189080.00000000,13290940416.00000000
2081,tent,0,23947.13671875,127245.99218750,20082.51757812,171317.06250000
2082,tent,0,80917.67187500,1057504.87500000,67964.25781250,1106281.00000000
2083,tent,0,1831029.00000000,192933120.00000000,2175172.50000000,209621536.00000000
2084,tent,0,249152.18750000,6040805.00000000,518128.71875000,6359319.00000000
2085,tent,0,226551.57812500,5567986.00000000,281086.96875000,6539646.00000000
2086,tent,0,51670.17968750,402673.09375000,75574.34375000,529200.12500000
2087,tent,0,24188.63281250,127647.57031250,25598.34375000,165110.09375000
2088,tent,0,495074.65625000,24014932.00000000,646213.12500000,24184964.00000000
2089,tent,0,185855.03125000,3378790.50000000,234490.42187500,8426609.00000000
2090,tent,0,34506.45703125,198806.50000000,35614.40625000,247375.28125000
2091,tent,0,179619.62500000,4919361.50000000,161780.09375000,3455948.50000000
2092,tent,0,7532.91992188,23756.64843750,2803.82250977,19136.80078125
2093,tent,0,4961.62109375,14400.22363281,2787.19140625,15253.82812500
2094,tent,0,88499.65625000,1052461.25000000,57738.09765625,1583898.12500000
2095,tent,0,147056.17187500,4420967.50000000,170797.65625000,2788827.50000000
2096,tent,0,192995.87500000,4862258.00000000,199873.56250000,4520476.50000000
2097,toilet,0,3120.63159180,5579.06152344,3516.88793945,5349.88964844
2098,toilet,0,215926.64062500,4129359.25000000,178054.31250000,14195035.00000000
2099,toilet,0,5779.76074219,15884.76464844,4317.29492188,18997.08984375
2100,toilet,0,7534.12695312,30892.87109375,8911.46582031,63805.78906250
2101,toilet,0,4421.45068359,10677.81542969,5829.40185547,15704.72167969
2102,toilet,0,4127.27099609,11001.11035156,5197.51123047,13180.04492188
2103,toilet,0,4072.27441406,11406.45019531,3558.25048828,15781.77734375
2104,toilet,0,4444.34765625,13848.97070312,9347.77539062,18793.88476562
2105,toilet,0,25603.73828125,52434.05078125,12986.41308594,112098.79687500
2106,toilet,0,36652.42187500,194202.98437500,21118.32812500,450006.37500000
2107,toilet,0,21564.44531250,37271.40625000,32392.79492188,100482.69531250
2108,toilet,0,2905.99023438,5920.03710938,1664.95336914,5200.62548828
2109,toilet,0,2558.05908203,8195.88085938,1875.11547852,10932.60937500
2110,toilet,0,3432.48388672,11853.91601562,2641.39208984,13086.80175781
2111,toilet,0,4447.89746094,12604.55175781,5658.92968750,19392.07031250
2112,toilet,0,2279.06079102,3770.85058594,4107.85986328,4288.14599609
2113,toilet,0,4258.36523438,12315.57421875,5829.40185547,15704.69140625
2114,toilet,0,4123.46582031,7477.25683594,6892.82812500,9133.12695312
2115,toilet,0,5208.71289062,13709.92871094,3099.61938477,21906.80859375
2116,toilet,0,2409.40014648,4014.42822266,2485.98437500,3734.97216797
2117,toilet,0,76775.32031250,596529.31250000,80483.29687500,992759.50000000
2118,toilet,0,4066.26928711,12114.61328125,5411.53955078,14870.79296875
2119,toilet,0,3945.24389648,10586.76269531,5701.12890625,15019.84472656
2120,toilet,0,4305.41406250,11731.42285156,5659.99804688,16613.91015625
2121,toilet,0,3888.24829102,12122.54296875,5520.09277344,15551.43945312
2122,toilet,0,3755.34301758,11226.99218750,5411.53955078,14870.79296875
2123,toilet,0,2647.45703125,4815.74951172,5864.00000000,4188.34082031
2124,toilet,0,4870.89648438,13840.51953125,3120.37573242,23468.66796875
2125,toilet,0,4837.28613281,9251.81250000,6612.82812500,11530.50976562
2126,toilet,0,4541.28076172,11791.51562500,8579.05566406,18239.21875000
2127,toilet,0,3211.45263672,11170.59667969,2623.24267578,10576.71093750
2128,toilet,0,4119.56152344,10986.71386719,5437.35839844,14894.80957031
2129,toilet,0,3749.74438477,11224.80761719,5701.12890625,15019.84472656
2130,toilet,0,3946.49340820,10372.12890625,4991.30322266,13815.76562500
2131,toilet,0,4296.71582031,11840.02929688,3342.37036133,19351.03710938
2132,toilet,0,1505354.62500000,96255328.00000000,3536096.00000000,193700064.00000000
2133,toilet,0,3915.65820312,9817.79589844,6457.43212891,13519.14648438
2134,toilet,0,3298.20434570,10650.82128906,4363.10498047,12272.84667969
2135,toilet,0,3967.72631836,10906.15722656,2864.67407227,13086.78906250
2136,toilet,0,2640.13598633,4718.30761719,3100.72265625,4489.82177734
2137,toilet,0,4706.97021484,13756.25585938,6364.88769531,16965.28125000
2138,toilet,0,4214.32226562,12049.33496094,5906.92285156,16034.69335938
2139,toilet,0,4843.71337891,12127.04101562,4556.47607422,17166.15820312
2140,toilet,0,3568.85986328,10359.91894531,4991.30322266,13815.76562500
2141,toilet,0,59174.00781250,334649.31250000,54263.45312500,525079.37500000
2142,toilet,0,162863.71875000,1735500.50000000,272364.00000000,6291359.00000000
2143,toilet,0,2016.25939941,3699.63940430,2219.68652344,3899.36547852
2144,toilet,0,2211.97729492,3926.18676758,3731.02294922,4593.71044922
2145,toilet,0,128530.63281250,1326007.50000000,162052.03125000,2236767.00000000
2146,toilet,0,22751.48632812,109966.03125000,44403.05468750,303867.56250000
2147,toilet,0,3479.36328125,9959.66308594,4831.63720703,9086.09570312
2148,toilet,0,4322.33886719,12863.50000000,6481.99902344,19680.90625000
2149,toilet,0,3342947.25000000,339501888.00000000,10804369.00000000,874746880.00000000
2150,toilet,0,3381.00341797,12212.09570312,4933.01416016,14884.89746094
2151,toilet,0,3689.19726562,15548.65136719,5834.29687500,15554.96972656
2152,toilet,0,5404.15820312,11949.09472656,4486.39257812,14206.16210938
2153,toilet,0,3395.13427734,11444.05566406,5801.66113281,12968.08300781
2154,toilet,0,5063.78759766,12113.21582031,3099.57812500,21907.68554688
2155,toilet,0,3406.39794922,14543.15820312,3742.39746094,14606.65722656
2156,toilet,0,4980.83984375,12792.66113281,7171.05712891,17461.38085938
2157,toilet,0,2834.89501953,5588.17382812,5473.23144531,5337.66699219
2158,toilet,0,3864.85522461,11804.77050781,5113.46142578,14030.81835938
2159,toilet,0,1168743.12500000,68838360.00000000,2027093.00000000,184808736.00000000
2160,toilet,0,3135.37280273,13995.17382812,4886.89160156,16078.90429688
2161,toilet,0,4234.76123047,14342.04101562,5613.91943359,15603.31835938
2162,toilet,0,5207.92285156,12384.19726562,6199.23632812,21906.78710938
2163,toilet,0,4154.66503906,13543.13769531,7195.60644531,20054.23046875
2164,toilet,0,2349.71313477,4339.81054688,2941.28662109,5963.11962891
2165,toilet,0,3893.05078125,11700.86132812,5599.94482422,15506.00097656
2166,toilet,0,4764.21582031,13957.69042969,5874.90039062,15458.41113281
2167,toilet,0,4283.42822266,12277.89257812,5829.40185547,15704.69140625
2168,toilet,0,3828.49169922,10479.58105469,4979.08691406,14103.99218750
2169,toilet,0,4302.66308594,11810.29980469,6033.14062500,13745.08203125
2170,toilet,0,2737.98657227,5224.47119141,3370.26733398,6597.05322266
2171,toilet,0,4466.20458984,12048.77148438,5643.94335938,15459.82617188
2172,toilet,0,2699.56054688,5556.58593750,3312.39355469,6597.04687500
2173,toilet,0,4410.41015625,12831.17675781,5643.94335938,15459.82617188
2174,toilet,0,4198.43310547,11750.67187500,4790.95751953,14441.41601562
2175,toilet,0,4.48804379,0.63800299,14.76261997,1.75652647
2176,toilet,0,2808.11352539,5870.91210938,3905.95849609,7702.69433594
2177,toilet,0,3054.91601562,5137.58398438,4243.69384766,6570.96630859
2178,toilet,0,4618.83447266,13042.33105469,5900.20507812,16342.08300781
2179,toilet,0,4025.54882812,11427.05175781,5322.53662109,14843.79882812
2180,toilet,0,3854.29980469,12588.45312500,5319.04980469,13909.53125000
2181,toilet,0,4098.48974609,10922.20898438,5599.94482422,15506.01562500
2182,toilet,0,3187.42919922,9323.37792969,2041.46362305,11484.71972656
2183,toilet,0,4801.25097656,13179.44140625,9348.03320312,18797.56054688
2184,toilet,0,5193.36328125,17260.58789062,6249.04003906,26993.23828125
2185,toilet,0,3425.13403320,13482.80957031,3900.23974609,14553.35742188
2186,toilet,0,2859.94604492,8033.93554688,3605.35058594,9374.24707031
2187,toilet,0,4390.37548828,12105.18945312,8439.04492188,19619.09765625
2188,toilet,0,4339.88476562,12112.33789062,5772.58203125,15570.46582031
2189,toilet,0,416944.18750000,16203170.00000000,498224.37500000,25948116.00000000
2190,toilet,0,4988.11914062,13754.06542969,6199.11230469,21906.62109375
2191,toilet,0,7428.61962891,24110.46289062,11519.47363281,55537.85156250
2192,toilet,0,4047.60449219,10209.38085938,5170.28076172,14574.66503906
2193,toilet,0,4066.43212891,11290.75585938,5170.28076172,14574.66503906
2194,toilet,0,4280.27929688,12086.55761719,5520.09277344,15551.43945312
2195,toilet,0,3791.84033203,10016.90820312,4977.54882812,13587.65722656
2196,toilet,0,3928.90673828,10796.28808594,4977.54882812,13587.65722656
2197,tv_stand,0,7227.10839844,13841.15429688,8011.30908203,17833.71875000
2198,tv_stand,0,50083.95703125,277305.81250000,112912.30468750,374740.59375000
2199,tv_stand,0,9152.93164062,14804.45214844,11804.42187500,16556.94921875
2200,tv_stand,0,24846.96484375,53521.04296875,32999.99609375,95495.74218750
2201,tv_stand,0,8342.17871094,12344.22070312,5958.78125000,11423.60839844
2202,tv_stand,0,16090.11816406,26684.57226562,15118.78222656,26949.09765625
2203,tv_stand,0,10199.04492188,23263.20703125,11399.53320312,32201.05468750
2204,tv_stand,0,15767.42480469,29485.22265625,27040.59570312,53584.01562500
2205,tv_stand,0,10305.73535156,17107.64648438,19975.39453125,21448.12695312
2206,tv_stand,0,12069.62402344,19738.93359375,6231.06494141,17529.67578125
2207,tv_stand,0,16665.08789062,29731.90820312,16376.95507812,31564.69140625
2208,tv_stand,0,5829.91308594,13032.89355469,11311.50390625,15343.97167969
2209,tv_stand,0,13461.27441406,18071.45117188,16233.32910156,19205.00000000
2210,tv_stand,0,9370.86816406,16064.54199219,6609.93359375,17431.77929688
2211,tv_stand,0,2071.29833984,2608.31054688,3232.51660156,1927.22534180
2212,tv_stand,0,30661.72265625,120765.75000000,29178.88085938,157501.03125000
2213,tv_stand,0,11147.02246094,19573.70117188,16357.23925781,20403.51562500
2214,tv_stand,0,11232.52929688,19643.68164062,7652.13085938,22144.34375000
2215,tv_stand,0,9656.67773438,15788.22167969,6123.05224609,18522.00781250
2216,tv_stand,0,9828.05468750,32915.07031250,28426.97265625,45374.98437500
2217,tv_stand,0,6629.24804688,10752.01855469,5095.54345703,13498.44238281
2218,tv_stand,0,16662.99023438,25904.66992188,31048.94531250,82743.67187500
2219,tv_stand,0,132483.37500000,1350553.62500000,318221.00000000,2643142.25000000
2220,tv_stand,0,7451.61181641,11513.72851562,7167.90478516,14953.12500000
2221,tv_stand,0,19307.14453125,32596.11914062,24969.89843750,38501.78906250
2222,tv_stand,0,26058.64648438,43361.82031250,29354.92187500,57267.84375000
2223,tv_stand,0,9981.87890625,26506.79296875,13161.90625000,36341.00781250
2224,tv_stand,0,22924.79687500,44843.77343750,11442.46191406,78972.74218750
2225,tv_stand,0,64290.04296875,467545.00000000,69796.17968750,528695.68750000
2226,tv_stand,0,15777.39843750,23035.36718750,16359.56445312,28025.39257812
2227,tv_stand,0,14392.16406250,24533.15429688,9365.23925781,35012.25390625
2228,tv_stand,0,13876.55078125,23022.38671875,23554.88671875,31532.85742188
2229,tv_stand,0,15216.10742188,29077.48437500,21184.87695312,28825.06640625
2230,tv_stand,0,7594.12402344,12945.46875000,8817.70214844,14609.02539062
2231,tv_stand,0,11366.09570312,18227.79296875,16549.19726562,23699.28125000
2232,tv_stand,0,9770.14648438,15482.04785156,6070.64453125,15377.97558594
2233,tv_stand,0,5276.76269531,12009.37402344,9131.43750000,29806.57617188
2234,tv_stand,0,13647.13964844,19994.60546875,8063.49121094,20504.13281250
2235,tv_stand,0,11352.85644531,17593.42187500,6513.57617188,14896.24414062
2236,tv_stand,0,6916.16699219,12598.33789062,6055.06542969,15236.68554688
2237,tv_stand,0,3507.95849609,9397.63964844,2617.33056641,6554.94726562
2238,tv_stand,0,12293.07812500,19528.89453125,10160.75097656,26399.97265625
2239,tv_stand,0,13781.39062500,19638.62500000,11430.30078125,31579.05468750
2240,tv_stand,0,12823.13867188,20800.40234375,9290.19726562,20055.01367188
2241,tv_stand,0,13588.95312500,30175.77734375,14289.87011719,40824.01171875
2242,tv_stand,0,28241.19335938,88366.65625000,19613.72851562,103925.90625000
2243,tv_stand,0,13208.29589844,30963.98828125,19706.07421875,31941.40820312
2244,tv_stand,0,22318.96875000,28677.40820312,26906.10742188,31548.41015625
2245,tv_stand,0,11720.77539062,16767.31445312,23406.41601562,22176.00390625
2246,tv_stand,0,222505.53125000,4547878.00000000,396751.31250000,5507616.50000000
2247,tv_stand,0,11624.34375000,17302.59960938,14552.92675781,14645.64550781
2248,tv_stand,0,12487.87304688,18231.42578125,20378.00000000,21312.00000000
2249,tv_stand,0,32534.71875000,125420.00000000,43064.84375000,155278.04687500
2250,tv_stand,0,15059.40527344,24876.24609375,7304.66406250,29489.01953125
2251,tv_stand,0,22190.66406250,33113.30078125,30534.98437500,46380.52734375
2252,tv_stand,0,26653.13476562,72560.32031250,31359.24414062,110949.39062500
2253,tv_stand,0,12930.21679688,22329.91210938,13142.22460938,23625.26171875
2254,tv_stand,0,21671.19921875,30994.50781250,13170.95996094,37453.20312500
2255,tv_stand,0,13729.55664062,21558.78906250,12232.17968750,30513.41406250
2256,tv_stand,0,9481.40429688,12332.47656250,13980.12597656,11162.81054688
2257,tv_stand,0,20071.37500000,26715.00195312,32627.62695312,37488.44140625
2258,tv_stand,0,48833.58593750,236193.70312500,38352.23046875,273393.75000000
2259,tv_stand,0,21605.67773438,47068.80468750,19788.48828125,52151.92968750
2260,tv_stand,0,13834.43554688,19628.62500000,19895.74804688,18088.00585938
2261,tv_stand,0,16081.48144531,25755.58203125,22963.66015625,34122.29296875
2262,tv_stand,0,14206.09472656,23912.24218750,18500.83984375,31972.86132812
2263,tv_stand,0,8599.19140625,16315.56152344,10160.23730469,24167.44140625
2264,tv_stand,0,17135.27539062,39846.36718750,27237.87500000,55434.98046875
2265,tv_stand,0,1604203.25000000,130197944.00000000,2272792.75000000,135375664.00000000
2266,tv_stand,0,19704.83203125,25746.88867188,9055.43554688,30984.19335938
2267,tv_stand,0,16492.20703125,28022.29296875,13772.04882812,39127.14843750
2268,tv_stand,0,8459.65917969,12877.51855469,5186.47216797,14616.00781250
2269,tv_stand,0,11404.02441406,30492.43945312,10611.04394531,36650.74609375
2270,tv_stand,0,13257.33984375,23393.25000000,18243.86328125,26886.79101562
2271,tv_stand,0,13566.60156250,20161.87304688,12607.70214844,22517.70117188
2272,tv_stand,0,6604.95507812,11036.34765625,5654.45654297,11072.24804688
2273,tv_stand,0,88046.14843750,673253.00000000,79174.16406250,770328.75000000
2274,tv_stand,0,13527.23339844,24418.56250000,12629.41308594,30110.57617188
2275,tv_stand,0,15256.92773438,23317.71484375,10812.85839844,23810.38281250
2276,tv_stand,0,4982.96875000,9821.58007812,7748.33496094,10957.92480469
2277,tv_stand,0,10348.03906250,14653.46972656,6089.24267578,16932.67578125
2278,tv_stand,0,23498.18750000,32215.64453125,14125.55859375,40359.96875000
2279,tv_stand,0,22134.46289062,31053.12109375,27125.05664062,49799.70703125
2280,tv_stand,0,7884.62255859,13527.98242188,8155.33203125,13229.98046875
2281,tv_stand,0,16004.58007812,22421.35351562,26860.87890625,25607.47656250
2282,tv_stand,0,8263.94433594,14036.74804688,10440.41406250,18176.94531250
2283,tv_stand,0,25411.16992188,39477.49218750,48173.22656250,58328.51953125
2284,tv_stand,0,21429.21484375,34335.62500000,13930.77343750,39139.42578125
2285,tv_stand,0,10381.46191406,17560.01367188,25229.40625000,21808.20703125
2286,tv_stand,0,63924.31250000,347774.90625000,159154.54687500,382812.00000000
2287,tv_stand,0,216910.93750000,3955578.25000000,505481.81250000,5581772.00000000
2288,tv_stand,0,11501.80957031,20501.63085938,5509.46191406,21080.71875000
2289,tv_stand,0,4710.25341797,7998.12353516,8881.16601562,6759.56640625
2290,tv_stand,0,13177.88281250,17328.24609375,24100.85351562,22683.17382812
2291,tv_stand,0,9789.14648438,16353.04394531,4570.42773438,18340.44140625
2292,tv_stand,0,26280.37304688,44285.86718750,25430.15234375,65351.94531250
2293,tv_stand,0,7966.54296875,15365.14746094,11621.47265625,16248.02832031
2294,tv_stand,0,9413.08691406,14482.04980469,7106.44042969,20532.50781250
2295,vase,0,395612.93750000,14633180.00000000,733866.31250000,26917312.00000000
2296,vase,0,785.88659668,594.78149414,264.25100708,352.98080444
2297,vase,0,2017.78747559,4145.60693359,1729.41528320,4691.84570312
2298,vase,0,45683.96875000,214399.57812500,69248.78906250,450630.37500000
2299,vase,0,19282.09960938,101584.59375000,41885.79687500,156304.25000000
2300,vase,0,1903.48547363,5923.70312500,2951.74047852,4746.99169922
2301,vase,0,1885.17797852,4518.69873047,980.04797363,3696.85253906
2302,vase,0,1723.44506836,3968.63867188,1916.32312012,4144.77294922
2303,vase,0,31048.38281250,51149.49218750,31355.74609375,69597.10937500
2304,vase,0,22319916.00000000,12832485376.00000000,56335752.00000000,11139575808.00000000
2305,vase,0,8263.24218750,22692.08789062,9876.67480469,40390.77343750
2306,vase,0,2844.21508789,10936.41601562,4818.68115234,11015.46289062
2307,vase,0,3101.35864258,8185.53710938,3070.76416016,8852.58105469
2308,vase,0,2136.75097656,10897.27734375,2642.65234375,10253.69335938
2309,vase,0,840.91387939,673.30072021,752.89471436,359.30969238
2310,vase,0,744.48223877,699.79846191,1005.04650879,879.08776855
2311,vase,0,1173.88085938,1469.09765625,1650.73364258,1381.33154297
2312,vase,0,1412.97875977,2244.34130859,646.15179443,2117.22412109
2313,vase,0,422.01681519,269.62930298,326.94305420,310.66787720
2314,vase,0,1367.14282227,1893.80041504,2790.81127930,1649.13085938
2315,vase,0,881.86273193,772.67004395,426.36242676,577.04516602
2316,vase,0,811.63775635,847.43902588,680.76104736,739.40850830
2317,vase,0,22509.58593750,52240.93359375,13015.10546875,113440.10156250
2318,vase,0,717.68566895,598.77575684,994.14672852,296.56735229
2319,vase,0,194253.92187500,2565701.50000000,225862.32812500,5851694.50000000
2320,vase,0,1021.87463379,1044.69543457,482.40728760,1047.90893555
2321,vase,0,1456.32250977,2258.52734375,999.80102539,2477.94653320
2322,vase,0,242.16949463,106.68832397,94.28018188,73.59487152
2323,vase,0,259637.31250000,6915996.00000000,464580.81250000,19747740.00000000
2324,vase,0,217267.85937500,3896775.00000000,198302.06250000,6631326.00000000
2325,vase,0,70032.35156250,408704.31250000,95519.60937500,531855.87500000
2326,vase,0,22025.12890625,102078.12500000,19113.08984375,164162.68750000
2327,vase,0,52345.86718750,592650.75000000,78552.40625000,690682.81250000
2328,vase,0,2262.83666992,4616.09033203,2217.67431641,6011.70263672
2329,vase,0,1828.94128418,3198.15039062,1042.77050781,3013.74511719
2330,vase,0,1151.61267090,1460.83666992,2780.27587891,1058.68432617
2331,vase,0,162.59736633,63.53789139,75.26457214,31.05377197
2332,vase,0,284812.37500000,7679572.00000000,2287501.25000000,11961879.00000000
2333,vase,0,284337.15625000,7799496.00000000,743108.37500000,15767892.00000000
2334,vase,0,1335.30712891,1819.05383301,1196.56896973,1459.51831055
2335,vase,0,273591.18750000,6909074.00000000,944657.06250000,12007574.00000000
2336,vase,0,32737.27929688,120748.35937500,29899.93359375,233729.98437500
2337,vase,0,117.82443237,48.17761993,36.43368530,50.70141602
2338,vase,0,141992.81250000,2557629.75000000,93868.27343750,4117562.00000000
2339,vase,0,19893.92773438,83108.57812500,34508.10156250,126726.57031250
2340,vase,0,993.47979736,1152.82299805,1294.29956055,1176.07336426
2341,vase,0,933.16851807,988.81842041,398.01666260,996.32482910
2342,vase,0,11537.48437500,46892.94531250,10230.15136719,90097.94531250
2343,vase,0,8547.34179688,37656.74609375,9015.99902344,51650.61718750
2344,vase,0,6496.45751953,17187.32226562,13150.16113281,29407.48828125
2345,vase,0,152009.01562500,1661211.25000000,257073.90625000,3485519.50000000
2346,vase,0,7242.71093750,13918.30273438,4607.02001953,22614.72070312
2347,vase,0,1471.23376465,3354.74853516,1650.86047363,3118.11718750
2348,vase,0,1017.73529053,892.48437500,1018.64746094,702.61614990
2349,vase,0,229321.15625000,3847639.00000000,708403.00000000,6361405.50000000
2350,vase,0,1945.82019043,3509.43774414,3252.02416992,3689.29223633
2351,vase,0,137698.56250000,2870817.25000000,173769.00000000,5972227.00000000
2352,vase,0,154054.51562500,3866723.00000000,160065.10937500,5549993.00000000
2353,vase,0,2524.90673828,5434.10253906,2455.49047852,5499.91113281
2354,vase,0,841.67578125,874.86029053,502.77505493,984.55804443
2355,vase,0,18104098.00000000,6239243776.00000000,35770816.00000000,16688835584.00000000
2356,vase,0,1415.71948242,1815.64721680,1042.82727051,1726.80480957
2357,vase,0,714.40466309,625.00042725,548.77197266,723.16143799
2358,vase,0,201.92166138,86.67247772,96.33145142,63.31035233
2359,vase,0,260.08276367,110.09194183,113.53751373,61.20675659
2360,vase,0,172204.89062500,2125534.50000000,193205.43750000,4466942.00000000
2361,vase,0,109.31612396,42.29490280,99.50659180,18.49999428
2362,vase,0,1911.74462891,3674.58251953,1302.21582031,3931.98510742
2363,vase,0,2511.71630859,6033.96972656,2695.03662109,4449.34863281
2364,vase,0,1132.01892090,1221.04809570,1264.80200195,1683.39953613
2365,vase,0,615.13098145,410.66082764,165.54489136,297.12393188
2366,vase,0,3744.19702148,13197.51660156,4633.12695312,14991.30859375
2367,vase,0,864.60003662,740.42065430,981.21813965,514.06109619
2368,vase,0,917.73089600,1111.84033203,621.97265625,1088.05517578
2369,vase,0,479.36682129,285.98516846,484.59396362,269.84902954
2370,vase,0,1798.82250977,2903.07373047,1361.05407715,3504.16552734
2371,vase,0,279976.15625000,8769008.00000000,421645.84375000,22889130.00000000
2372,vase,0,6679.56103516,25444.61132812,9035.83300781,36292.55078125
2373,vase,0,24101.63476562,170306.93750000,24225.22460938,263582.93750000
2374,vase,0,600.67205811,468.11676025,458.35363770,594.23883057
2375,vase,0,4613.96435547,12501.97070312,5019.23779297,16199.99902344
2376,vase,0,487.72250366,304.37802124,299.91952515,175.67234802
2377,vase,0,655.37329102,608.44317627,601.63281250,524.93554688
2378,vase,0,8940.67578125,31874.88476562,16248.83398438,58402.55078125
2379,vase,0,3709.10620117,9860.13671875,4272.89550781,14673.62304688
2380,vase,0,83547.39843750,2230802.25000000,84903.16406250,2159416.50000000
2381,vase,0,296388.59375000,8628053.00000000,888282.56250000,26628642.00000000
2382,vase,0,88659.90625000,750895.50000000,89735.46875000,1504443.25000000
2383,vase,0,173931.96875000,2607316.00000000,242616.28125000,6112443.00000000
2384,vase,0,203242.37500000,4406105.50000000,388168.68750000,12847575.00000000
2385,vase,0,1763.15258789,3232.10644531,1531.77636719,3941.00097656
2386,vase,0,14158.99609375,255894.92187500,40219.71875000,334100.50000000
2387,vase,0,390.70074463,231.51364136,287.49234009,205.02856445
2388,vase,0,11693.20703125,21932.43750000,7476.69335938,42079.70312500
2389,vase,0,16023472.00000000,4340028928.00000000,40116316.00000000,14769958912.00000000
2390,vase,0,52956.24609375,815727.93750000,70125.58593750,1452353.87500000
2391,vase,0,790.65502930,807.00067139,505.26309204,729.44860840
2392,vase,0,352.59414673,171.86453247,150.47441101,138.68078613
2393,vase,0,246.85575867,105.76401520,116.17427063,89.58792114
2394,wardrobe,0,43747.28906250,250966.51562500,35103.99609375,377280.12500000
2395,wardrobe,0,32724.76171875,120438.99218750,22564.67382812,219003.25000000
2396,wardrobe,0,29508.23437500,92680.13281250,17871.99414062,145177.50000000
2397,wardrobe,0,194544.43750000,2994855.50000000,219203.00000000,4588179.00000000
2398,wardrobe,0,52828.17187500,169540.75000000,57486.45312500,235871.12500000
2399,wardrobe,0,134706.82812500,1305062.62500000,269325.12500000,2360303.50000000
2400,wardrobe,0,150.56813049,60.53165054,44.10758972,19.58881187
2401,wardrobe,0,49176.81250000,144616.60937500,55339.95312500,205632.84375000
2402,wardrobe,0,4.94740009,0.82571137,6.22012615,1.12821651
2403,wardrobe,0,5.39321041,0.97322333,11.72796249,1.40607417
2404,wardrobe,0,11.85112762,3.58047152,9.29875183,2.71999955
2405,wardrobe,0,9322533.00000000,1517496064.00000000,9502923.00000000,1559163904.00000000
2406,wardrobe,0,8.90202618,2.36552167,19.89224625,2.51999998
2407,wardrobe,0,34007.87109375,104690.38281250,30380.48046875,136295.76562500
2408,wardrobe,0,14719.75195312,31526.87304688,21171.91015625,31909.46875000
2409,wardrobe,0,7965.57031250,14799.70898438,4983.01660156,21965.97265625
2410,wardrobe,0,5522790.50000000,645991424.00000000,5588952.00000000,802582720.00000000
2411,wardrobe,0,9275549.00000000,1592289024.00000000,9315938.00000000,1092394496.00000000
2412,wardrobe,0,25085.18554688,53695.07421875,14442.79394531,98111.75000000
2413,wardrobe,0,6678901.00000000,844091904.00000000,18098126.00000000,1287356544.00000000
2414,xbox,0,186115.59375000,2464055.50000000,292023.18750000,3476552.75000000
2415,xbox,0,574.84320068,337.73260498,223.84686279,125.89384460
2416,xbox,0,5500.99707031,8641.52636719,5040.89111328,8196.91992188
2417,xbox,0,667341.31250000,30146476.00000000,1445966.12500000,32396224.00000000
2418,xbox,0,1518.72021484,2371.90820312,804.24755859,2667.42358398
2419,xbox,0,770.93621826,624.53527832,552.56811523,338.69680786
2420,xbox,0,868975.81250000,45837520.00000000,1727050.37500000,57974788.00000000
2421,xbox,0,26068.46484375,53525.28125000,25677.07421875,88348.78906250
2422,xbox,0,1215.64318848,1490.86694336,1145.87646484,1885.86437988
2423,xbox,0,230393.31250000,4462475.50000000,515408.81250000,5848213.00000000
2424,xbox,0,69934.96875000,329052.50000000,59971.94921875,441349.18750000
2425,xbox,0,789350.56250000,36845396.00000000,2870247.75000000,57970368.00000000
2426,xbox,0,1003224.93750000,59759000.00000000,2468627.75000000,79807760.00000000
2427,xbox,0,50373500.00000000,32411105280.00000000,77512136.00000000,14456487936.00000000
2428,xbox,0,1046.66088867,1181.24279785,2395.08496094,778.47296143
2429,xbox,0,2727809.25000000,309495808.00000000,2979722.25000000,316261696.00000000
2430,xbox,0,205248.04687500,4429991.00000000,397032.93750000,12716680.00000000
2431,xbox,0,19495.95507812,45302.17187500,11427.52050781,57230.33593750
2432,xbox,0,2415.93627930,4337.16162109,2729.80224609,2889.17504883
