sample_idx,fullId,class_name,pred_solidVolume,true_solidVolume,pred_surfaceVolume,true_surfaceVolume,pred_supportSurfaceArea,true_supportSurfaceArea,pred_aligned_dim_x,true_aligned_dim_x,pred_aligned_dim_y,true_aligned_dim_y,pred_aligned_dim_z,true_aligned_dim_z
0,wss.9de3c0365edd0c0b3e487c876d55197b,Monitor,0.03385403,0.03060200,0.00850946,0.00694900,0.06828737,0.07762500,0.67424655,0.72137475,0.57534468,0.59780943,0.31859609,0.31364015
1,wss.6c56f6063ceb2ba4de1b0b03ca051f02,Monitor,0.03254697,0.03521400,0.00914232,0.00904700,0.07174992,0.09364700,0.69824290,0.74144167,0.59856462,0.59308678,0.29449815,0.27298579
2,wss.b3bdb6c331467aeeff643b6971c915c2,LightSwitch,0.00299755,0.00061800,0.00249786,0.00034400,0.02103853,0.00353000,0.44118977,0.38908705,0.27326226,0.24317940,0.06997154,0.03866850
3,wss.aa122afea2dcf725db039d8689a74349,ChestOfDrawers,0.06153352,0.06633200,0.01420113,0.02062600,0.01264572,0.00637700,0.55636156,0.59986281,0.68516231,0.73013604,0.52056152,0.46050075
4,wss.269ae0221eecb3303d098fcb46b95c,ChestOfDrawers,0.85644758,0.98975098,0.11510801,0.19701998,0.01778499,0.00876200,1.11170137,1.07960355,1.63295567,1.76662242,0.52897918,0.55844760
5,wss.e09beec44477a9b35ce5ba8cdd93a9aa,Computer,0.01140925,0.00335700,0.00281065,0.00177000,0.11657649,0.13794300,0.44490725,0.42664763,0.29700190,0.29312226,0.35396847,0.37717381
6,wss.4906af610cc540c69086991647bb65f6,PottedPlant,0.02624863,0.03034700,0.00921765,0.00840600,0.05282215,0.06687200,0.75840849,0.84872472,0.60581613,0.70848209,0.78280753,0.82720286
7,wss.3e37ad9269a5555e7e22b6256c5bf7ec,TV,0.02536002,0.02347900,0.00937053,0.01189000,0.03777600,0.07144700,0.89206553,0.91702759,0.61064899,0.60759681,0.09461173,0.07844146
8,wss.12eedf28d9a948556c1cd53dbc9f7b8e,Gun,0.01655900,0.01045899,0.00661353,0.00578600,0.01140497,0.00464500,0.19444010,0.12480395,0.47260851,0.43921590,1.05697083,1.07378018
9,wss.77cf056c6beffa5e3b6eb1ba4e121206,Chair,0.02553700,0.04057400,0.01112594,0.01604400,0.00789659,0.00580800,0.67767799,0.59824550,0.93595207,0.98537689,0.69863975,0.66459394
10,wss.3084dcbd0a28399170ad2e9733c71638,ChestOfDrawers,0.37386075,0.43741503,0.11514380,0.15814099,0.01780950,0.01123700,0.79627049,0.82882512,1.33768868,1.39952147,0.54665351,0.46882600
11,wss.4a5f9a0672cf3a1fad5067eac75a07f7,Bench,0.02042526,0.01665899,0.01752268,0.01412500,0.01642834,0.02221300,1.33587635,1.42193592,0.29397795,0.27710372,0.26430097,0.26324084
12,wss.e8d0dda8521d3ffb35836c728d324152,WallArt,0.02120654,0.01370600,0.01287774,0.01161800,0.02210999,0.02577400,1.14781058,1.18476605,0.73250365,0.77370894,0.07149357,0.29833564
13,wss.6229c3883a77a702a0cd627c4ce0de5e,Bird,0.00497873,0.00069700,0.00029428,0.00020100,0.00439855,0.00004800,0.15791687,0.06511152,0.32014212,0.31463149,0.15711090,0.19003427
14,wss.9764146fdae97d0eaaf573fd4e7b2f39,Cabinet,0.90489149,0.86567092,0.15090428,0.14915898,0.05375050,0.06545300,1.92794061,2.29275703,0.78263485,0.75924814,0.87841582,0.69581187
15,wss.32aa22ac33e70514423ffffa14d375e6,Rug,0.01981409,0.09742099,0.02193168,0.04971600,0.37862277,0.08996100,1.51993275,1.99051011,-0.09451362,0.02330058,1.10921359,1.99051571
16,wss.7c907a3bb4c380081681a637b68c2e0b,Lamp,0.05664563,0.06553199,0.01344149,0.01203300,0.02275495,0.03063500,0.60323918,0.70895416,0.74043375,0.73189992,0.32865867,0.29259166
17,wss.c83073e02e70410a35836c728d324152,Lamp,0.01092742,0.00177900,0.00388343,0.00177300,0.00080567,0.00039800,0.30299550,0.15449524,0.85736263,1.04244900,0.18697013,0.15449448
18,wss.37a0450d563c75fee6fd37924022d82,_StanfordSceneDBModels,0.03648892,0.02707400,0.00613850,0.00673800,0.13547020,0.19108798,0.45371827,0.43525913,0.63866830,0.69078279,0.41336900,0.43525833
19,wss.441cbeb535871b95a03193883145ea67,Bench,0.02819340,0.01082600,0.01782672,0.00667000,0.01174827,0.00225800,1.19132137,1.42988765,0.30336064,0.26349735,0.59130645,0.51654565
20,wss.7bf151a073013cf35836c728d324152,Lamp,0.00853743,0.02623700,0.00844412,0.01063700,-0.00011483,0.00015500,0.53058589,0.55548048,1.52468312,1.59370923,0.52751452,0.50134897
21,wss.58d99c98a4a0667fd0e90ab6c6492cb4,Whiteboard,0.11567986,0.07482300,0.08415326,0.07606100,0.11816649,0.16596198,2.73757362,3.25907230,0.87796199,0.86908603,0.06767981,0.04865978
22,wss.e27a0c4865bd3ed18d39f88600062ebd,_StanfordSceneDBModels,-0.00248246,0.00049700,-0.00071107,0.00009500,0.00921425,0.00221500,0.11180969,0.13238627,0.17316163,0.18853636,0.03691835,0.01990361
23,wss.fba61cfcea3a4c52cec0dfc6197dbbb5,Computer,0.02653432,0.04317399,0.00391691,0.00496400,0.08195166,0.10618499,0.28677136,0.20973520,0.43578100,0.40026161,0.54189944,0.65801567
24,wss.c61fb2d0f5e3daa5edd4171cd40b3feb,_StanfordSceneDBModels,0.01131679,0.00426000,0.00205539,0.00224000,0.01230689,0.00265800,0.22207579,0.20320761,0.55626571,0.52832627,0.21719924,0.20320761
25,wss.23fe8ffecb37222b323ad87fe7d4deee,Table,0.03122552,0.03721899,0.01776802,0.01805000,0.19408503,0.18210699,1.01882195,1.05591750,0.66050124,0.69452733,1.05929780,1.05591750
26,wss.499edbd7de3e7423bb865c00ef25280,Couch,0.80435938,0.99032807,0.17093135,0.21469699,0.04466365,0.06161700,1.92323589,2.10423565,0.87257189,0.90902948,0.85226846,0.90227401
27,wss.8a89e2085e5f8404da89bed86b8f9261,Monitor,0.02324330,0.01385600,0.00751252,0.00561700,0.06238177,0.06421700,0.71888250,0.75230932,0.58765173,0.57485789,0.27847004,0.28210205
28,wss.e8aa9f355e868741b90e13b20a8dfddb,Lamp,0.02032678,0.01356200,0.00394608,0.00212500,0.01534999,0.01908100,0.40144801,0.44272408,0.54037845,0.52071214,0.43441784,0.44272360
29,wss.4ac42e827ff384c27e9cebc710def180,Monitor,0.11413412,0.12171199,0.01021424,0.00910800,0.14060991,0.13304098,0.57969964,0.57038212,0.53990018,0.57038212,0.58823198,0.57038212
30,wss.a8de306413cc4603cf004563556ddb36,Lamp,0.04783544,0.08661100,0.01780893,0.01781400,0.01730747,0.01157200,0.64731574,0.65883958,1.40933502,1.49350679,0.61184120,0.65883958
31,wss.f6359231825d13d9795b7c977db0d889,Books,0.02417128,0.03438899,0.00391186,0.00468500,0.11388568,0.17114998,0.43351796,0.51173341,0.25856453,0.29110226,0.38979322,0.34787443
32,wss.2734adb893d49b34542674283bd5ef10,Lamp,0.01963507,0.02166700,0.00593667,0.00315900,0.01186652,0.01036900,0.52229011,0.55378473,0.82122999,0.72189802,0.49673495,0.55378473
33,wss.72010b2aabc328ba2d1beed6f591ab11,GameTable,0.21570054,0.19037099,0.11649536,0.10109700,0.01205399,0.00909600,2.30521250,2.34936166,0.62343961,0.66688168,1.07203829,1.05162156
34,wss.49ce47fb353f3460dd42083791b3d3a8,WallArt,0.02444920,0.02293700,0.01497449,0.02293700,0.01688895,0.01871100,0.91492271,0.97269583,1.18685794,1.22587168,0.08050644,0.01598846
35,wss.d62ef35bd7fc6b029e81537df43ffef,Camera,0.00155868,0.00085800,-0.00019922,0.00010100,0.00767718,0.00444300,0.14438587,0.17046072,0.12349375,0.12763244,0.09643609,0.08224447
36,wss.e01e415ba7873c67d810b14a81e12eca,Table,0.04159075,0.03198900,0.01151598,0.01080400,0.01335143,0.01559700,0.72147018,0.64829922,0.56295896,0.59427440,0.65311718,0.64829934
37,wss.26316fabe129210317fad902853ecfd7,Lamp,0.03656468,0.07862900,0.02343789,0.03753500,0.01839296,0.02804300,0.44480968,0.80461717,2.06713247,3.09388304,0.36453146,0.31263551
38,wss.f81a377a3c0fa9f711fc2b865c2a185b,ChestOfDrawers,0.76086885,0.87060207,0.07150827,0.09409800,0.18923664,0.42294002,1.11101127,1.15433466,1.51252317,1.75883675,0.51727998,0.41517550
39,wss.572d80aa3cae652261dc130c8164dfeb,WallArt,0.01520979,0.00827899,0.01207558,0.00827800,0.02109784,0.01272100,1.22909153,1.30169642,0.63108182,0.64392459,0.04548039,0.00619265
40,wss.d5bf98bf95aa2148feade703f360c921,Stapler,0.00439503,0.00051600,0.00069307,0.00007400,0.00592241,0.00626300,0.14054780,0.04230426,0.10467361,0.08460855,0.14894140,0.17749417
41,wss.91b857a748f0ccf2ab0b172d4dea80cd,Computer,0.01136698,0.00207800,0.00267556,0.00176300,0.12044672,0.12549798,0.43137720,0.43349093,0.29486382,0.28855705,0.36121947,0.37287194
42,wss.61d9def9b2df3e40dc6f96c9bb9e3ae6,Table,0.02953976,0.01515599,0.01021533,0.00832800,0.02865659,0.05004900,0.93091315,0.97817189,0.34748340,0.28953928,0.45165646,0.39126903
43,wss.65b21a2af8709510f91663a74ccd2338,Chair,0.05481779,0.05548399,0.02109064,0.02495400,0.01668215,0.00945600,0.76871938,0.82632637,1.11838126,1.17089629,0.75929898,0.73958123
44,wss.2a56e3e2a6505ec492d9da2668ec34c,Chair,0.04706390,0.05434600,0.01983439,0.02258900,0.00903664,0.00465500,0.76733178,0.75329232,1.13708460,1.16699338,0.81826597,0.81920737
45,wss.cc7c12306cc3785fe15a365ae69dc5c5,PottedPlant,0.01655935,0.01172600,0.00446779,0.00271000,0.02417766,0.00834700,0.51276088,0.58382177,0.71519709,0.72110641,0.53663790,0.46646011
46,wss.deaa26bac4809cdbe69433742d227857,Vase,0.02009479,0.00842400,0.00423317,0.00269000,0.08386996,0.09993099,0.45815632,0.47899771,0.40742305,0.43346846,0.47931057,0.47899771
47,wss.a75272a27aad1c64899bad344dc01f2f,Lamp,0.02034684,0.00480100,0.00668579,0.00370100,0.04905274,0.04580900,0.28196031,0.23218995,1.63149893,1.72578692,0.30392256,0.25390303
48,wss.ea3ab47bb903e83c39d46a6a75d7ce8f,PottedPlant,0.02968450,0.04594100,0.01491815,0.01386500,0.02727859,0.05018000,0.79719085,0.75625116,1.35979700,1.36538315,0.67219126,0.83873254
49,wss.b46a47f5724ac3e698d5fc0473d00a1c,WallArt,0.03141578,0.03421599,0.01369768,0.01803900,0.02385643,0.02665700,0.67410553,0.64929128,1.21149600,1.29858148,0.08114558,0.03462877
50,wss.127aff49c9378499ae685ca100c909e8,Lamp,0.02316946,0.01317500,0.00492603,0.00286400,0.02970551,0.03701100,0.45635018,0.45970637,0.47664839,0.49054167,0.41501206,0.45970631
51,wss.7746997b8cfd8d11f4718731863dd64d,Bottle,0.00910403,0.00406200,0.00155008,0.00054000,0.00924966,0.00936900,0.15058725,0.12303329,0.48040983,0.48409179,0.14174175,0.12303325
52,wss.6120c9dee581013e940d5ff3114b57,Printer,0.01211700,0.01089300,0.00285495,0.00200500,0.09701047,0.07309900,0.41705620,0.30616587,0.24177638,0.24262200,0.37527770,0.45189014
53,wss.ece7f04700c5767a4cbf9a02e3342127,Table,0.06958795,0.06558700,0.00770482,0.00742000,0.01101407,0.01148700,0.57228851,0.61697543,0.62179732,0.63416135,0.64058161,0.64103627
54,wss.7273304d59a567c27b6fd5468f603b31,PictureFrame,0.01394025,0.00256199,0.00345264,0.00089000,0.01983134,0.00174800,0.32480428,0.28042898,0.36078611,0.34471989,0.23947819,0.22708756
55,wss.3ab7d894293dff6bc5bf424b15c73f47,ChestOfDrawers,0.47894904,0.58973908,0.08434027,0.07952100,0.02909050,0.01833500,0.86707652,0.91381043,1.05633032,1.09182549,0.85562867,0.91381043
56,wss.fa6636dfa85cd625f63376552552931f,Chair,0.07406288,0.06636899,0.02688529,0.03148200,0.09621098,0.13711399,0.78488851,0.84575301,0.89736164,0.98615491,0.87439251,0.95643789
57,wss.13335c01414d6fd85af897847a7513ca,Book,0.00896918,0.01059400,0.00082790,0.00165200,0.07255688,0.02719900,0.26416454,0.25704071,0.39230010,0.38999066,0.13458636,0.10540732
58,wss.b310b00a476d7ab1f0117851f0671fde,Suitcase,0.08380817,0.09734600,0.02139098,0.02778900,0.13276184,0.13729200,0.77481014,0.76267701,0.74427509,0.70074618,0.80179048,0.80606383
59,wss.5c9b4af9d0e9c132b161f36d4e309050,Chair,0.02747283,0.02069099,0.01421642,0.01604100,0.06481793,0.05707100,0.67544365,0.69122720,0.97813559,1.08793974,0.89542818,0.97022039
60,wss.16e2dcf80c8442b7796eef4bbed8ce96,Lamp,0.02165138,0.01568300,0.00479169,0.00216300,0.03893493,0.04648300,0.39158127,0.38931012,0.58768857,0.59992588,0.36164063,0.38931006
61,wss.3427dd9d5fcfa955a991482043bca7ea,TV,0.03433219,0.03484799,0.01037704,0.00972600,0.07814052,0.01363100,0.81656557,0.87157458,0.61732113,0.62709194,0.24886413,0.25265747
62,wss.d71cbfe489b9ece2ebe906a61d0c309d,Toilet,0.10087767,0.11626799,0.03240694,0.03517100,0.10598422,0.09980699,0.67500722,0.71125728,1.33871591,1.51335812,0.57502264,0.68469977
63,wss.34a89777594d3a61b2440702f5566974,Airplane,0.00912961,0.00036000,0.00219792,0.00017300,0.01417906,0.00002700,0.24836755,0.20144427,0.11292771,0.10102477,0.27184153,0.33274749
64,wss.ad64ff0a281c92b7eb895521e4d63cbe,Vase,0.01919815,0.01376600,0.00322426,0.00354100,0.10892731,0.11732200,0.42745608,0.44179890,0.52286053,0.52620828,0.43596676,0.41855314
65,wss.2cc4f4ee607298da4e49f891eed4593b,PottedPlant,0.02711919,0.02414100,0.00676270,0.00715200,0.01396773,0.02020200,0.32079816,0.33228451,1.20700836,1.30284381,0.30041984,0.30008143
66,wss.609cfbe0dd76c64042e1bb4fe264125f,Chair,0.09935276,0.08913700,0.02560940,0.03071700,0.01031203,0.00692200,0.87543195,0.85392362,1.06762838,1.13519669,0.83790553,0.76464838
67,wss.75c56eac6eee2a82c04ea93c895f88f6,Lamp,0.04123380,0.01588900,0.01021500,0.00598300,0.00911897,0.01907800,0.54844975,0.57074559,0.75425351,0.75662106,0.60415840,0.57074535
68,wss.293a741396ed3cb45341654902142cca,TableClock,0.00422627,0.00849999,0.00087105,0.00074300,0.06745236,0.06015399,0.29794282,0.36411017,0.13905600,0.10858951,0.30936372,0.26922238
69,wss.71579e02d0b80bcfccebba9929a10b5e,Couch,0.43217662,0.50632697,0.12419863,0.12743099,0.12000857,0.30233097,2.08063412,2.13962317,0.51511896,0.53201604,1.06832242,1.09872699
70,wss.4521175b100d29d539a4971adc53c51d,Ipod,0.00223879,0.00025200,0.00072552,0.00013200,0.01495882,0.03174000,0.15784410,0.12522486,0.26779729,0.25413138,0.03893004,0.00852608
71,wss.f5b682cabede450d1191025061735ea3,Table,0.01965878,0.02879200,0.01767367,0.01977900,0.08017144,0.04023100,1.04104924,1.13909769,0.35810664,0.34102282,1.10935712,1.13909686
72,wss.c7b08ff4c687b3ce98d5fc0473d00a1c,Stool,0.03135135,0.04316100,0.01073059,0.01116800,0.00597965,0.00596100,0.51823980,0.46409357,1.02302587,1.06569099,0.50662750,0.52038479
73,wss.d8b70c1842e44d586e2e087f323d08e7,Desk,0.17080082,0.20778799,0.04543558,0.04388100,0.01441686,0.00323200,1.25684941,1.28640962,0.61099827,0.62176478,0.74729872,0.79821736
74,wss.8affea22019b77a1f1783a44a88d6274,Couch,0.68337291,0.79235709,0.18480250,0.22551897,0.02980690,0.03294500,1.74347401,1.96353304,1.06768203,1.07746422,1.07999992,1.02559519
75,wss.eeef39917dd113e053624ac0db0f7e5b,Chair,0.06420085,0.02682900,0.02396591,0.02107100,0.01543291,0.00596900,0.77389646,0.77095079,1.14877522,1.13439524,0.91548622,0.84939003
76,wss.d9d5f19afabb621898d5fc0473d00a1c,WallClock,-0.01401945,0.00016400,-0.00286226,0.00013500,0.00139465,0.00038800,0.35387754,0.64214140,0.41538137,0.67394418,0.47005284,0.03058779
77,wss.cd482673836d8226dd9883c7f68926c8,PottedPlant,0.00356004,0.00112900,0.00124759,0.00044800,0.00278081,0.00316200,0.20213284,0.20585999,0.62162751,0.61489832,0.15449850,0.20510346
78,wss.e9adeeceafb03e47bca2517807e5432f,Lamp,0.01627675,0.01391199,0.00421074,0.00437800,0.00383141,0.00008200,0.45329103,0.47726864,0.75205368,0.81903714,0.49480399,0.47726899
79,wss.1482036d8ce3b51ffc0035da39bd5e1,Table,0.02819340,0.03851999,0.01607784,0.01975400,0.00633133,0.01315100,1.02253151,1.08214426,0.59182572,0.60771537,1.10690379,1.08214188
80,wss.742e14aa241feab67efcee988123ee4c,Book,0.00746471,0.00294299,0.00132139,0.00036500,0.02409727,0.01144700,0.22795208,0.25625730,0.26452041,0.25903514,0.12706015,0.04522153
81,wss.dde3b4bb9fb1ad25e0d089cf3411494c,Lamp,0.00752935,0.00456799,0.00185747,0.00178200,0.06210805,0.05933800,0.28241733,0.27021641,0.65667611,0.64512098,0.49571386,0.54143906
82,wss.144adb2c599ab09698d5fc0473d00a1c,Bookcase,0.05583648,0.06878600,0.02326843,0.03850200,0.04451961,0.06018399,0.38369423,0.36736816,1.44993258,1.54703534,0.24502718,0.25229523
83,wss.90c6bffdc81cedbeb80102c6e0a7618a,Cap,0.01569660,0.00806000,0.00348066,0.00091800,0.01959774,0.00124600,0.31592932,0.27836415,0.20521118,0.20876630,0.31478447,0.40418079
84,wss.a911474d0fa043e3cf004563556ddb36,Lamp,0.02203669,0.02799000,0.01385869,0.01298200,0.00117134,0.00180700,0.65007544,0.64046937,1.53216648,1.50906456,0.62089670,0.64046943
85,wss.f9c2bc7b4ef896e7146ff63b4c7525d9,Car,0.24856368,0.28474200,0.05228521,0.08039600,0.03246983,0.03286500,1.33950877,0.75994986,0.52648395,0.53208447,0.68518859,1.49785495
86,wss.76d112bb42e575176acd627b0dcb5a1b,_StanfordSceneDBModels,0.00401479,0.00486099,0.00112496,0.00059600,0.03910016,0.07288400,0.26799327,0.37501279,0.10012946,0.07590830,0.29178888,0.22686210
87,wss.7c86cdecd3b2d29125ebd1cd0b422e32,TrashBin,0.03239255,0.02883300,0.00580142,0.00470000,0.08753999,0.08655799,0.58345258,0.56695080,0.54821002,0.56611288,0.53820491,0.56695080
88,wss.5e6f7f431849bbe0c6c26cf9fb269c88,WallArt,0.02328164,0.02476799,0.01268735,0.01683200,0.02675619,0.03194700,1.09130490,1.16750574,0.75855511,0.77377355,0.06329757,0.01977478
89,wss.b58efcf2d82f08a68c4f202fffc87396,Bed,0.39065513,0.50513798,0.21781854,0.25463596,0.03177842,0.01863200,1.89679468,1.72703481,1.13356328,1.18774867,2.21708822,2.44656992
90,wss.14cbef4f4a67e57a4cf9c858305a22f8,Lamp,0.00987670,0.01139100,0.00254327,0.00521300,0.00166292,0.00095900,0.27632329,0.35066929,0.95236140,1.02364933,0.26196378,0.23366800
91,wss.fd074c0819b9934f73b8ea30c1700f67,Lamp,0.01825398,0.00774100,0.00490716,0.00587700,0.01241551,0.01379000,0.30794835,0.89194441,0.55000150,0.53730446,0.75367981,0.19911866
92,wss.36980a6d57dac873d206493eaec9688a,Couch,0.42368835,0.48084205,0.13778466,0.13227499,0.02823502,0.01622300,1.80189669,1.83424187,0.59022844,0.58924073,1.32789850,1.53595984
93,wss.887df6b1f5df91f11087f57fbbff1df3,Ipod,0.00236868,0.00069199,0.00084377,0.00014800,0.01666800,0.00259400,0.16982582,0.13261406,0.26447579,0.24965060,0.04666402,0.02060675
94,wss.cc675acfc16aadbf295843f82ebc947e,Chair,0.32259101,0.50516897,0.04919612,0.08675099,0.01319667,0.00638300,0.86276579,1.04368770,0.68437237,0.81463385,1.07781267,0.92180485
95,wss.fadd7d8c94893136e4b1c2efb094888b,Couch,0.35639244,0.33436400,0.10784429,0.10187100,0.11728939,0.02215600,1.61091924,1.65974605,0.56200695,0.58157837,1.61772728,1.72494459
96,wss.6a20911ef197f358efa66822a012535e,Chair,0.11387893,0.09857899,0.02219827,0.02441600,0.24163052,0.29830498,0.82979280,0.98270190,0.83957708,0.94815755,0.95911551,0.85910165
97,wss.466ed029d1acae054199ce3660e593e,Table,0.10674173,0.10880099,0.04152265,0.03760700,0.02834393,0.01914100,1.14445579,1.11556625,0.71233737,0.72795433,0.97326779,1.11556625
98,wss.f9a4028aa416c67c2c32a0a3fa43160f,Chair,0.14211670,0.13886198,0.05754825,0.08264600,0.01953082,0.01205500,0.76823783,0.76234102,0.83879328,0.84915882,1.74366117,1.84533858
99,wss.af7a781f08fdd4481faebbdea6bd9be,TrashBin,0.06134535,0.08298599,0.00928577,0.01566400,0.01371086,0.01420300,0.41539076,0.51466936,0.62242275,0.66641051,0.49388230,0.50439775
100,wss.18f89969ab232ba7b822d48a43773c62,Couch,0.55528879,0.85492492,0.06889243,0.08901899,0.29263189,0.35069999,1.38419938,2.09112549,0.86004412,0.96143109,1.32666671,0.87899917
101,wss.c3310719718a5935fcb8d8c6d4df8143,Lamp,0.04055983,0.06743100,0.00857948,0.01249000,0.01329600,0.00797300,0.74628747,0.86895508,0.34887519,0.36874330,0.49204537,0.48334375
102,wss.e9c8c5114766752b9f956af49b33edf3,PottedPlant,0.05947900,0.04244900,0.01316221,0.00838100,0.03676288,0.04119699,0.53044868,0.60919827,1.13207984,1.14817476,0.57755566,0.45522842
103,wss.92dd4a5efaf2a1702d7a27ffaafaaddb,PottedPlant,0.02417395,0.04002700,0.01393571,0.01159700,0.03775267,0.00548900,0.85910881,0.79674667,1.00101435,1.09507799,0.80491161,0.85252047
104,wss.22f63b4d311339bc357baa13baa16351,Gun,0.02053433,0.01684300,0.00639746,0.00665600,0.01127365,0.02510400,0.56941319,0.73298752,0.80317569,0.81122267,0.63083923,0.76277316
105,wss.2333cb1bbf825467becc5889eb0cb75b,_StanfordSceneDBModels,-0.00004865,0.00022299,-0.00010952,0.00007500,0.00681088,0.00058300,0.10615388,0.11209349,0.17797813,0.15614687,0.03941837,0.01819849
106,wss.61cdd656fd957a55391e4d6c585a697a,ChestOfDrawers,0.61408174,0.62240005,0.14615120,0.26211801,0.02035272,0.02469800,0.76230419,0.86362273,1.68079543,1.77111077,0.55255556,0.53654444
107,wss.258867fb919719fdf91663a74ccd2338,Chair,0.02844500,0.02591800,0.01029103,0.01102100,0.00657188,0.00342000,0.61712801,0.63032961,0.94896799,0.95836574,0.60757619,0.60776758
108,wss.176331ab6542bd406e3c8a33c4ddf2ef,Table,0.09997571,0.08109800,0.02176523,0.02076300,0.31218204,0.45116299,0.80805552,0.94434363,0.93497360,0.96322846,0.91002882,0.94434166
109,wss.41c5a45c63f07f46c1c74fb098c415cf,Lamp,0.02044821,0.01270199,0.00482485,0.00579000,0.00334233,0.00169900,0.27778292,0.22884899,0.96281040,1.01526666,0.30220744,0.22739778
110,wss.7030fe0e41bc768dc100af6725b49451,_OIMwhitelist,0.01379953,0.00071299,0.00355749,0.00011200,0.02053768,0.00459600,0.27380019,0.20500013,0.19796102,0.11122356,0.11127803,0.06540877
111,wss.c74633913246731998d5fc0473d00a1c,Cabinet,0.57677490,0.65442801,0.07602283,0.05668600,0.16697569,0.22883599,1.09509146,1.14124274,1.14283836,1.14495754,0.60950625,0.71990478
112,wss.b0c1b6c373c4ef3a83f09c7d0a6695f0,Monitor,0.03748681,0.03169399,0.00810499,0.00972000,0.14811596,0.18375099,0.63854992,0.69348514,0.57259154,0.57995808,0.37911418,0.39841482
113,wss.d337b40eca9f87259fd3da8ff7252b25,Speaker,0.01809725,0.01921400,0.00451550,0.00325600,0.01213730,0.08720499,0.49587774,0.55129623,0.54895782,0.55129623,0.26981881,0.22688305
114,wss.65a09c8fc201a29411053a770408f0d,Cabinet,0.56755686,0.86036003,0.15368073,0.23339002,0.02996134,0.01223200,1.23873544,1.42692995,1.83169210,2.23832178,0.54348671,0.46515140
115,wss.9cff96bae9963ceab3c971099efd7fb9,Couch,0.64752722,0.83430994,0.11220859,0.13173801,0.02647190,0.00916000,2.09899759,2.16560888,0.64747274,0.63983905,0.93444967,0.98436773
116,wss.a97dd370e7fff4c9e5243deefb5f99eb,Table,0.08353123,0.07289300,0.02710017,0.03373400,0.01037252,0.01518100,1.05568373,1.02445078,0.81687039,0.83503419,0.81795633,0.78968090
117,wss.6519a8929afa98739de171e0db680498,Vase,0.01600138,0.00163699,0.00375376,0.00176100,0.01068765,0.00636000,0.34957734,0.31442878,0.66810876,0.67017329,0.36523065,0.31442866
118,wss.d2d90e352b2d0533ab0b172d4dea80cd,Computer,0.01384389,0.00398200,0.00331482,0.00158400,0.10187013,0.11361199,0.40827143,0.41121373,0.30943763,0.29870975,0.36675790,0.36411712
119,wss.faf6debac28d2b124233a6cfd3095322,Computer,0.01210561,0.00414399,0.00291593,0.00211600,0.10807868,0.12329899,0.42353159,0.42214289,0.31851557,0.31229776,0.35050964,0.36672398
120,wss.5fafe0326a25a71ce8c1dcb76b89a07d,MediaPlayer,0.02131828,0.01553400,0.00599727,0.00296400,0.02226138,0.02017600,0.58563739,0.65057898,0.12288027,0.08317965,0.35005563,0.31077576
121,wss.a8ddbd8c9cdb3088d2eebe596133133e,Hat,0.00389313,0.00451800,0.00087952,0.00084200,0.09749021,0.12899499,0.39219081,0.34491420,0.13204789,0.12080392,0.36709782,0.47472498
122,wss.52a1d94c8938fbad5541ea5186501f98,TV,0.02704461,0.02751500,0.00960320,0.01237800,0.03746856,0.04505100,0.93425161,0.98035532,0.51129830,0.50149435,0.08113755,0.06061714
123,wss.9cd223dd78199526628b49aa3b6c49c1,Computer,0.01337390,0.00120600,0.00334571,0.00145400,0.11638463,0.11282400,0.44583815,0.42583948,0.23376076,0.21462807,0.41789544,0.42755619
124,wss.e157bbb54d5a2ffdd6944324b21393b5,Table,0.11377500,0.13365400,0.02819042,0.03135400,0.14053521,0.08170399,0.86174917,1.00098634,0.79006445,0.84144378,0.87878740,1.00098610
125,wss.4b89230dc93401f6ee6badef079d1381,Lamp,0.05116772,0.07177300,0.01495797,0.02577900,0.00982059,0.01629000,0.58866882,0.86139923,1.96075368,2.22319698,0.71904409,0.77379531
126,wss.8e825134834382516f90a3d17cade0da,Table,0.08401556,0.07684299,0.02443849,0.02678100,0.14718637,0.12691399,0.87043369,0.74212611,1.17114818,1.11318922,0.80161220,0.74212611
127,wss.43569dc880494256b40f0ac0fb9a650d,Chair,0.05927382,0.07176099,0.01442811,0.01412900,0.01221281,0.01195800,0.68291140,0.68728292,0.88072056,0.93108660,0.63973093,0.65701330
128,wss.509017601d92a7d1db286a46dfc37518,Camera,0.00374826,0.00078699,0.00050276,0.00008400,0.00601893,0.00585000,0.14341898,0.13967283,0.09851844,0.10271111,0.15869336,0.14850344
129,wss.802627f94f7b36a882ec48ff3a4fe07c,Cabinet,0.17401972,0.28982800,0.04216783,0.09144700,0.34632105,0.09156099,1.50912857,1.63233948,0.57793880,0.61212730,0.25935993,0.30395856
130,wss.ee0321eccd81331d3916324d7dda2b20,MediaStorage,0.36424005,0.77922100,0.16174640,0.23915598,0.03515510,0.15395498,1.94157326,2.63605285,0.80357295,0.76307106,0.96979952,1.31803012
131,wss.350faadd1c52dffbc95f95e8112778e2,Lamp,0.00799107,0.00946100,0.00165668,0.00340900,0.05940818,0.06926100,0.29939169,0.29389369,0.68233478,0.71319067,0.39740920,0.43302679
132,wss.7defd06ff696410f70a43c2d978e502e,Chair,0.01677570,0.01822800,0.00839259,0.00970200,0.00400293,0.00403000,0.57846391,0.52333617,1.01615500,1.04041827,0.56730306,0.57340956
133,wss.584233a234c0d10dbde0361c27a5bd42,Table,0.03153133,0.06528999,0.02021542,0.02125400,0.01790111,0.01985100,1.06053662,1.04469371,0.67347693,0.72704327,1.16364658,1.04469347
134,wss.79d3e3b0eec3b091232dbd6edd2fe625,Lamp,0.01674485,0.02487400,0.00438733,0.00784900,0.03393812,0.00072700,0.41032723,0.39099598,0.88727117,0.89095092,0.41140401,0.42318445
135,wss.56efabe64ce30e08d7bc2c778b186f58,TrashBin,0.02252058,0.00234700,0.00475045,0.00536600,0.11584700,0.15643799,0.51777315,0.53172994,0.62831604,0.63106406,0.50548309,0.53172994
136,wss.3928ff39e32dbddbf91663a74ccd2338,Chair,0.02931476,0.02396800,0.01115229,0.00937900,0.00705953,0.00542500,0.68283844,0.69523317,0.92985952,0.92008817,0.67900229,0.66439605
137,wss.dbf5f0ce7991e8c87028a76585fa5242,Lamp,0.01549629,0.00739600,0.01255820,0.01195600,0.00676949,0.00151800,0.56230223,0.55214691,1.52515244,1.57709408,0.56206477,0.55214703
138,wss.6e12481d3158dd4e8f8c11a24c52ebb,Chair,0.05141195,0.05567000,0.01866166,0.01739200,0.01282552,0.01069200,0.69971949,0.80749059,1.08330238,1.15639091,0.77749282,0.78316969
139,wss.72bce549b6116af15fba81ecc9c563ff,Cabinet,0.41380540,0.37615603,0.10083037,0.09102099,0.24635559,0.30751601,0.98524308,1.00028014,1.39563584,1.48199606,0.33575445,0.31825826
140,wss.b92290c9eecc9eb6d7b294ba15caa94a,Desk,0.61073136,0.69732594,0.11181028,0.12077999,0.04411987,0.01712500,1.73442292,1.89662743,0.67063642,0.66856062,1.02794170,0.96917588
141,wss.29f5cfcef7272f1f640578ae55230ebc,Computer,0.01347018,0.00460600,0.00352867,0.00171200,0.10006323,0.09552100,0.41027859,0.39006603,0.29108450,0.28076699,0.42434385,0.42335278
142,wss.da2c1eaa7e65676e8af30108ea9ccb6c,WallArt,0.01493808,0.01821000,0.01087978,0.01315900,0.01862031,0.02244000,1.10526478,1.20785964,0.77564931,0.80595326,0.09695165,0.02460328
143,wss.f47b9fc9a55a731a7bc6032416bc8ae,Monitor,0.02261215,0.01214300,0.00660485,0.00290800,0.02591929,0.02167400,0.56657410,0.51136154,0.53320098,0.49486613,0.18298541,0.16324647
144,wss.8f641a48f55555f7a2105179d0c9d51e,TrashBin,0.10383152,0.09671200,0.00839564,0.00722800,0.14542897,0.12793699,0.51481378,0.51274514,0.64600426,0.62131047,0.54979885,0.56068742
145,wss.eda881a6ea96da8a46874ce99dea28d5,Couch,0.32719535,0.37611699,0.14882523,0.17915797,0.03356621,0.02210500,1.86012173,2.10157657,0.90092725,0.96064699,0.81082696,0.85367841
146,wss.b17dad2c9462013cb00bfc975577e7b5,TrashBin,0.09544307,0.11844800,0.00727858,0.00675800,0.18970473,0.20042899,0.51022983,0.53050315,0.59108090,0.63278615,0.50121725,0.53050315
147,wss.770df0065c50c19dd884646143528886,Vase,0.03055699,0.03433199,0.00561889,0.00443100,0.09782189,0.09541199,0.44504341,0.45275527,0.47844809,0.48663795,0.43663639,0.45275533
148,wss.111cb08c8121b8411749672386e0b711,Chair,0.03435776,0.01138199,0.01562916,0.00902100,0.00931526,0.00411200,0.86196578,0.95797944,0.92349839,0.98103052,0.93678677,0.85065758
149,wss.1844a4ed0ff7ed38c2474c54a2e772f2,ChestOfDrawers,0.04427416,0.03917400,0.01250532,0.01386300,0.01828415,0.02101700,0.57869756,0.53775132,0.83579081,0.82903278,0.46895579,0.35850069
150,wss.67948a2e43af2e36346ba48cc67751fb,PottedPlant,0.05417335,0.06249699,0.01269262,0.01422000,0.05747323,0.05173100,0.47860318,0.47966003,1.16739261,1.20781147,0.40599176,0.45620516
151,wss.cc26d553c9e1362b4bfb719276d850d9,ChestOfDrawers,0.04600880,0.02349200,0.01321074,0.01004300,0.02452272,0.02015100,0.59971100,0.54269135,0.74117267,0.67904556,0.45964220,0.40862757
152,wss.ccd03d11c95554bae4aef3a037da6f67,TV,0.04300909,0.05153800,0.01172329,0.01275200,0.11936279,0.13102199,0.81452322,0.81802225,0.64944953,0.66782475,0.27887550,0.31811547
153,wss.68d8a138f5b6c437ff2e373e12f9852b,Stool,0.03360257,0.02636299,0.00978360,0.00965900,0.00690311,0.00450600,0.70950145,0.69440639,0.70727551,0.79774290,0.66447246,0.69244492
154,wss.ece476ee957a099f5c5fd2c2f381b61,Desk,0.15700638,0.23504700,0.03447047,0.04759200,0.08581055,0.01056400,1.10938931,1.25438356,0.38024595,0.39419192,0.89953494,0.97454000
155,wss.ebeded60d08642e3855931d119219022,Table,0.03332501,0.02764399,0.01699134,0.01767500,0.00616986,0.00873300,0.96650606,0.91905546,0.94431520,1.01096106,0.89753050,0.91905558
156,wss.8007344358703f62d26c7f75d64f049f,Computer,0.01358157,0.00340700,0.00309169,0.00201900,0.11181925,0.11677098,0.39693898,0.41324690,0.29550105,0.28427386,0.37983900,0.39827979
157,wss.6e6801ca4a03a1adc672720c52b0e374,ChestOfDrawers,0.89374220,0.96795708,0.06968594,0.07820600,0.01805337,0.00751300,1.10313797,1.14470410,1.44620633,1.58497500,0.61265099,0.58996296
158,wss.2d0d80f12ee0ff7b353938277c3c1c0c,Monitor,0.02718984,0.02607600,0.00888869,0.00553000,0.02217816,0.00477000,0.72844160,0.75257581,0.62415910,0.63583827,0.15622932,0.07314759
159,wss.d2b45cdfcfb75861eca6b4e05d53da1a,Vase,0.02371399,0.03865500,0.00612217,0.00288100,0.01507455,0.00445600,0.42313549,0.45629531,0.56335557,0.47990572,0.51563400,0.45629531
160,wss.cf07c06034a7b361e3f7a74e12a274ef,Desk,0.06704027,0.07156300,0.03083633,0.04375200,0.08459517,0.08853400,1.36130071,1.50665331,0.52599889,0.46729439,0.58609140,0.43614164
161,wss.4446234d12158c42b161f36d4e309050,Chair,0.42878526,0.43407702,0.04302637,0.03906700,0.01110831,0.00240000,0.91492683,0.94543236,0.92885953,0.82993942,0.92310768,0.88234758
162,wss.76e4ce633da40c7c79c6f641119e614e,Lamp,0.00494581,0.00171400,0.00392109,0.00182600,0.01083296,0.00010000,0.56751478,0.60128403,0.64245182,0.64136958,0.60433757,0.60128403
163,wss.2a457d1b101705c445bdacf7bcfe36bf,Computer,0.01438647,0.00470500,0.00317430,0.00181500,0.12038404,0.12108199,0.43501139,0.41951782,0.30324310,0.29021704,0.37872678,0.38728154
164,wss.56e4cf075142f03ab610b0c94236463,Chair,0.04871402,0.03687099,0.01780338,0.01739100,0.03781272,0.04555600,0.72741640,0.80197746,1.22543228,1.22056818,0.69872081,0.68570828
165,wss.2894cc5460c61117f46d6fc43de3fc46,Table,0.06512226,0.07273299,0.01834607,0.01980600,0.00851206,0.02482800,0.96379125,1.00343955,0.83067703,0.83619928,0.96596402,1.00343883
166,wss.f6a08ec163a037c310b3ff08c68acccf,TV,0.03797359,0.04540500,0.01091105,0.00932400,0.07705148,0.08914699,0.83676326,0.88283461,0.60831088,0.61639309,0.24505399,0.23860379
167,wss.6faabc828e25c2c9a5d69272402ec10d,Table,0.03673002,0.03705000,0.03147579,0.03185600,0.00555229,0.00318600,1.60921979,1.86540425,0.70839894,0.75134349,0.84286404,0.77725178
168,wss.605ddd207eed0d81414aaa1b9210e59a,Lamp,0.01780310,0.00991100,0.00395891,0.00273200,0.03111744,0.03276300,0.42811972,0.39808887,0.55733967,0.58772588,0.40301722,0.39864060
169,wss.53bc49f45214d8d6ea73a64ae4344bc3,Table,0.01690065,0.01083500,0.00693059,0.00497500,0.00294646,0.00081400,0.67571747,0.60284138,0.56845784,0.58040845,0.69310451,0.70302224
170,wss.6d6f9812288c8a43ddc020875fb2e32d,_PilotStudyModels,0.00487738,0.00079299,0.00093579,0.00025500,0.01418238,0.00041300,0.28018740,0.26273391,0.18914859,0.17128015,0.10386166,0.10260424
171,wss.335ceaddbef4e448ea3853b778cc0c9a,Picture,0.01747567,0.00118399,0.01266923,0.00565400,0.02217201,0.01711900,1.12417996,1.20249736,0.75305045,0.80038548,0.05600207,0.00931423
172,wss.f732c387a9edad30998b772595cc99e5,_StanfordSceneDBModels,0.00746997,0.00830900,0.00083789,0.00069500,0.03063350,0.04696200,0.24482791,0.22916652,0.17603318,0.16675441,0.24464899,0.29660439
173,wss.f1a956705451d66ee95eb670e9df38e4,Couch,1.02933002,1.03687894,0.17991236,0.19787498,0.01532679,0.00960800,2.01687574,2.15169883,0.77808779,0.75891519,0.96784884,0.92869651
174,wss.3f3eab569c8bcfcb7697d9c3588bbfc5,WallArt,0.00041457,0.01093700,0.01039775,0.01089500,0.00143277,0.00107800,1.15562916,1.21310377,0.69783616,0.70030820,0.11410941,0.01410692
175,wss.8aaab0bc8f65c414738e43095496b061,Desk,0.06201338,0.04331700,0.03096161,0.03760600,0.05622835,0.04695200,1.16495264,1.30456626,0.63945627,0.63054043,0.68528211,0.76099771
176,wss.dd3f4ae0df3ea89e98d5fc0473d00a1c,Table,0.15345119,0.16834800,0.06769063,0.06727800,0.04349029,0.02790800,1.40553641,1.33644962,1.00730443,1.03739047,1.20904958,1.33644533
177,wss.c65b30c8ec2833692d56866e214da3cf,Monitor,0.02086154,0.00689399,0.00582895,0.00334600,0.04819161,0.05636600,0.56584132,0.60488772,0.50736767,0.50277787,0.36845878,0.43719822
178,wss.ddc2beaa04d1b06f5fa701976706a45a,Lamp,-0.00451217,0.00247100,0.00205467,0.00174200,0.00419802,0.00332800,0.61269546,0.63793337,0.63316870,0.62662232,0.60223639,0.57903868
179,wss.2ede33c4ad24358f943e543793e94a2d,TV,0.03243475,0.02467999,0.00851789,0.00933300,0.07945143,0.08916100,0.69242495,0.72844148,0.57822514,0.56893730,0.31370902,0.30766475
180,wss.2ff7e33163a835e91688bcccdc0dfe6,Gun,0.00034112,0.00555899,0.00540951,0.00330200,0.01129645,0.00306300,0.18785746,0.17137401,0.29314059,0.27818930,1.05353856,1.12014842
181,wss.87c7911287c10ab8407b28046774089c,Couch,0.84321976,0.90552092,0.18950523,0.21323699,0.03868809,0.01480200,1.93253517,2.01043439,0.86370414,0.93399024,0.95591205,0.94612092
182,wss.7752cf724e935382e7e684d25d4dcaf0,Armoire,0.36492404,0.46381304,0.07455876,0.08979700,0.45267618,0.38658500,1.98226357,1.88794303,0.88604724,0.98433441,0.30409801,0.25520724
183,wss.5eadc7b99d994837284bf02a6c1efe2c,Chair,0.01983770,0.02230600,0.01326862,0.01675100,0.01077448,0.00969400,0.58474338,0.52999496,1.21076989,1.27962554,0.61582696,0.54046881
184,wss.34cf47d38fde374acb89de6115d9b042,Books,0.02308561,0.02356900,0.00527820,0.00327400,0.02940628,0.07055800,0.32410634,0.23557740,0.36276719,0.36221957,0.27366501,0.31425232
185,wss.2902625d2032f0f8bd5c01a421942c8d,ChestOfDrawers,0.64769065,0.73553908,0.12276549,0.09895099,0.05271384,0.08488999,1.02119780,1.11383319,1.67950153,1.77188659,0.50099415,0.46707398
186,wss.c34ab9023b4d12b8b49ae6eb1612b7b9,Printer,0.00622886,0.01065600,0.00097639,0.00207900,0.11464258,0.11184799,0.44419536,0.54963410,0.16746862,0.12624215,0.31189951,0.29630631
187,wss.7af418de6847137d2ea98d69e91ba870,WallClock,0.03103453,0.03793700,0.00813543,0.01054000,0.04294055,0.05899600,0.32091975,0.39601192,0.86396551,0.83002657,0.22055119,0.14733984
188,wss.5c63abf37622497759f9892433e1b1f4,Vase,0.03142146,0.03242199,0.00532944,0.00466700,0.10141983,0.09344300,0.45568860,0.46124029,0.44994372,0.45841751,0.45993584,0.47310239
189,wss.897aee5faa3983bcac6ef96822ce6a35,Chair,0.04043641,0.04839700,0.01326017,0.01372800,0.01043577,0.01232400,0.65833014,0.61446059,0.95197624,0.99005651,0.64856923,0.64255750
190,wss.b6a810f92dd9d2e635836c728d324152,Chair,0.03966850,0.09648699,0.01856203,0.01989900,0.01025076,0.00348800,0.75598717,0.67998385,1.20890594,1.24284816,0.72530711,0.77172649
191,wss.d9574d3ec88a6807e3f7a74e12a274ef,Curtain,0.03090225,0.02947600,0.01910318,0.01780200,-0.00015905,0.00017100,1.15968263,1.17789054,1.15251660,1.18337560,0.18531187,0.11048821
192,wss.21fb701c200d18894da5feafe6f1c8fc,Cabinet,0.55267406,0.50215107,0.13346104,0.14508900,0.06517275,0.08623499,0.94601130,0.96309084,1.37859774,1.44463634,0.53636241,0.53254378
193,wss.3be3e86b2fad511048d5a1386787189,TrashBin,0.11586366,0.05896199,0.01347915,0.01913600,0.01768732,0.00700800,0.57369030,0.52900875,0.96558779,1.01251733,0.47365227,0.48989210
194,wss.a9995482be778838738e43095496b061,Cabinet,0.19032945,0.19884898,0.07952546,0.06504700,0.01749259,0.00578000,1.34158826,1.30041051,1.02474570,1.05658352,0.54482430,0.56938398
195,wss.8fe70b11448dfeef2369c46027bce7af,Cabinet,0.28108552,0.33409402,0.08071771,0.09459500,0.01637978,0.01936100,0.56723034,0.60031319,1.57593274,1.64657307,0.47485694,0.47596252
196,wss.6a311b1416a53f87697ad7b0fe6813db,Table,0.01572398,0.00852500,0.00520058,0.00436100,0.00470354,0.00357400,0.77215242,0.71046782,0.38924322,0.42920470,0.65574062,0.71046817
197,wss.6f36520144753550f91663a74ccd2338,Chair,0.03468467,0.03984300,0.01315244,0.01603800,0.00748344,0.00801300,0.66102695,0.66344523,0.92346698,0.97184682,0.61806566,0.62756371
198,wss.7634fbdcaa6b304d62c83ac1e3a4ebaa,Lamp,0.04269218,0.02625200,0.01640829,0.02842400,0.00371906,0.00680900,0.39885411,0.39212316,1.60812855,1.67002463,0.34453955,0.39212322
199,wss.2d08ccee14ca7781d8eae9bce48bbeed,Candle,0.01082195,0.00358700,0.00180350,0.00065600,0.01437098,0.01747500,0.15943943,0.14759149,0.46169421,0.48723975,0.14156325,0.14759156
200,wss.6e51501eee677f7f73b3b0e3e8724599,WallArt,0.04373857,0.07712000,0.02714884,0.04400900,0.07022592,0.04651200,1.53765869,1.72533798,1.13442945,1.22857070,0.06505010,0.07209992
201,wss.415a96bfbb45b3ee35836c728d324152,Vase,0.02163997,0.01868200,0.00477764,0.00268500,0.01660439,0.01810900,0.32255128,0.31959167,0.62169480,0.66496366,0.30441216,0.31959313
202,wss.2497bd27b94a197b698580924e57a755,Sink,0.05384948,0.05927300,0.03688783,0.03274700,0.00694411,0.00434000,1.46889758,1.59366381,0.69801152,0.68974853,0.98949116,0.73690403
203,wss.9d867c683d2f35c7d3f21f7bec99da6c,Chair,0.52568603,0.59723806,0.04169796,0.04778300,0.02890545,0.03354300,1.04208636,1.14389277,0.95186573,0.96603137,0.86130023,0.96603125
204,wss.497e53b02b65750fac6b8e58caf61f95,Bed,0.16042210,0.17670600,0.07282632,0.09757799,0.02234364,0.01101200,1.06884658,1.06521904,0.75365353,0.74521625,1.37720132,1.70588779
205,wss.4b93a81c3534e56d19620b61f6587b3e,Bowl,0.00707514,0.00176300,0.00150292,0.00101600,0.01090529,0.01288500,0.42618284,0.42296368,0.14157972,0.10756180,0.42942280,0.42296472
206,wss.67e882442eb4c03255e8ddeaf1791474,Computer,0.01355554,0.00531000,0.00300025,0.00188700,0.09277940,0.10891299,0.38731262,0.40509433,0.33222714,0.32974422,0.35939369,0.37064233
207,wss.1b7bef12c554c1244c686b8271245d1b,Chair,0.02061510,0.00234000,0.00794007,0.00335100,0.00977109,0.00141600,0.65553248,0.78149307,0.78116584,0.77671111,0.63799143,0.68638009
208,wss.dfbd76939765267efcb8d8c6d4df8143,Lamp,0.03103509,0.02571900,0.00875883,0.00839100,0.04753478,0.00087000,0.75414085,0.74046576,0.67810249,0.74046576,0.14032878,0.16765372
209,wss.7a5fbc08aa5693434eefb62d17049816,Chair,0.03681541,0.04422400,0.01725934,0.02486100,0.00429329,0.00370200,0.68178773,0.69783688,1.16651154,1.17412925,0.80837035,0.85896480
210,wss.1ec297183c8aa37a36c7d12bccd8bbd,Fork,0.00349643,0.00006100,0.00012561,0.00004800,0.00408276,0.00388400,0.08170723,0.04616991,0.33371261,0.32896060,0.05117740,0.01442809
211,wss.ef3d038046cab5cabeb3159acb187cec,Keyboard,0.00238120,0.00341799,0.00195278,0.00200100,0.05114966,0.07093399,0.52776551,0.52792138,0.07613714,0.05328579,0.20657115,0.19535977
212,wss.970afce1c1586cb72fdec6afaf425cfc,_StanfordSceneDBModels,0.01143781,0.01043800,0.00249330,0.00125400,0.08926789,0.01134900,0.38347557,0.42530292,0.10315462,0.08263029,0.36039966,0.31958476
213,wss.fb0fd9603b5a49a6543cf2c03b1ab0e1,Monitor,0.04045342,0.03187599,0.00887751,0.00633700,0.11038484,0.11261299,0.60203576,0.65037036,0.62019539,0.64887458,0.35769725,0.36347145
214,wss.e21e369f15782d872a08194fd3f4120d,Lamp,0.04833217,0.04899099,0.01050122,0.00728400,0.01548401,0.00370500,0.61832356,0.60188234,0.57897699,0.60188246,0.72867572,0.63197637
215,wss.65e090450ca44450854cb8d56920e159,ChestOfDrawers,0.57805789,0.65248406,0.04991914,0.05817700,0.02132832,0.01319100,0.77417552,0.77780271,1.20984924,1.27475119,0.75100529,0.79535282
216,wss.52e27aecdd55c1bf5b03388497f76a9e,Airplane,0.00667503,0.00027200,0.00151224,0.00012100,0.00830052,0.00004400,0.17301299,0.20142032,0.08634427,0.07063989,0.25034702,0.23555256
217,wss.c920bd36e796f88fccd977931d742e1,ChestOfDrawers,0.81807500,0.93251199,0.13191722,0.11801499,0.14914803,0.01239600,0.99677205,1.10649657,1.69057107,1.75420153,0.50813466,0.54480106
218,wss.a4c32dbcb71076d5825732a29ddd146e,Ipod,0.00209952,0.00072999,0.00074646,0.00014000,0.01470513,0.02682900,0.16200060,0.13157918,0.25485447,0.24998118,0.04162811,0.02308493
219,wss.fb384f981cc9c98bdd21b56a85493d55,Bookcase,0.05118395,0.06903999,0.02250956,0.02773000,0.02162722,0.01048700,0.63004625,0.57278442,1.35371184,1.50355911,0.25275087,0.21479416
220,wss.5fabccb7eaa2adb19a037b4abf810691,Couch,0.68690819,0.74164498,0.18028037,0.20673099,0.01947996,0.00476800,2.10160661,2.20954013,0.74424022,0.71695727,0.81346190,0.82021368
221,wss.4075f824a267ee9a7b57656ad49daed,MediaPlayer,0.04788350,0.04563800,0.00383395,0.00351200,0.18839604,0.00917200,0.50574845,0.54177362,0.18386212,0.19970076,0.44272465,0.43972081
222,wss.f41e933513d264ed2eba4ce8582fe7ee,ChestOfDrawers,0.38179508,0.08177200,0.06239203,0.06553999,0.03098064,0.00587300,1.64754295,1.73410153,0.87991011,0.93769944,0.50081491,0.53307569
223,wss.420321d376caaa07a267899cf8ceb299,LightSwitch,0.00479170,0.00186399,0.00123246,0.00044400,0.02099115,0.07516700,0.24792922,0.27450120,0.28145465,0.27450049,0.08365293,0.03175119
224,wss.63cac13e3f855bc97044daeae7ed1900,Dog,0.01684763,0.00178899,0.00208175,0.00188800,-0.00213601,0.00024500,0.30286250,0.57484019,0.81788921,0.84104747,0.68497956,0.89566398
225,wss.e29e22d0033e6ccee938fdd9451c3206,Lamp,0.04003304,0.04735200,0.01477358,0.01742000,0.02757451,0.02601200,0.27611089,0.18053102,1.67754602,1.73241854,0.22193784,0.25049865
226,wss.67b317ede52abacc96f177618e585eb9,WallClock,0.00743278,0.00544800,0.00230452,0.00461900,0.00587369,0.00091300,0.24565622,0.27164182,0.78877938,0.88736343,0.12290684,0.07922889
227,wss.91c949736e4887002ea98d69e91ba870,Bench,0.01809001,0.02263200,0.01581903,0.01349900,0.00945651,0.00394800,1.23346257,1.21244049,0.69622517,0.70091963,0.45882735,0.45500350
228,wss.2c052f5541d4d5689b2d7f86be5d0083,Chair,0.02819688,0.03256300,0.01145171,0.01990300,0.06602298,0.05204200,0.59016788,0.60620016,1.10433877,1.27318740,0.75155044,0.78214967
229,wss.449e9304a455598ee7e684d25d4dcaf0,Lamp,0.01343268,0.00452699,0.00231423,0.00195300,0.03618165,0.03106400,0.31333420,0.30052289,0.68231511,0.69423854,0.33260816,0.30052298
230,wss.75a1f6043c3e65a2f3412e3273fc1682,Table,0.09742282,0.13551401,0.03201732,0.03869000,0.02714496,0.01094200,1.06730604,1.12360561,0.46785855,0.45965841,0.72233069,0.94689119
231,wss.f01ffbcf8447407617bbecc09ebd067,Computer,0.05632825,0.04122899,0.00383116,0.00422800,0.29470673,0.29115897,0.58864665,0.59081882,0.17166306,0.13917695,0.48004457,0.51840705
232,wss.b6a6162a45771dd9c7c3b00aa130a068,TV,0.03091750,0.01911700,0.01056583,0.01011800,0.05977699,0.09708399,0.85136360,0.88301629,0.62249708,0.61889207,0.24595718,0.23134893
233,wss.7eaf212097293229fd3456bfc7553c94,Chair,0.09494071,0.09389399,0.02377204,0.02412000,0.01182372,0.00566000,0.71012580,0.68036413,1.19785488,1.27551174,0.75997460,0.71605349
234,wss.359a136da3a301644f782ac57aea97b,Stool,0.03999883,0.03357700,0.01390430,0.01446400,0.01575167,0.02109600,0.50816381,0.36301666,1.11019230,1.15520239,0.41772160,0.36301747
235,wss.9b9b41d3d02ce68d1b009b4923bf4541,Speaker,0.06140396,0.07656900,0.00453166,0.00526700,0.12551680,0.12213699,0.35928619,0.37496844,0.56932247,0.58120060,0.43956053,0.42531466
236,wss.997cf2aa92926a92d8f5adb469ca89d3,TV,0.01301745,0.00681800,0.00752911,0.00536400,0.02438796,0.02723000,0.91377872,0.99459833,0.45136109,0.46907032,0.11658213,0.08374575
237,wss.13af92fb42fdc0d774d5a6a8a8e5a2e,Cat,0.00351963,0.00081099,0.00031293,0.00020800,0.00749930,0.00081800,0.19510555,0.05091028,0.25287312,0.25002304,0.34761453,0.36239731
238,wss.a258819335ee6a8ffcb8d8c6d4df8143,Lamp,0.02312077,0.02135700,0.00424134,0.00311600,0.01434434,0.00550500,0.46626276,0.56857604,0.28818205,0.26676148,0.34979254,0.28988716
239,wss.c8decbc9b8b20565c525fc212bb76836,Desk,0.16619515,0.19991098,0.04406537,0.06405400,0.30310509,0.30872798,1.00385964,1.04051125,0.82500148,0.86438477,0.83064830,0.92128563
240,wss.22670909b2901b254f627559b6ddfab4,Bench,0.02660692,0.03269800,0.01665248,0.01731400,0.01056869,0.00838300,1.25730669,1.38118792,0.42197481,0.37578204,0.35641810,0.34509927
241,wss.daaff56a07f60f12e76c8f94a97f51ac,PottedPlant,0.03137565,0.04010700,0.01095214,0.00980800,0.02758778,0.04178500,0.60065496,0.57516062,1.09014285,1.12491620,0.49955806,0.54829901
242,wss.500ebda6d26180c5f548d6595c11226,Ipod,0.00351231,0.00088700,0.00140043,0.00023200,0.01840241,0.00367300,0.20357241,0.16635893,0.25354749,0.22844325,0.05015931,0.02179505
243,wss.82979f3a00ca7b5b0003dd98e70da8e,Chair,0.03306983,0.03054800,0.01735859,0.02254300,0.00861133,0.01347400,0.76353115,0.80925882,0.99427724,0.99273288,0.87618798,0.98134828
244,wss.14f4027490a165a6c017de3427505dac,Chair,0.76233387,0.67888701,0.14122282,0.16071598,0.06985608,0.00907500,1.23355007,1.40186238,1.39347577,1.65932202,1.17513096,1.16306818
245,wss.167f3edcf839000063ecd64ef0e6814c,ChestOfDrawers,0.57246774,0.60665500,0.05935841,0.07080500,0.02768024,0.04556300,1.62417483,1.81743908,0.78724593,0.76693356,0.52443361,0.52847522
246,wss.74ae50b70108ca1118775c05a821f9ab,Chair,0.02762117,0.02916600,0.00981622,0.01134200,0.01228077,0.00836500,0.60833943,0.58021247,0.92288530,0.97559750,0.61227405,0.55036116
247,wss.b63ab8d3dd4eee098d95727c923f3722,Desk,0.08976326,0.06095400,0.04417638,0.04508000,0.03503883,0.03203400,1.27531838,1.34995902,0.61726713,0.64382660,0.67447805,0.66459477
248,wss.118083b82350b53cb23e7e4bd2944793,Monitor,0.03245268,0.03026599,0.00894632,0.00651000,0.05753383,0.07574299,0.66081250,0.68509364,0.59472960,0.62571889,0.28524914,0.33965817
249,wss.f61465baa4c1c36de6089046407cf8f2,Bookcase,0.11119999,0.08370500,0.03689707,0.04466700,0.30125049,0.40211096,1.19242871,1.13435197,0.97204041,0.97230184,0.35075894,0.35110900
250,wss.fa0c9fb851ceb8569ed73239a1887541,Rack,0.04248451,0.05830500,0.04113740,0.03538100,0.12027046,0.08498899,1.77378488,1.87518752,0.30850849,0.30195045,0.43041444,0.30180359
251,wss.f1b1e6d1cb875b9f11c3739edd52fa3,ChestOfDrawers,0.78050268,0.88640791,0.07154922,0.09158100,0.01380238,0.01227400,1.09258270,1.20341229,1.45259333,1.54724431,0.56078625,0.57305348
252,wss.acc67510dd228d01d7cbb1f9251b6139,Bottle,0.01302233,0.00682700,0.00222533,0.00083200,0.01484784,0.01783200,0.18823646,0.14882267,0.43000624,0.44221786,0.15739332,0.14882571
253,wss.3dc39c34c37860da2ef1c225dc7772c5,Chair,0.02985165,0.02319900,0.01476823,0.01622300,0.04399516,0.07241299,0.69433010,0.70632124,1.11502957,1.18422031,0.83426839,0.83764756
254,wss.c65b6ae6f4edd7435836c728d324152,Lamp,0.02055736,0.02121999,0.00508082,0.00302200,0.02396234,0.04267600,0.38751307,0.45709932,0.67876154,0.65136242,0.31597021,0.17141120
255,wss.b48bcf93241f5bfdb9ad65086d99dd44,Ipod,0.00208705,0.00064400,0.00102258,0.00016100,0.01830143,0.03240100,0.17742325,0.13793404,0.26296106,0.24696158,0.03824652,0.01790946
256,wss.cb19585f960add8d8e1fe74cd4bc3,TV,0.03048428,0.02967500,0.01027530,0.00819600,0.02482130,0.01494900,0.93285215,0.97244537,0.52498353,0.50278717,0.15784691,0.13433050
257,wss.a54affb5b29b0585cc98452c8fce6b43,TV,0.02750227,0.02029499,0.00957886,0.00866500,0.09308028,0.10515099,0.91581005,0.95499617,0.53451014,0.51744837,0.22887300,0.19110836
258,wss.f7c427ea1f3ff553d01673c7c57450c9,Lamp,0.01657757,0.01687800,0.00890439,0.00818500,0.03460818,0.01330900,0.54494125,0.50052857,1.50236762,1.61115885,0.54050702,0.50052857
259,wss.556046d7066c98c215988593fe9b87fa,ChestOfDrawers,0.88159382,0.82313603,0.09069974,0.11118899,0.01841858,0.05380800,0.92383969,1.05180252,1.55004609,1.60553479,0.68371046,0.69751757
260,wss.6c39b3fc7258fa218749901456352d5,Lamp,0.21476144,0.16725101,0.03848318,0.02990600,-0.00243668,0.00112300,0.81482828,0.88470668,1.25845563,1.23807180,0.96964526,0.88472778
261,wss.91b781b40d32b74dc491effd0ae881ea,Speaker,0.08368202,0.09106499,0.00448762,0.00554400,0.14952992,0.15563999,0.34807223,0.37999877,0.57271039,0.58524501,0.46595120,0.41518387
262,wss.589d2eb42f3f66d83a042ac5fff3239b,Fish,0.00580017,0.00172899,0.00152008,0.00030800,0.01557827,0.00001200,0.26569769,0.20026316,0.18345782,0.19748910,0.24418026,0.30998105
263,wss.fb641fe28d0f5e73d51fce576fbd4600,Computer,0.00951527,0.00137200,0.00236595,0.00122400,0.12974828,0.01165400,0.45373574,0.50157368,0.28803247,0.27966058,0.32650387,0.28359076
264,wss.e9ca5a93caaf71d135836c728d324152,Vase,0.02499503,0.03599400,0.00470052,0.00293900,0.03311526,0.03819000,0.31309369,0.28160012,0.63059986,0.67754376,0.30391455,0.28160033
265,wss.312ed4ff0faf34ad7843fb4efdc19510,Toilet,0.27770260,0.30457300,0.04151885,0.04837800,0.25420719,0.27074796,0.67985445,0.68250120,1.08335030,1.19487417,1.23801100,1.17104185
266,wss.c031c55d7ff5bd7d824080f516909671,ChestOfDrawers,0.57804519,0.62228298,0.07494135,0.08043000,0.01082766,0.00262400,1.65466499,1.75228286,0.82291317,0.87918377,0.53772140,0.57192582
267,wss.d3978e26d3e0d773b3ffb0c309689ebd,Vase,0.01838561,0.01435100,0.00260441,0.00245800,0.11250021,0.10702200,0.42818704,0.43134806,0.54791844,0.52416468,0.45570752,0.43134862
268,wss.c8d3090c08be91456e9d040e630cf7e5,MediaStorage,0.21559550,0.14213598,0.07670821,0.09250699,0.01994021,0.01772800,1.34869230,1.44035923,0.74597609,0.72017980,0.46842599,0.49858597
269,wss.3993636f6afba5441c5d4854f1aaed94,Speaker,0.06111749,0.06859200,0.00412669,0.00550700,0.10332265,0.10720100,0.26905620,0.41257781,0.60850608,0.64814001,0.40959612,0.26264581
270,wss.fbd0055862daa31a2d8ad3188383fcc8,Couch,0.26155987,0.27452800,0.09715416,0.11963199,0.02056072,0.00999600,1.74713182,1.92930925,0.40860742,0.37172347,1.15750253,1.48587298
271,wss.9a03c8dad46b10a2bd888ffd13174566,Chair,0.05444656,0.06013300,0.02102285,0.01909900,0.00688936,0.00995200,0.65407658,0.71253377,1.19231272,1.25214577,0.73437691,0.72661614
272,wss.1a8f9295b44b48895e8c5748ca5ef3ea,Vase,0.02687311,0.03436200,0.00550965,0.00400500,0.01747350,0.03854400,0.42242005,0.41301492,0.57415819,0.55260164,0.40338373,0.41301480
273,wss.3e9f3db3935fbf37b6da6aba4787946b,WallArt,0.04200419,0.03666700,0.01762030,0.01892400,0.09123454,0.10018700,1.15051246,1.26609564,0.90614766,0.93351990,0.08493242,0.07275003
274,wss.2b81d210cdf3062b8ff205f123937427,Table,0.02265456,0.02817700,0.01575812,0.01781200,0.00591223,0.00569900,1.04908431,1.08031535,0.67243725,0.61415780,1.01283360,1.08031189
275,wss.58e03df68771a51aa6c03a53cf0a14c9,Cabinet,0.17399117,0.22040197,0.05822110,0.08137000,0.01011177,0.00378400,1.43048561,1.48793077,0.72303843,0.80115771,0.54999804,0.52522677
276,wss.691b10e17ba828e2b161f36d4e309050,Chair,0.03965208,0.02462800,0.01824485,0.01651100,0.04131024,0.05138700,0.71220565,0.71011794,0.91584522,1.02844632,0.95902234,1.02008402
277,wss.28f1c6c292c0190480360680c1602c7d,DresserWithMirror,0.27704364,0.31440899,0.09268578,0.08464500,0.08444627,0.06679700,1.03570604,1.12938762,1.42106318,1.48841858,0.44972154,0.44869313
278,wss.977fd5e5b1df1bcde6fe3612af521500,Desk,0.05314083,0.07156600,0.02826971,0.04375200,0.00624322,0.08853400,1.23076952,1.50665402,0.58829236,0.46729487,0.72748607,0.43614197
279,wss.82675e1a9cafb5fa2662409120160a57,Speaker,0.04699802,0.02835900,0.00606803,0.00393100,0.09831031,0.02555800,0.33506298,0.27436292,0.50608754,0.45545939,0.56821060,0.61365342
280,wss.cf09618aedde38febda72093f9b5aa73,Chair,0.02139872,0.01574600,0.01354014,0.01310400,0.00865018,0.00392700,0.66297263,0.69033903,1.09554601,1.20927262,0.75649208,0.81384981
281,wss.66dfcafd1ca29817de1afe4c8aa3dcce,Bear,0.02148609,0.01171199,0.00448606,0.00150300,0.02135533,0.00382700,0.34748667,0.34506941,0.38875648,0.39895079,0.28693831,0.24131010
282,wss.289fddae5c4a03ac4798047bd8979829,Bookcase,0.17694624,0.20204499,0.06752675,0.05809600,0.35829681,0.39278296,0.98005956,1.03663373,1.21296716,1.17338848,0.41386715,0.37480891
283,wss.225da2a2b7a461e349edb0f98d2a2a29,Bookcase,0.10449100,0.11214499,0.04937474,0.05759300,0.22940859,0.22528598,0.76879549,0.75222403,1.32888055,1.40757084,0.32792336,0.29633072
284,wss.a006914d2b0c727bb837f8bbf7b05587,Camera,0.00507909,0.00260699,0.00115978,0.00021700,0.01525216,0.01688600,0.21121809,0.22044799,0.17997541,0.15083911,0.13358468,0.09625123
285,wss.252be483777007c22e7955415f58545,Couch,0.23809074,0.35041699,0.11683768,0.14022000,0.02695403,0.04502500,1.92321706,2.04729128,1.04349804,1.13738370,0.84456378,0.76367199
286,wss.1be987c137d37f0b7c15f7bdb6fa82dd,Bowl,0.00734984,0.00434499,0.00294571,0.00070500,0.02295653,0.01960400,0.34510148,0.33211428,0.14479484,0.11392448,0.34034771,0.33211428
287,wss.52eb26e5a71f2c8fc36c7821ad0d5a86,Tank,0.43573689,0.51686102,0.08641101,0.09101599,0.21967833,0.29864800,0.94249332,0.80403697,1.07052350,1.13002145,1.20135927,1.21072876
288,wss.ecb0c4cbc28320dc5ccd4f99ed6d85e3,Mirror,0.01292177,0.02272100,0.01338028,0.01579000,0.01253187,0.00206000,0.87368751,0.94398981,1.28583658,1.36920846,0.06831448,0.01318210
289,wss.9a5cb53a2858225e72a5c49c981e6593,PottedPlant,0.04944899,0.04899999,0.01023990,0.00980100,0.03721172,0.04056100,0.38159078,0.40497345,1.18026543,1.25341308,0.35813433,0.40497348
290,wss.66993624d8b4d2ebbb94613ebae491f,Ipod,0.00256584,0.00026200,0.00105350,0.00013800,0.01319629,0.03356900,0.16861570,0.13368711,0.26394108,0.24982826,0.04527318,0.00708194
291,wss.6c49b516b04e89a15817e30de1dabac4,Monitor,0.01730247,0.01369100,0.00531230,0.00663900,0.08192759,0.08645000,0.51385128,0.52839881,0.72354972,0.75725788,0.29699066,0.35125074
292,wss.f4da1907ed935101ad5d0d05865f4466,Lamp,0.01030191,0.00721399,0.00543767,0.00516300,0.04848317,0.06098200,0.31716904,0.30327538,1.59973872,1.70672035,0.31882715,0.30327538
293,wss.93acaa40a2d53c726b7154919b02cbec,PottedPlant,0.04318469,0.07820300,0.01194990,0.01592900,0.02634517,0.02633100,0.50517440,0.43915111,1.15757728,1.21756995,0.49507347,0.47072965
294,wss.2581265a7c81684b9141c153bb8dff6e,VideoGameController,0.00753434,0.00040000,0.00152578,0.00011300,0.00774654,0.00336000,0.14510262,0.17837845,0.13278450,0.09959049,0.12453031,0.02826160
295,wss.d5e9eb9dbf9d30073321831d2245cf06,Toilet,0.18023750,0.23584400,0.03992856,0.03923200,0.37542662,0.37561801,0.78966808,0.70854676,1.10045147,1.18345797,1.08063781,1.16712105
296,wss.44d7b5d87c26896944608b3255ca1886,_StanfordSceneDBModels,0.00280491,0.00022800,0.00090329,0.00007000,0.00748587,0.00070500,0.10942078,0.07657070,0.20026201,0.16207844,0.04012096,0.02040897
297,wss.cb3145362d4c4e615a342a5da23b6,CellPhone,0.00252727,0.00062500,0.00070402,0.00018300,0.01274253,0.00078700,0.13584197,0.11258348,0.24606472,0.23988709,0.03290533,0.02421811
298,wss.7b41e8307e85ab0b87e834be7739917e,Lamp,0.01797644,0.00616700,0.00280462,0.00139800,0.07528512,0.00379200,0.32268995,0.30863976,0.63368285,0.61740386,0.47736615,0.55310464
299,wss.66b327d254ac1d7eeaa00445ba4a9ddd,Piano,0.16364639,0.28472301,0.07653204,0.08820800,0.24103357,0.25490698,1.23988914,1.85783863,1.27466798,1.36871696,0.79997921,0.52341735
300,wss.4b9192372ef337a58c7ecd6af9202dcf,TV,0.02813129,0.03315699,0.00778207,0.00772400,0.09642714,0.03436900,0.87724489,1.03270268,0.36408371,0.37758899,0.11085221,0.08495750
301,wss.7b407dedd933e3812f59b845f0db2ab3,TrashBin,0.01953242,0.00093400,0.00455699,0.00440700,0.12990840,0.15613098,0.55560589,0.56391633,0.57160944,0.57260084,0.53197622,0.56391633
302,wss.ad8174f4c09fa1fcf8635c4e00d796c4,Chair,0.60259748,0.63835001,0.06360099,0.06878100,0.01494611,0.00303500,0.98920351,1.11497080,0.99594635,1.01139629,0.92870778,0.95333236
303,wss.10fb3744be2144e3cb2a965e75be701c,TrashBin,0.01791960,0.01228999,0.00556230,0.00846100,0.01138799,0.00970600,0.46759760,0.46810862,0.71597803,0.72445107,0.49390519,0.46874082
304,wss.976636850849c3d6ffd996335233167,Bench,0.07224112,0.08209600,0.02868295,0.03128300,0.02131937,0.01200200,1.10966432,1.14496362,0.65623283,0.69064128,0.58119655,0.61648583
305,wss.1bbe463ba96415aff1783a44a88d6274,Chair,0.03814399,0.04453799,0.01753176,0.02075400,0.01189876,0.01048300,0.72796714,0.76896405,1.09696090,1.13212299,0.76065308,0.85465968
306,wss.dc4b21d338c4b4d1bef7854be4daf5ad,TV,0.01649216,0.01860100,0.00767997,0.00870700,0.02574655,0.03495700,0.91414267,0.94599169,0.57453030,0.56555796,0.06510133,0.03887657
307,wss.bb7646ace1c1ce8bd249abd69334079c,ChestOfDrawers,0.12246150,0.15504698,0.03454771,0.02956300,0.32201135,0.32232201,1.47568583,1.58277464,0.46194890,0.52568638,0.40402329,0.28319153
308,wss.d14a4b797fec250b83768a4ac1607d73,Table,0.01590301,0.02195999,0.01989746,0.01693200,0.03027824,0.03032800,1.27977777,1.27429438,0.27899230,0.30806783,0.78859967,0.70317739
309,wss.6c2bb8a74adf58305a340b65638f743c,PottedPlant,0.03149201,0.03386600,0.01130453,0.00815300,0.03269004,0.05525700,0.78238982,0.91178173,0.81000221,0.79728723,0.73762339,0.65407419
310,wss.15bf6b28d7be7f1e788a73ba34bee167,Cabinet,0.53213334,0.70690501,0.04892036,0.04859300,0.01263620,0.00857300,1.34590816,1.48147035,0.84905201,0.78862596,0.64664924,0.69385314
311,wss.cc8518f6158656176f85e2aaeefaecb8,PottedPlant,0.05152607,0.05830500,0.01239693,0.01178300,0.05666524,0.04949800,0.51181298,0.40822560,1.18729806,1.22547674,0.50510842,0.48006162
312,wss.6d12de155ea37ea8c37837f2575f34ab,Book,0.00614480,0.00278900,0.00129531,0.00067000,0.02631915,0.06255399,0.21923405,0.22433454,0.29992744,0.29031593,0.10136739,0.04398716
313,wss.b13c22f9eda41f328c504ffda4ce2aaa,TV,0.03316694,0.03513000,0.00982894,0.00782100,0.02481688,0.01268500,0.85545158,0.92101508,0.58843201,0.58955836,0.13564406,0.14292090
314,wss.edac7cf37d1d7a42c79156efeb6d05c4,Bench,0.02539223,0.02588900,0.02307941,0.01979100,0.03000982,0.02421400,1.35631609,1.28838599,0.59959680,0.58090854,0.45607826,0.41310042
315,wss.6915bfd18001e31155034479f8a160c7,Cabinet,0.42193612,0.43372306,0.04147891,0.04754100,0.01550017,0.00855800,1.40769672,1.52873635,0.78254730,0.76436955,0.45177922,0.45862019
316,wss.926f8f167c639e94cbc3eda9121b9364,TableClock,0.01346093,0.00745099,0.00301078,0.00082500,0.02702026,0.03221400,0.28117746,0.30191994,0.31881496,0.29391128,0.20780347,0.19821279
317,wss.66683c677e7b40593c2e50348f23d3d,Chair,0.04036674,0.03055400,0.01941049,0.01800000,0.02189927,0.01690900,0.80127299,0.77720159,1.12924731,1.18585372,0.75695920,0.76966357
318,wss.3e94d08327a9299f7b6fd5468f603b31,Bed,0.56673580,0.72197604,0.18075337,0.19093099,0.02184820,0.02831800,1.44196081,1.39231575,1.06892371,1.12966323,2.01906037,2.05372858
319,wss.c0860a3dec2439efd5cb6d178687b980,Lamp,-0.00137729,0.00408200,0.00214998,0.00142900,0.02982851,0.02999700,0.43518421,0.38477865,0.54753506,0.60538709,0.34881940,0.38477871
320,wss.7fe270a9cb7621ed157bba5da16c1cd3,Mirror,0.01186573,0.01524600,0.00970743,0.01524600,0.01201763,0.01056000,0.50389057,0.46309257,1.36990523,1.44375896,0.07385121,0.01362039
321,wss.5f77ccb269e0f6c565e61f93a151ad36,TV,0.02456925,0.02030900,0.00908931,0.01037700,0.02855249,0.02132700,0.84764141,0.90995163,0.59228563,0.60582602,0.16116892,0.14573458
322,wss.813f84c21a081253c02e349cb722a77a,Chair,0.02653253,0.03412500,0.01034494,0.01177100,0.00730215,0.00603500,0.60202169,0.58785897,0.96625161,1.03113127,0.58190906,0.60152137
323,wss.31138325cfdf65f7dc0a8ae190d19bd8,Stapler,0.00738760,0.00025300,0.00196305,0.00007600,0.00714663,0.01078600,0.14229152,0.05894180,0.08716685,0.04886860,0.20507573,0.18598397
324,wss.15eb3a0b0226597f678d1dca465a4efb,Chair,0.04854519,0.03966200,0.01913818,0.02416000,0.05527119,0.01688800,0.87701100,0.87533134,1.15794051,1.16460347,0.77502269,0.69277465
325,wss.5135a234fe18481235836c728d324152,Cabinet,0.67573398,0.69615197,0.05676588,0.06366500,0.02078728,0.00860100,1.20899582,1.32722950,0.94716913,0.94361418,0.72337276,0.80385709
326,wss.5b01781ce66cd6117a20e46c7abd214,TV,0.03625862,0.02328200,0.01055725,0.01121000,0.12163490,0.09715300,0.86212975,0.87311566,0.61365169,0.63466108,0.24926397,0.22614580
327,wss.da6658f36a9e81e8c4cbe5e698cebc61,Candle,0.00848192,0.00764499,0.00026961,0.00035400,0.02833232,0.03942300,0.20791286,0.22372639,0.20062149,0.22379033,0.22950211,0.22372639
328,wss.98e6845fd0c59edef1a8499ee563cb43,Couch,0.22334608,0.20516598,0.09840605,0.10145299,0.01762078,0.01165600,2.02526212,2.06004262,0.91405159,1.02096891,0.83264911,0.88490587
329,wss.554fa306799d623af7248d9dbed7a7b8,Lamp,0.01299434,0.00226400,0.01218516,0.00643000,0.00356149,0.00075400,0.59159195,0.55904889,1.48614120,1.57217503,0.54424900,0.55904889
330,wss.e02649d9d5ee2f26d07c55cf995503e,Speaker,0.02536351,0.01807799,0.00737762,0.00372900,0.05850713,0.04375000,0.59728098,0.66192645,0.28369448,0.31131357,0.31553882,0.35273612
331,wss.47fc4a2417ca259f894dbff6c6a6be89,ComputerMouse,0.00573231,0.00040399,0.00164701,0.00009800,0.00900605,0.01307100,0.13783000,0.09141508,0.10649203,0.04801246,0.30211255,0.33242014
332,wss.995d4f6b0f3a89b6cb2a965e75be701c,TrashBin,0.05348906,0.02919899,0.00890617,0.00813600,0.01171274,0.00885300,0.47029763,0.53178471,0.63501191,0.60830414,0.54058707,0.55730081
333,wss.c4f9249def12870a2b3e9b6eb52d35df,Chair,0.47721124,0.44438407,0.07974458,0.07994400,0.04426804,0.04176700,0.96606010,1.01664209,0.86719882,0.91565019,1.22163653,1.14386845
334,wss.8ac6b93f8d93c400923ef79fcb120ce8,TableClock,0.00522138,0.01088300,0.00095177,0.00095200,0.05717288,0.07797400,0.32891569,0.19738963,0.17120674,0.14804193,0.26805806,0.39490181
335,wss.366b8a4c8e38961597910e2efc6028df,Lamp,0.01369481,0.00971399,0.00298932,0.00249900,0.02351321,0.00319600,0.37951449,0.38833222,0.58877933,0.60095978,0.36817029,0.38833216
336,wss.4628c40285d6b451605f8bb5e3f9a647,PottedPlant,0.02471596,0.01965700,0.00810198,0.00880100,0.02799216,0.03213400,0.69996703,0.74425888,0.90123659,0.99762571,0.64053285,0.61146724
337,wss.6958af15e417ccd676efa5dffd8873f4,Lamp,0.00953859,0.01044799,0.00276321,0.00222200,0.02177143,0.02426000,0.30619365,0.25808656,0.66942430,0.71706975,0.33586836,0.28627321
338,wss.9b586cba3598cca2fffe50105e90d100,Ring,0.00674791,0.00009200,0.00148751,0.00003700,0.00859201,0.00003300,0.12579495,0.12777191,0.15391724,0.13451661,0.07590192,0.06588645
339,wss.35fa721c71ae04c1472cc88b92e0d72c,MediaPlayer,0.02410897,0.03327500,0.00517689,0.00478700,0.11226276,0.12319399,0.53237867,0.61922228,0.28372946,0.27696839,0.29168925,0.25814682
340,wss.68ed85793b50ea5ed0c025aa023b723e,Desktop,0.04077158,0.04424899,0.00375189,0.00339700,0.08371419,0.09876699,0.20561270,0.20487915,0.50008100,0.46058077,0.54937327,0.48575366
341,wss.208610aa6d607c90e3f7a74e12a274ef,Knife,-0.00186840,0.00026700,0.00029367,0.00011600,0.00792149,0.00271200,0.02611373,0.03742292,0.08288179,0.03961172,0.45336038,0.40193626
342,wss.ca54d724218ca0405e29ce2c9d37b952,Piano,0.57808566,0.70995092,0.10579339,0.09671599,0.04307410,0.00608500,1.60531414,1.52272916,1.33683193,1.38741338,0.91461927,1.16406441
343,wss.98ad8f5aad0c12ad361c6d610514e3bc,Desk,0.03042495,0.03396999,0.02711736,0.03232600,0.03624352,0.01461500,1.21474135,1.02866518,0.69602138,0.68092263,0.91128403,1.07553887
344,wss.cdde9cb1f21676d12dd8e5d33382e245,Desk,0.06356202,0.05757100,0.03231649,0.03640600,0.07455764,0.04875500,1.26138985,1.37096202,0.60473609,0.62061173,0.64065433,0.64334959
345,wss.c1e9332ab2e47fcc9977f83d67d415bd,WallArt,0.03216539,0.03478399,0.01588201,0.02215600,0.04661914,0.07575100,1.12452018,1.17693150,0.91776258,0.93164629,0.05783870,0.05529210
346,wss.2ffbd1fcc231e4c835836c728d324152,Lamp,0.01923586,0.01292400,0.01037504,0.01064500,0.08752309,0.10367199,0.46208289,0.43273872,1.58345473,1.64986455,0.45917878,0.43273723
347,wss.1ce45a951007b5948ead471f0d2cadc0,StandingClock,0.01419719,0.01194200,0.00348565,0.00443600,0.00594303,0.01128300,0.24768749,0.21642885,0.67669845,0.69932342,0.21195194,0.16513316
348,wss.8ed7309372c7b0dd98d5fc0473d00a1c,Table,0.14842749,0.16327301,0.08688539,0.10392900,0.02833193,0.02697400,1.87088716,2.14559221,0.79338127,0.85408819,0.93819541,0.93527043
349,wss.c29c56fe616c0986e7e684d25d4dcaf0,Couch,0.50598150,0.52517903,0.16245951,0.17616999,0.01447489,0.00179500,2.22173858,2.21380758,0.64138830,0.65276718,0.85969055,0.86092186
350,wss.547430efaad2d84b35836c728d324152,Curtain,0.01837947,0.01647000,0.01736696,0.01621500,0.01643706,0.01025600,0.85112667,0.90198046,1.44397187,1.52770925,0.09693609,0.04783120
351,wss.166c5b25e747d3f38b5797598d47d0af,Toilet,0.06818654,0.04301799,0.02504831,0.02430100,0.03212272,0.02405000,0.65738022,0.61567307,1.17954946,1.19875693,0.98891407,1.20360363
352,wss.ee077280e4f7c4a5ca554b08dbb3ef2,Table,0.12226039,0.15415199,0.07051206,0.07814900,0.11483170,0.02795000,1.60282278,1.79578888,0.70519280,0.83201408,0.89973712,0.85513753
353,wss.17226b72d812ce47272b806070e7941c,Monitor,0.03288659,0.03375700,0.00954504,0.00814900,0.04993712,0.06043900,0.72042358,0.71206391,0.60587913,0.63799638,0.25425977,0.24929383
354,wss.ef5269ba557da598561dce3fe08634b7,Vase,0.02873782,0.03250499,0.00607503,0.00490600,0.01923985,0.03114400,0.36749265,0.35659185,0.59968054,0.62626398,0.34946230,0.35659239
355,wss.5d47a83ce211f6a331387b9bbb0e1fa3,StandingClock,0.03046210,0.03325100,0.00701335,0.00565400,0.01659673,0.01986600,0.38041675,0.42710868,0.56191623,0.56433243,0.36529672,0.24954663
356,wss.8f56da70f43f79471c7cc6645e3c9a3b,TrashBin,0.05695953,0.06522900,0.00896296,0.01372800,0.00797763,0.00479800,0.44978622,0.47238389,0.71760368,0.71911532,0.44081515,0.47238389
357,wss.74abc9d2050fca9fb9b8e1d51a83d7c8,MediaPlayer,0.04173339,0.04381699,0.00160141,0.00432100,0.15920591,0.13718000,0.42406729,0.60601032,0.25293770,0.28527486,0.37538296,0.27950954
358,wss.571a3c2cf4c509596cb5b29312d0feee,Lamp,0.02626513,0.10769200,0.00686493,0.00460800,0.01948417,0.01059700,0.64845145,0.69444978,0.70641434,0.39930865,0.47663376,0.69444978
359,wss.198683c1a50cebd134d6aa31914c287d,WallArt,0.02675300,0.03176099,0.01027857,0.01290700,0.02821110,0.04667000,0.71147281,0.69624889,0.86055219,0.85745299,0.09494504,0.08574510
360,wss.13c18609602e4ced37b2bb75885cfc44,Chair,0.06688825,0.07607799,0.02736570,0.02368000,0.02162339,0.00765500,0.69468266,0.76757967,0.71448380,0.69833374,1.17824697,1.27624750
361,wss.377fceb1500e6452d9651cd1d591d64d,Couch,0.38857397,0.41653904,0.07604540,0.08501799,0.01418728,0.01823560,1.44710410,1.59121656,0.73666370,0.71153057,0.83076441,0.89995390
362,wss.5bf7954ab8168f24e3849910c5019154,PottedPlant,0.02729566,0.01894400,0.00817703,0.00526900,0.01829723,0.01953800,0.57351708,0.67440915,0.95047200,0.99398267,0.53316861,0.69181639
363,wss.d1fba8006e7f72bd7228984b9aa31321,Table,0.18961333,0.15189698,0.04319938,0.03612300,0.01505775,0.01085300,1.19054604,1.16953337,0.55236340,0.48730564,0.69351137,0.77968895
364,wss.f7280f3830afe980c314c92e42b626ad,Cabinet,0.24357270,0.26140100,0.05214667,0.07408300,0.01374085,0.01692400,1.45822120,1.61734700,0.64795083,0.63034952,0.37687731,0.34420383
365,wss.9b8c50f5b9e67dec35836c728d324152,Chair,0.23663059,0.22649398,0.02637185,0.02466200,0.00599074,0.00231900,0.78718394,0.98756135,1.02535617,1.04190910,0.82954592,0.73621857
366,wss.c4c598c29a542a5f150539b40d03634f,Chair,0.08796145,0.08544299,0.02804534,0.03356100,0.07437136,0.06678700,0.78371960,0.77522606,0.94320065,0.95306367,0.94767082,1.04553366
367,wss.b5fb472b07fa88982f9ea281cc67f147,ChestOfDrawers,0.23128659,0.29286301,0.08235294,0.09435000,0.40722793,0.38932800,0.78358787,0.93827444,1.71193409,1.76828647,0.48816642,0.40417895
368,wss.e68758f3775f700df1783a44a88d6274,Couch,0.55076945,0.53844404,0.16481833,0.16706498,0.02115452,0.01745500,1.97037899,2.14771581,0.85011351,0.85838002,0.82619482,0.84778267
369,wss.22e275ed10e55abd810b14a81e12eca,Bookcase,0.03889490,0.03130800,0.01949084,0.03185000,0.11721658,0.18600099,1.10681748,1.00188231,0.77975285,0.76445723,0.43688554,1.00188243
370,wss.16c39375ac34adf37d47168999f25fa0,Chair,0.03554127,0.03372300,0.01951662,0.02360700,0.01200613,0.02041100,0.61319637,0.64173543,1.23696887,1.27412415,0.73872197,0.75318432
371,wss.bb20d169758c784bf37504943ca02718,MediaStorage,0.09515896,0.06063200,0.03777207,0.05511400,0.17785677,0.19769096,1.29395914,1.52485299,0.46789792,0.50828439,0.50939935,0.50828439
372,wss.f274cbff23bda61a85024815e816c655,Lamp,0.01016366,0.00234600,0.00190768,0.00103700,0.01797707,0.02501900,0.21375917,0.17802377,0.71872652,0.77412999,0.20236295,0.17801942
373,wss.dcf48a719756705c95f720566592708e,Chair,0.03069730,0.02527400,0.01258224,0.01071800,0.00884811,0.00291700,0.61095619,0.57234406,0.98019588,1.00835657,0.67083746,0.65279692
374,wss.66d438bfe4c0d94b8857f7f29fcde7bd,Computer,0.06146025,0.05842500,0.00453416,0.00778200,0.12690504,0.13155599,0.23085833,0.24414125,0.50865984,0.51071823,0.58023751,0.56283838
375,wss.7b8c22be3c6ceac64e103370a65f182a,Lamp,0.02583756,0.02409300,0.00492594,0.00321600,0.11514652,0.13119599,0.44426480,0.45240393,0.46148059,0.50394386,0.47886619,0.45240393
376,wss.718ebcda915e18c4346ed9821e11e90,Computer,0.01557458,0.00796899,0.00335230,0.00306700,0.15347233,0.17216098,0.47510400,0.50023836,0.32848415,0.34605893,0.42479154,0.46179667
377,wss.d1a3482c576f8c50592ecd319dfd8c5d,Camera,0.00979007,0.00019399,0.00213738,0.00004800,0.00936604,0.00013600,0.15525880,0.07533732,0.15845181,0.13748580,0.11181555,0.16593459
378,wss.db716d4ab2bb471998d5fc0473d00a1c,MediaStorage,0.30773652,0.31991398,0.06978777,0.07130099,0.04891175,0.07058900,1.44465303,1.48000443,0.53254735,0.51800048,0.56721258,0.61898071
379,wss.1e6a212abb46d63df91663a74ccd2338,Chair,0.03888205,0.03735200,0.01293076,0.01635100,0.00555934,0.00847900,0.70764184,0.65733898,0.94397223,0.96555710,0.66632795,0.63756865
380,wss.aae91b2c777bd7e684a05e54516915de,PottedPlant,0.03343542,0.03059800,0.00953965,0.00836600,0.06024463,0.07934300,0.65850216,0.52292579,0.96816403,1.09864426,0.60880959,0.65713203
381,wss.b66d04492611bd3a506574ff5b24a246,PottedPlant,0.06295082,0.05069000,0.01105646,0.01325200,0.14570765,0.09818299,0.64378834,0.64234370,0.98452801,1.03557491,0.66215706,0.64234328
382,wss.cc0e864645032185d2d64d0098518cf,Book,0.00608652,0.00768000,0.00044717,0.00150800,0.08826729,0.10233499,0.27984437,0.28024450,0.37111983,0.38150176,0.10031410,0.07206145
383,wss.49a5c5f524eb73b8391e4d6c585a697a,Table,0.03312512,0.03712999,0.01015563,0.01537200,0.00977186,0.00360600,0.52060056,0.54256731,0.75098193,0.76863670,0.60330683,0.55548632
384,wss.3e5b82e97880a5a924fa019c8fbfab30,Speaker,0.00788899,0.00441399,0.00325588,0.00134400,0.04285985,0.03377700,0.47756025,0.54531866,0.33154848,0.32285130,0.57818466,0.50773442
385,wss.4eed9ad9465482d543b9eef399a0841d,Chair,0.02612151,0.02961500,0.00870690,0.00761900,0.00655378,0.00248300,0.59886706,0.59352350,0.91626412,0.96158201,0.64939594,0.63921630
386,wss.46000d9cdbab4aa8c8757e7eb90e558a,Desk,0.29959393,0.21551999,0.06458647,0.07223000,0.11677755,0.12787101,0.60028976,0.60194612,1.45109105,1.38447583,0.69945872,0.63204336
387,wss.12d44fd814bc9b40ec2a7a1f5fe7365d,Lamp,0.00829333,0.00097799,0.00209784,0.00059000,0.02016457,0.00450900,0.19381881,0.11923436,0.50796348,0.50490528,0.63159883,0.71629292
388,wss.718a3c273f8d3613d6a6b5838ef6b356,MediaStorage,0.05433853,0.05293700,0.02879192,0.03335400,0.01476311,0.01067900,1.23669779,1.33620262,0.80016410,0.89439476,0.48287758,0.50646287
389,wss.6f5cb68e41ab4356ad5067eac75a07f7,Bench,0.01743018,0.01065299,0.01067336,0.00667100,0.00283661,0.00294400,0.70082343,0.75867844,1.06319118,1.03531694,0.76151413,0.72174263
390,wss.872cafaa1a4b658878df813b603fccea,CellPhone,0.00123012,0.00043200,0.00080462,0.00011800,0.01374997,0.02907500,0.15660098,0.14238724,0.22969541,0.21568702,0.04137034,0.01536436
391,wss.956ceca8386375257252c133a7e17d94,Lamp,0.15278557,0.15041900,0.05195319,0.06243400,0.01775838,0.01975300,0.39767635,0.44691440,1.57539296,1.64225185,0.52866393,0.44691768
392,wss.7a2d9d3d185cff794b85c79082892df6,Monitor,0.03274128,0.02792199,0.00862598,0.00724400,0.10002413,0.01308200,0.70882607,0.71606278,0.57875967,0.58615029,0.35331595,0.34596294
393,wss.e0af5f1ed9ee818fd3e9b23535508184,Horse,0.06707123,0.08748100,0.01571820,0.02645600,0.00682608,0.00448200,0.37254786,0.33931270,0.95219219,0.95616353,1.16315579,1.35493839
394,wss.375c69d32771bcada374d341749045f5,_StanfordSceneDBModels,0.02846480,0.03331099,0.00255705,0.00308700,0.18249930,0.03478100,0.49721286,0.56140876,0.17409079,0.17211094,0.39233291,0.37825564
395,wss.8099b9d546231dd27b9c6deef486a7d8,Bottle,0.00875415,0.00256500,0.00117475,0.00028300,0.01067725,0.01050300,0.12960088,0.11432289,0.35921970,0.34296861,0.11955142,0.11432289
396,wss.58f3e49e746363dcf91663a74ccd2338,Chair,0.04071990,0.04146099,0.01709192,0.01681200,0.00905787,0.00735900,0.76438904,0.80970132,1.00739384,1.07157815,0.76881385,0.77378696
397,wss.bcee98cf7a7297bd265325e009860049,_StanfordSceneDBModels,-0.00311693,0.00035899,-0.00079231,0.00008500,0.00819997,0.00176000,0.09965869,0.11781654,0.18513730,0.19954646,0.03337045,0.01426352
398,wss.ef4477d93024243dafd91e5a00476f65,PianoKeyboard,0.04243537,0.03122600,0.01683559,0.01447000,0.28739852,0.39750803,1.02913952,1.16628730,0.25703624,0.27315411,0.62420893,0.35741097
399,wss.2c39c14005592fe5723aef62533ea1c4,Cabinet,0.22799760,0.30111900,0.05704125,0.10782500,0.02158898,0.02013200,1.47159815,1.61797225,0.54800141,0.59044540,0.42357260,0.40640914
400,wss.6ff315614cde9b42e58e58ea74bf6c0a,ComputerMouse,0.00262735,0.00086800,0.00045332,0.00010900,0.00667437,0.00229800,0.13750891,0.12445306,0.07471248,0.06479807,0.19294664,0.19887382
401,wss.3931068c10d0a606ef37b256c10c21e4,ChestOfDrawers,0.25169078,0.27214000,0.04275002,0.04741700,0.01562993,0.03996700,1.14681447,1.23529613,1.31508112,1.42604160,0.35671517,0.36373779
402,wss.769f607f748898c737ac8d648045f9c5,Bench,0.18503322,0.21540999,0.04438714,0.06222200,0.01649340,0.01377800,1.21214676,1.31774414,0.46639305,0.45195925,0.54893911,0.47679093
403,wss.cadd6125bf30f513e10a48f2bbb9bef4,Printer,0.01441225,0.02306200,0.00175739,0.00267000,0.14490062,0.16266498,0.43191206,0.49865541,0.19562532,0.17729986,0.37790918,0.35460010
404,wss.32647467e7fb17388c44d31080397d4b,TV,0.02061858,0.02229700,0.00760666,0.00847700,0.15896678,0.22605899,0.78774399,0.86092621,0.57323658,0.55566716,0.45192134,0.40780702
405,wss.54cbe81983534dc153b10fab8d9d7b30,Cabinet,0.43631011,0.55330098,0.04912436,0.05452800,0.31270027,0.36121899,0.66926956,0.74366677,1.40172005,1.57657743,0.60030890,0.50941271
406,wss.f9020de34de8c8b8f35704207d47d73c,Sink,0.89553136,0.64639413,0.16773990,0.13650100,0.09743281,0.15069599,1.48010373,1.55278111,1.30372548,1.50086892,0.77326053,0.83524740
407,wss.8acaa0b809fa9424df3a1b0d597ce76e,Refrigerator,0.65745103,0.76708007,0.12509505,0.17178300,0.31644934,0.43812701,0.82697415,0.92733860,1.55167484,1.61946893,0.55242264,0.53500313
408,wss.ec84cf3a6c608c74c863fbadc2cb298b,Speaker,0.05197373,0.06116800,0.00710481,0.00643900,0.07711653,0.09135898,0.34511140,0.30164778,0.68797201,0.69087309,0.32655615,0.30164778
409,wss.772f1ed7779459e8d835a15bbfa33167,WallClock,0.02878081,0.02540500,0.00764471,0.00347200,0.02421034,0.00475300,0.56498492,0.56440699,0.56763637,0.56496322,0.22322179,0.19075936
410,wss.282aec2efb13d3302ef1c225dc7772c5,Chair,0.06917150,0.08265600,0.03690229,0.04154900,0.10529940,0.09678400,0.70354950,0.74515700,1.20226586,1.33387136,1.50024557,1.54072237
411,wss.83ecec98acd12e53ab1be941467a2a97,PottedPlant,0.08683985,0.06870200,0.01610387,0.01419700,0.18940952,0.22467397,0.87909579,1.08411646,0.55479491,0.58855599,0.39326325,0.40262440
412,wss.4070ebf8119da27c950db6b38aab1d59,TV,0.04789297,0.05357699,0.01201431,0.01078100,0.10148253,0.11453799,0.84261954,0.84406853,0.62306446,0.64435959,0.28986788,0.29782921
413,wss.fea5314f86d4c13735836c728d324152,Lamp,0.00579005,0.00633400,0.00146761,0.00379800,0.00600335,0.00569400,0.32176009,0.29287654,0.68542534,0.70074487,0.31010944,0.29287660
414,wss.82c0da526314cd4dfaa6a731a795fa25,ChestOfDrawers,0.49976003,0.54291308,0.09645649,0.08543599,0.02219854,0.01794600,1.03577209,0.82500494,0.97805220,1.08018196,0.79575837,1.00713062
415,wss.c3811f0efe954321b02f4f3913a7bfd6,Refrigerator,0.47275275,0.64033997,0.08427013,0.07982500,0.41443387,0.37134200,0.64039975,0.57058942,1.58307743,1.73505831,0.57169533,0.65792418
416,wss.9a4e14333ed69acac2e7d069edab0831,Computer,0.01317341,0.00289200,0.00345287,0.00147500,0.10925151,0.10754500,0.42102969,0.37279454,0.27345535,0.25081804,0.43024185,0.45645303
417,wss.88b7181e1b7ff59251ddf7810ac75c3,Coin,0.00737593,0.00007500,0.00153562,0.00001200,0.00644299,0.00683500,0.09807712,0.09275561,0.09977497,0.09275571,0.10657839,0.01127978
418,wss.40fd8f0e8a0da01b729535b5093f5372,WallArt,0.03986222,0.04336300,0.01603748,0.01670000,0.03014316,0.05435200,1.03377140,1.07679915,0.86166441,0.87487155,0.08430536,0.04486523
419,wss.2edb94650ba9b12eb22aee81c59a47e6,Chair,0.32776716,0.44098502,0.12625696,0.15459600,0.01647317,0.03203300,1.38631558,1.52388668,1.33637226,1.32507265,1.20786333,1.41082609
420,wss.8efb3d9ec93520a797046e48d8f1e936,Table,0.11522156,0.10718900,0.02960499,0.02381600,0.00650672,0.00087000,0.77069259,0.80309528,1.16224837,1.13843036,0.58891714,0.63222402
421,wss.587d174c5f2b19c1d7e48afa5cc5db41,Chair,0.03888379,0.06773099,0.01923611,0.02101700,0.01034431,0.00703100,0.74279499,0.71179581,1.17542243,1.23935854,0.76371914,0.74818891
422,wss.50c7e5dace1d5dffc6256085755e32ef,ChestOfDrawers,0.20098270,0.08249100,0.05519148,0.07302400,0.01533702,0.00881000,1.06302166,1.11466312,1.44026005,1.55101538,0.73135823,0.72278929
423,wss.3415f252bd71495649920492438878e5,Couch,0.63139826,0.63938504,0.12867905,0.11805599,0.10163862,0.10470599,1.96927655,2.04055309,0.75389212,0.77614450,0.83824623,1.14104235
424,wss.15787789482f045d8add95bf56d3d2fa,Bottle,0.00950189,0.00356000,0.00099256,0.00031300,0.00928662,0.00816800,0.13745183,0.12839633,0.32989562,0.33284718,0.15289833,0.12839633
425,wss.c2b216339c3aebbad9da4cb1317a56e7,ChestOfDrawers,0.12927526,0.31809196,0.03928888,0.03576000,0.14522468,0.02010300,1.02015233,1.26917291,1.38275754,1.36799204,0.69141036,0.82967395
426,wss.e91da0c5c59ec4c8cb2a965e75be701c,TrashBin,0.06241177,0.06458300,0.01202071,0.01000500,0.01722448,0.00912500,0.51738584,0.54070848,0.63190532,0.61678207,0.55073833,0.53919721
427,wss.6c99de3fb336618a98d5fc0473d00a1c,Cabinet,0.48168463,0.44577804,0.12049700,0.13843900,0.28801787,0.24808097,0.73391688,0.85390902,1.42157114,1.47037411,0.55950242,0.49037629
428,wss.39f04e9c22b0d0cf2c4b0d505faea008,Desk,0.03399427,0.01643600,0.02082713,0.01109200,0.07234795,0.03652200,1.17366850,1.09505653,0.57893729,0.52942818,0.76891053,1.09505653
429,wss.be1d7ed15097481469d6e26572bd40e5,WallArt,0.00310372,0.00532500,0.00538308,0.00602400,0.01724258,0.01454100,0.59571719,0.59238249,0.76659781,0.78767407,0.08114658,0.03423481
430,wss.ea68a58eb3e3f07776d3c12311fbd927,Lamp,0.00597717,0.00186599,-0.00027269,0.00064500,0.02827685,0.02464300,0.27965933,0.25671384,0.58853638,0.66102636,0.51086628,0.52878511
431,wss.5e421da99a879732d8564c06b061019,Vase,0.02791673,0.03174400,0.00545749,0.00536300,0.03949326,0.04661700,0.40385810,0.39280060,0.55812478,0.58133590,0.38938600,0.39280060
432,wss.c7c46fd26b992a68399d7a32e765770f,CellPhone,0.00294059,0.00079000,0.00060874,0.00019400,0.01240518,0.02031400,0.13351728,0.10960968,0.25198850,0.24033816,0.04326745,0.03220858
433,wss.1ea53d7144e90f8d3d57bacf9d130342,Dart,-0.00861535,0.00001599,-0.00222389,0.00001500,0.00345327,0.00006000,0.07072234,0.03768912,0.01653090,0.01600850,0.30583295,0.31334412
434,wss.5f7ccf4446bd6544d7ae2f1e2a87cb98,Monitor,0.02793720,0.00908700,0.00791271,0.00703800,0.04735678,0.05022700,0.69844377,0.77277362,0.55886871,0.57219654,0.29471594,0.22689560
435,wss.8c769f47d8d5b0c84b681a5f8ea211b6,Gun,0.00307945,0.00514099,0.00382630,0.00319400,0.00160936,0.00127500,0.06501143,0.05027315,0.35608634,0.36087200,1.12469649,1.10848391
436,wss.b615e58e79bd2aa1561dce3fe08634b7,Vase,0.02418037,0.00978600,0.00466821,0.00426700,0.05086458,0.05692100,0.39177969,0.38488317,0.56930453,0.59200478,0.35964760,0.38488308
437,wss.ef1152b1660592d413f0924ccc9628e5,Chair,0.05370852,0.09041499,0.01911584,0.02124600,0.00883008,0.00693200,0.86692506,0.86461103,1.05314183,1.09918416,0.81711936,0.80470365
438,wss.9695e057d7a4e992f2b67ae827b02632,Couch,0.62505382,0.64586008,0.15355399,0.16222599,0.01420824,0.01202600,2.03257942,2.16593790,0.84736729,0.91489351,0.75576806,0.73655611
439,wss.7b5e64fa6d2b5a7ef9883d2fd957d60f,Lamp,-0.01282405,0.00685300,-0.00123976,0.00514600,0.10837294,0.05214200,0.45801309,0.17560077,0.37922397,0.47592103,0.56329608,0.93653744
440,wss.474b82a849e5064fa9dea4db53ba3dd,Chair,0.13368516,0.19072300,0.05033131,0.04984400,0.03730464,0.00770200,0.67739832,0.75311327,1.04300714,1.08690286,1.35252225,1.48416400
441,wss.e89ca9392862a7fca53cd01ae99b50bd,Cabinet,0.32138470,0.36086300,0.05334603,0.06349500,0.14633499,0.04003100,1.56764865,1.71112657,0.46306252,0.46207640,0.56747192,0.55469418
442,wss.99cf659ae2fe4b87b72437fd995483b,Table,0.09393153,0.08980100,0.02601507,0.03068600,0.01338141,0.02552100,0.80968976,0.83603513,0.98790610,1.06594455,0.77520257,0.73155761
443,wss.bfe54fe90c7d99637fffc92abe94e907,Chair,0.02616849,0.03526200,0.01529284,0.01868700,0.00926009,0.00987400,0.57563090,0.54509902,1.24485230,1.27189767,0.59253758,0.59052396
444,wss.3d3b4b8874f2aaddc397356311cbeea4,ChestOfDrawers,0.15013945,0.16222899,0.02994047,0.02590800,0.01647766,0.01227700,0.81477374,0.78424644,0.66423059,0.70581990,0.70091313,0.79406250
445,wss.5265ff657b9db80cafae29a76344a143,Camera,0.00272013,0.00093200,0.00005146,0.00014300,0.00638335,0.00752100,0.14436074,0.19769296,0.10581946,0.10467374,0.12627661,0.07467939
446,wss.2018b7614e77d726c1ccec171a275967,Airplane,0.00373948,0.00013499,0.00065849,0.00006300,0.00760338,0.00003800,0.15050080,0.15803783,0.07863027,0.08124640,0.22518332,0.26357198
447,wss.5c07f7040e822a42fdb729ff38860b34,Sink,0.13955352,0.15415199,0.04298692,0.06858700,0.07113403,0.03739000,1.26322234,1.64638567,0.87880576,0.95591295,1.30359697,1.31757760
448,wss.25dd6051429b804430a87f4918e4b66,Book,0.00347653,0.00141699,0.00247235,0.00083200,0.02107999,0.00837400,0.44602716,0.59404176,0.25894597,0.35503113,0.07520462,0.03325752
449,wss.18145f4b303c37f11c3739edd52fa3,Lamp,0.01889307,0.01007599,0.00436742,0.00284300,0.02123494,0.02433100,0.38851488,0.37756908,0.58810580,0.61441576,0.38654912,0.37756908
450,wss.c2bd95766b5cade2621a1668752723db,Vase,0.02033702,0.01461400,0.00352295,0.00196300,0.02678595,0.03338100,0.31622005,0.28596744,0.40486962,0.39740512,0.27163756,0.28596747
451,wss.ba7234e03524d614defe0ac024dcf1d1,ChestOfDrawers,0.09766438,0.08256599,0.04665969,0.04199400,0.01065170,0.00412200,1.16173434,1.34382904,1.22859871,1.45268202,0.67014307,0.50440574
452,wss.6e92bdda1bca7b72f9a4f3015fbf70,Chair,0.01675783,0.01701800,0.00761984,0.00978300,0.00442018,0.00298700,0.57284069,0.51665711,0.94717181,1.00974369,0.61571300,0.63121724
453,wss.5044c1354f356e154b2626866c3c7482,ChestOfDrawers,0.81311864,0.83674401,0.07032668,0.07635800,0.02005989,0.01350800,0.98486918,1.05391479,1.54434359,1.64286673,0.59005094,0.60066897
454,wss.f11f125531dc20987ff6ace05b36a5,Nightstand,0.08138368,0.11167099,0.01492821,0.01504500,0.02324634,0.00795000,0.54960394,0.56364691,0.62650180,0.64819443,0.57696033,0.60592043
455,wss.e1207056cc6c10f4980a39e0273687b1,Telephone,0.00807548,0.00411300,0.00156984,0.00070700,0.03280099,0.00405200,0.24326603,0.28327060,0.31558815,0.31861758,0.09984134,0.04783457
456,wss.c3134ae6fd6691d7db039d8689a74349,Table,0.06780344,0.07539300,0.01479267,0.02327700,0.00961329,0.00770400,0.58410239,0.65932834,0.76702094,0.80251598,0.53786242,0.50615108
457,wss.e8aa71cd9a0ed5cd33aa3c623c0c0645,WallArt,0.04663149,0.05974200,0.01786431,0.01870500,0.03253319,0.02948800,0.82083881,0.87035489,1.06922936,1.07767498,0.12370256,0.08952119
458,wss.4c1db907fa5813d7253f12d90aaa05ab,TV,0.05144315,0.06120400,0.01149517,0.01363500,0.08477300,0.10153399,0.89517379,0.91019332,0.60022199,0.61280423,0.16114068,0.11084530
459,wss.b89c720c2b2f236c04ea93c895f88f6,Lamp,0.04319379,0.02586400,0.02492405,0.01097600,0.03345302,0.03144700,0.65160561,0.53438318,1.36920631,1.58921623,0.63516629,0.53438288
460,wss.1e9b2d5d65a8b7c29fe8663d47f73813,Lamp,0.01008058,0.00699299,0.00510853,0.00397100,0.06236086,0.06449699,0.28365034,0.27654782,1.62354314,1.71566594,0.29748747,0.27654782
461,wss.20d42e934260b59c53c0c910fd6231ef,Computer,0.01324022,0.00373200,0.00294453,0.00200400,0.09927090,0.12720798,0.39129034,0.41434112,0.32794175,0.31656048,0.38373542,0.37191379
462,wss.8b2847103757d670af4e8812cf1b9e1,Desk,0.27381125,0.32122299,0.04466125,0.04199599,0.01356066,0.00970000,1.18990815,1.23615992,0.86306340,0.88189459,0.56715184,0.61054254
463,wss.9bac04b7ee87d57224f5b2f86d563e72,Lamp,0.19851656,0.21889400,0.01414409,0.01439800,0.23525399,0.25994298,0.53532797,0.50583714,0.80528647,0.84208578,0.54376817,0.50844598
464,wss.360fff3feecb161321eee0f69ef7eada,Lamp,0.01053776,0.00428800,0.00124355,0.00193300,0.00584665,0.00268700,0.13426143,0.12714970,1.12038672,1.17301929,0.14601639,0.12714970
465,wss.f9c965b45afa9b15ebbef56ea25e4b3,Computer,0.01356589,0.00408100,0.00312087,0.00201000,0.11080179,0.12208999,0.42022619,0.42148376,0.29809469,0.27666718,0.39340791,0.39498833
466,wss.6fd3968f737bcf7e64ac3b2f693d10e5,CellPhone,0.00227426,0.00070100,0.00077763,0.00021900,0.01241689,0.00139100,0.14491735,0.11811814,0.24616058,0.23721369,0.04281653,0.02437197
467,wss.670b45cb308014ea413908c0e169330,Chair,0.09304213,0.09690100,0.02666318,0.02964500,0.03993719,0.03577000,0.71602982,0.75520635,1.07846355,1.16339600,0.83289683,0.82394522
468,wss.2213ac0d768e2f2b44c73a59ff49c982,TV,0.02875220,0.02084900,0.00894302,0.00732000,0.07003418,0.07834199,0.80511624,0.84075189,0.60992801,0.59865195,0.24975820,0.38597533
469,wss.a8924202a504478af325eaa2da7ecc8,CellPhone,0.00276679,0.00062900,0.00077563,0.00019000,0.01248044,0.00128800,0.14300418,0.11177887,0.25372863,0.24041750,0.03835386,0.02262584
470,wss.1e04e5dac618b8b114fbf06c3886b9e,Lamp,0.00517418,0.00221800,0.00199835,0.00103600,0.02565027,0.05408800,0.48236272,0.50596625,0.64412022,0.56107771,0.54466611,0.46002874
471,wss.804392005727a4e3a7e870da1ab2a36d,Chair,0.04879998,0.05884400,0.01763606,0.02736800,0.10267115,0.26660699,0.70470572,0.69401813,1.11072671,1.04854345,0.72428739,0.79329371
472,wss.dadf3f55c02c4dbe71357e42f9203ca5,TV,0.01817189,0.01743300,0.00826069,0.01085200,0.10707501,0.14749998,0.88292527,0.99094659,0.41425329,0.43544275,0.22876525,0.21143287
473,wss.9af0807b146c564a45c4ecb2f4b73702,Lamp,0.01319067,0.00915199,0.00263488,0.00166900,0.00991244,0.00932900,0.40817541,0.41755772,0.57962132,0.56370425,0.44741046,0.41330782
474,wss.34808bb66b2bfa07ab7f9d2da6fc61cf,Monitor,0.02839402,0.02525800,0.00847363,0.00905500,0.04040955,0.04660200,0.71315825,0.75149047,0.58930469,0.58481920,0.23168050,0.26316801
475,wss.1ad4c572e0fd6a576e1e9a13188ab4bb,ChestOfDrawers,0.75695854,0.83965194,0.09544448,0.13197298,0.39457333,0.43080705,0.74570674,0.81710994,1.69791007,1.89816558,0.64096487,0.56158751
476,wss.8acf87bf6a3927b9566636e42679cc7f,VideoGameConsole,0.00837470,0.00296000,0.00171920,0.00039000,0.01922170,0.01640800,0.22794954,0.05618355,0.22324632,0.22417976,0.17155804,0.30843073
477,wss.6f04104e178fb858f7628281ecb18112,Chair,0.25406468,0.31034699,0.04857168,0.06551300,0.01566141,0.02092100,0.75528389,0.84444207,1.17638755,1.26558483,1.00670242,0.92744547
478,wss.2f28e2bd754977da8cfac9da0ff28f62,Car,0.00709201,0.00044199,0.00185712,0.00006700,0.00708448,0.00019800,0.14486431,0.07797338,0.08909001,0.06419949,0.19010608,0.17853622
479,wss.3fcfac8dbeda211dd2f257ce22a60cdd,Cabinet,0.24812964,0.26958799,0.04935768,0.06977300,0.01350749,0.00341400,1.46615291,1.52663255,0.78420979,0.83935392,0.26532778,0.31065488
480,wss.9cabda39008f86316d075d8d4fe1141,Vase,0.01554225,0.01321400,0.00361239,0.00316600,0.01472379,0.02590400,0.25912043,0.23948339,0.59566897,0.59870666,0.22876231,0.23948295
481,wss.2c3fff6bb2f03eeddec62a61accd35e7,_StanfordSceneDBModels,0.00371608,0.00353300,0.00103174,0.00064900,0.05412949,0.08945600,0.25729418,0.24495153,0.37164038,0.37832415,0.06718545,0.03960949
482,wss.667ad0330fb27135dac42bdc1d2df4a3,Lamp,0.01901332,0.01953800,0.00832575,0.00983900,0.08118166,0.09723099,0.48093089,0.46296930,1.33467793,1.39042795,0.47499841,0.46551824
483,wss.367fbaea8743ec1cc98452c8fce6b43,Computer,0.01279184,0.00352200,0.00351720,0.00184700,0.11415561,0.11372700,0.44668037,0.45377621,0.25001499,0.22410461,0.39577881,0.39257494
484,wss.cfac66fe0cec664a8069dabf6dffa846,TV,0.09820527,0.10611700,0.00764288,0.01116200,0.12802222,0.11476500,0.69100803,0.86742508,0.42202356,0.48093921,0.42930788,0.48222515
485,wss.9214670b7c1e36bc1b1e2ecfb322ccbd,Chair,0.01453192,0.01580899,0.01229041,0.01445800,0.00866520,0.00532500,0.71781158,0.67007172,1.22569048,1.32098079,0.67562073,0.63924050
486,wss.6da4855b1a5a4051d55a3258262c9e01,Lamp,-0.00130183,0.00502300,0.00442378,0.00325500,0.01795880,0.02843300,0.47945347,0.50989270,1.46469915,1.61323845,0.36040959,0.48428786
487,wss.9d7a51641609efeb54db38a439aab3c3,Bench,0.04110055,0.03408999,0.02030493,0.02097900,0.01594535,0.00157300,1.21525598,1.26916254,0.50500888,0.54366362,0.50425756,0.51191533
488,wss.ef72310b39244eca6aa35752fcfa44c0,LDesk,0.55939674,0.35868701,0.13350369,0.14543600,0.06433902,0.09498299,1.39669693,1.51108146,1.01421237,0.83214813,4.40412521,1.65087605
489,wss.89f69d95f5598fddd42a2a5a47e9ed5,Knife,-0.00253571,0.00017200,-0.00000341,0.00014900,0.00704938,0.01564800,0.00751540,0.01083992,0.09858097,0.04395452,0.50199729,0.46299830
490,wss.dca2cd661bece47bd810b14a81e12eca,Bookcase,0.06673852,0.05892800,0.01981650,0.03110400,0.30404145,0.45162103,0.95155978,1.06465006,0.59593534,0.58777559,0.47371528,0.42142391
491,wss.82d567ba58024c5cab0b172d4dea80cd,Computer,0.01034370,0.00115600,0.00242996,0.00118600,0.07917026,0.10004099,0.39837551,0.40282482,0.23503104,0.21809328,0.29600376,0.30453867
492,wss.6ca2149ac6d3699130612f5c0ef21eb8,Bottle,0.00918666,0.00243500,0.00126073,0.00031500,0.01059056,0.00757000,0.15402757,0.15009950,0.34760737,0.33748612,0.15350626,0.08562606
493,wss.dcc6b2d151b50e144c173aab8f9aede4,Monitor,0.02165431,0.01245099,0.00772659,0.00635500,0.03185271,0.02689600,0.75367469,0.78232598,0.58113551,0.58564615,0.16965918,0.14487536
494,wss.ab499159f03dfb4951184e96a017458c,PottedPlant,0.01501820,0.01392900,0.00761592,0.00543900,0.02593145,0.02262300,0.54148173,0.42781326,1.16322279,1.17823410,0.46739307,0.57084799
495,wss.9e1e652f6477ecc87b9aa4fb5234ab40,TableClock,0.01733571,0.00792600,0.00314833,0.00070600,0.01465137,0.00616400,0.27442148,0.25174516,0.32690591,0.34652251,0.25882670,0.18286677
496,wss.a7f5d8320a77ada37b98092cf509b83,Lamp,0.06797386,0.09850299,0.04079477,0.05054500,0.26710013,0.40684801,0.57047534,0.63660288,1.47875607,1.51193190,0.58033931,0.63660300
497,wss.41e5c55dde0d8caa35836c728d324152,Lamp,0.07104100,0.13602999,0.01699819,0.02703900,0.06364743,0.07920800,0.33892199,0.27116793,1.59159946,1.71738243,0.28023928,0.27116638
498,wss.8a9af7d8a83d90fcd53e36731300f5b4,Chair,0.06463820,0.06585300,0.01975756,0.02385400,0.23498388,0.20417297,0.72864628,0.72447753,1.05281234,1.10694826,0.83043259,0.92351079
499,wss.b16913335a26e380d1a4117555fc7e56,Couch,0.24856497,0.26023701,0.07087635,0.08731400,0.21076162,0.22479798,1.78527892,2.23853040,0.48614833,0.47687557,0.92107517,0.91094708
500,wss.a10a157254f74b0835836c728d324152,Couch,0.72660983,0.73225403,0.16795838,0.15985498,0.06033655,0.09203799,2.12497115,2.15735531,0.67452127,0.63282549,0.91594923,1.00676668
501,wss.cd418bf69c286701e301960cce35ab79,_GeoAutotagEvalSet,0.00888166,0.00162100,0.00094730,0.00026600,0.00900170,0.00982500,0.12640552,0.11016522,0.36065793,0.34569183,0.13144945,0.11016522
502,wss.81dec5a50d26f1dff04bb0474a98ba2b,_StanfordSceneDBModels,0.00468842,0.00186000,0.00109110,0.00019200,0.01316961,0.01844300,0.21311142,0.21011947,0.14867774,0.12081872,0.14114569,0.09455375
503,wss.f17c8c7d510658a02f2318fdd66be40a,Vase,0.01314114,0.00568800,0.00214677,0.00082800,0.01360361,0.01667900,0.21979630,0.23382723,0.32366228,0.30550304,0.19730183,0.23382725
504,wss.b92c1ad2943ec29168faa7730065e439,Speaker,0.04545740,0.05532800,0.00865293,0.00896600,0.03299036,0.05461900,0.30111134,0.19582441,0.95928836,0.99165887,0.24661711,0.29459783
505,wss.1cec41755e0f17f2ea8b2280a82aa634,Chair,0.04665228,0.02197100,0.02256448,0.01895800,0.02805574,0.02888300,0.87143624,0.98073334,0.84930629,0.90216595,0.89878982,0.90968221
506,wss.391458d5097646ac8bd24d13dcc47e64,Lamp,0.03115950,0.02287299,0.00594055,0.01031700,0.01105431,0.00100600,0.46955299,0.51213229,0.74955595,0.78116268,0.47998738,0.51213229
507,wss.90959c7526608ecdfb54b6f00b1687e2,Couch,0.62324625,0.68908405,0.14635719,0.13584599,0.19637600,0.21814097,1.83062327,1.71439993,1.37418175,1.43172777,1.09870756,1.03885865
508,wss.4d26cd5133e33f562846fa729d90e125,Candle,0.00581997,0.00106999,0.00102506,0.00047800,0.01452022,0.02094200,0.19785431,0.16094325,0.60404885,0.61882830,0.18129693,0.16094325
509,wss.b34982af1d6e18736b4393ff6e4e0f88,GameTable,0.20755982,0.10901199,0.11928327,0.10910900,0.02808448,0.00862200,2.03000307,2.20712304,0.71545148,0.73570776,1.35639954,1.28748846
510,wss.5be8a53bd1564d26d2ee14aa7f86b306,_StanfordSceneDBModels,0.03919773,0.04308500,0.00377074,0.00386600,0.11770902,0.01810500,0.52638924,0.50074625,0.15010174,0.16186942,0.45243770,0.57061779
511,wss.61cc25769c7636a14b709ea9254a0647,ChestOfDrawers,0.58386421,0.66936499,0.08104531,0.08763400,0.08092760,0.00692100,0.92579639,1.00292969,1.69669747,1.85364687,0.45667997,0.39559329
512,wss.8e76d0002b592ef91663a74ccd2338,Chair,0.06204122,0.06697799,0.02258510,0.02227700,0.00809141,0.00365300,0.76282996,0.71338975,1.10191989,1.16623831,0.79502869,0.85527802
513,wss.7836a7015159442980360680c1602c7d,Bench,0.06461123,0.04069399,0.02401957,0.01244400,0.01816192,0.00182500,0.93446964,1.22255147,0.66846365,0.67132366,0.62694156,0.47191116
514,wss.e20fabdd9dedc47c2ea5ec1d7dac50b9,TrashBin,0.09160959,0.09884500,0.00658794,0.00795500,0.12051516,0.13953498,0.36574656,0.49872375,0.66422164,0.72528028,0.45442367,0.43418762
515,wss.20ed6a41058e6b2659f9892433e1b1f4,Vase,0.02932429,0.02702799,0.00546303,0.00423200,0.07240912,0.05495800,0.38592073,0.40650603,0.55627763,0.57621157,0.37324652,0.38660997
516,wss.cf0208d1c19e8313cc63543a91bdd558,StandingClock,0.01343407,0.00884800,0.00317071,0.00298600,0.01734099,0.01970800,0.21119788,0.17336752,0.66447043,0.72166121,0.16698970,0.11208156
517,wss.f82e90f8a6d49827e8784f880dac0f61,WallClock,0.07013521,0.06465999,0.00522302,0.00625900,0.11495452,0.10210599,0.32001072,0.64930534,0.60137296,0.64930534,0.48379010,0.15583298
518,wss.b7a9d8b469cb06037824b732b006daaa,ChestOfDrawers,0.63239181,0.88371801,0.17044348,0.23334397,0.02304816,0.01848400,1.72375464,1.77614188,0.96445680,1.06349397,0.66432762,0.55915499
519,wss.2193f3624198ede23f0af1eceae2dd4,Gun,0.01834511,0.01570099,0.00693888,0.00598000,0.00796096,0.01055200,0.15311573,0.13617434,0.41602302,0.37739018,1.05694902,1.09569955
520,wss.31060891383f6df685d624cfcd9a37a7,Lamp,0.03061841,0.04221800,0.01217446,0.01644000,0.13786215,0.14206098,0.54974222,0.60170305,1.50397491,1.55143547,0.56010509,0.57225299
521,wss.c9ed0aa479b6859340cb4688019498aa,Chair,0.02763431,0.03042100,0.01355411,0.03022300,0.03317193,0.03840600,0.93744940,1.09897995,0.95765358,0.91416675,1.07931232,0.98876506
522,wss.1e57738f60665b1a908caac6d5f8ca97,Table,0.03033471,0.02378600,0.01032109,0.01100700,0.01656327,0.01453800,0.87904453,0.86276728,0.61222225,0.57616103,0.34424445,0.34266117
523,wss.3d0a062c24d4a9eaf31883de1fc270a1,TV,0.04026965,0.04811799,0.01097170,0.00953200,0.06040947,0.07162800,0.90541005,0.91295338,0.60236466,0.61365509,0.14189120,0.07880995
524,wss.9b023be7d35755e4355005b4420ff0a5,Piano,0.45510352,0.41571203,0.07597534,0.10364300,0.02690766,0.03740100,0.96240497,1.73742640,1.12238836,1.13472795,1.58512211,1.13685918
525,wss.3297041a1a8de1d3d0f3f1f5f6accdb1,ChestOfDrawers,0.46801749,0.44024903,0.04373290,0.04878600,0.01541699,0.01149500,1.36840248,1.40064776,0.84329611,0.83489585,0.45651004,0.45040438
526,wss.45587567f6f4d20cf004563556ddb36,Table,0.08494534,0.08770700,0.02471385,0.02281400,0.01326527,0.00470400,1.13185441,1.26714242,0.73084557,0.72649574,0.52026904,0.48675090
527,wss.ac8a2b54ab0d2f94493a4a2a112261d3,Couch,0.81302810,0.83454096,0.18418865,0.18441500,0.03507647,0.06025900,1.86440706,1.94865882,0.75201941,0.75417149,1.14442647,1.30468082
528,wss.f8a37a9da22f9e19c2ed3fce8969c0e9,PottedPlant,0.02148885,0.02949599,0.00944050,0.00876300,0.09231681,0.08406899,0.49257624,0.38578430,1.26168716,1.37834811,0.40029275,0.45971009
529,wss.6e1ab8ba32567f003f7e27638e63d848,WallArt,0.09032615,0.09831500,0.02244212,0.01963300,0.12372915,0.13021699,1.10391021,1.17854905,0.75642955,0.74959606,0.13720381,0.10636690
530,wss.866552d994de3a252ea98d69e91ba870,Chair,0.02291642,0.02246600,0.01508789,0.01296700,0.00588509,0.00309900,0.72433817,0.73345900,1.19132411,1.24032688,0.75038314,0.72564161
531,wss.757deea50fa00eb4e5595fbfd7d35143,Table,0.02481727,0.01370999,0.00881175,0.00788600,0.01309276,0.00670300,0.78855991,0.68799531,0.53008544,0.52347553,0.59655595,0.66813272
532,wss.72b7ad431f8c4aa2f5520a8b6a5d82e0,Couch,0.81426054,0.89486903,0.18180421,0.20148601,0.03187932,0.01373000,1.98128569,2.12109113,0.82635510,0.78066087,0.94548118,0.97967768
533,wss.be88d4f562cf410c8ed987e79d4e7bec,TV,0.06198280,0.06499500,0.01108391,0.00976000,0.05382425,0.05224000,0.87941730,0.91513389,0.57487905,0.59899580,0.16052519,0.14142966
534,wss.49bfb74b1c2e2806a8874067d97e8c32,Books,0.00953257,0.00750700,0.00256377,0.00240400,0.04359658,0.05977500,0.34255818,0.51233816,0.21862580,0.22194414,0.28639150,0.15582709
535,wss.54017ba00148a652846fa729d90e125,Lamp,0.04015487,0.07190299,0.01300823,0.01975500,0.06585000,0.06432100,0.31487951,0.31900007,1.70119262,1.84376407,0.30786505,0.31900007
536,wss.1b6ba5a1d8498ff223330fbe0ef32590,_StanfordSceneDBModels,0.01054231,0.00023000,0.00258101,0.00010200,0.01024959,0.00786900,0.19090101,0.19359529,0.10966768,0.07885882,0.20269185,0.13519040
537,wss.b0e4b1c9a46c171f2cba66dc6aeabcd4,Table,0.05684863,0.03427229,0.02607140,0.02729980,0.01847578,0.01158550,1.23662090,1.25769806,0.44511306,0.44020385,0.65338957,0.62885022
538,wss.ef13f960f08edac3b91b871e750ca615,Chair,0.08123162,0.06391900,0.02010095,0.02635700,0.07868266,0.06414500,0.65001988,0.65346825,1.16224515,1.25056720,0.69809270,0.78209960
539,wss.a7f9a3d63b1745a3526847327d19fefa,Chair,0.01686065,0.01037200,0.00855426,0.00723300,0.00638332,0.00156700,0.54549503,0.54351652,0.96774387,1.01341081,0.67269886,0.60213977
540,wss.874ce469cb4d3de0717063e37790aee2,Bicycle,0.26930225,0.07079300,0.10382753,0.04847500,-0.00465812,0.02186800,0.93047124,0.84532464,4.85472965,2.16030979,2.78013134,2.59999752
541,wss.32920c0bcbcb8df439ec7aee4c50e2,TrashBin,0.02446976,0.01499300,0.00478287,0.01017900,0.14212257,0.15337498,0.61000526,0.66749340,0.42309713,0.45074323,0.53909767,0.49819317
542,wss.5fa6f16bfb61ee656140bfef23d33f2c,Lamp,0.02435219,0.01201400,0.00757892,0.00935500,0.01289235,0.00787400,0.31248042,0.33333346,0.93470395,1.00000060,0.20155016,0.11309532
543,wss.5d2ed70e944a76954beec3b24722e27,Chair,0.03689225,0.04320300,0.02346865,0.02390100,0.01071100,0.01135600,0.73341948,0.74657977,1.21011305,1.24000001,0.70390606,0.71297848
544,wss.82a1545cc0b3227ede650492e45fb14f,Table,0.14234780,0.16091000,0.06489370,0.06791899,0.05994172,0.05667700,1.53499687,1.69294310,0.77414870,0.84647155,0.98340803,1.03237641
545,wss.5b8a2074b476c79f7ff6ace05b36a5,Table,0.05226446,0.03220700,0.01288617,0.01636600,0.03366924,0.04255400,0.67664945,0.62886477,0.68290180,0.69873857,0.58612537,0.55680728
546,wss.6060bfa3909185f78ce35a9a4af57797,Piano,0.66475058,0.91004807,0.11316652,0.09996999,0.04018446,0.06310199,1.57063591,1.47376335,1.40393221,1.46557510,1.06133235,1.13082623
547,wss.9335060416f8003f8c159f8d5e761b17,Table,0.26189059,0.30653900,0.09611588,0.09242500,0.02974514,0.03900200,1.31369340,1.33229613,0.95203048,1.02416110,1.61275005,1.33229613
548,wss.1852cf691d561b97760c1770d1a1230,Lamp,0.01248550,0.00263300,0.00202251,0.00116300,0.06351630,0.06748199,0.35480174,0.53878033,0.58976591,0.59481108,0.44758677,0.37236959
549,wss.7f6eefb58df3952e11b6659a0446b6de,WallArt,0.04540809,0.05564200,0.01690801,0.01796300,0.04008316,0.05066400,0.78946042,0.83762509,1.06324875,1.10567081,0.09901172,0.05283371
550,wss.a8dc576b875bc3cae28a83d476eddeca,VideoGameConsole,0.01096181,0.00041000,0.00197253,0.00041200,0.02011333,0.00162100,0.22949284,0.06428342,0.24811938,0.24236220,0.17869319,0.29269478
551,wss.aea7fc3e259ea9e4202be79d8b285c1e,Knife,-0.00211684,0.00018900,-0.00025157,0.00016100,0.00660495,0.01153900,0.00627050,0.00939596,0.11052842,0.06417751,0.49372441,0.46062529
552,wss.be15eb13b784d6c935836c728d324152,Vase,0.02772108,0.01775400,0.00548476,0.00288200,0.02756079,0.04060600,0.38477403,0.38289341,0.59522521,0.59440398,0.39517805,0.38289329
553,wss.701e0d48f0905443b44675d9c90fdca2,Piano,0.80909848,0.76879108,0.17313503,0.16266099,0.03363054,0.02215600,1.42936802,1.52314520,1.58883226,1.78751969,1.84864247,1.85054278
554,wss.53433f3e15014d831220240e825d0985,Headphones,0.00772745,0.00089000,0.00119754,0.00022100,0.01437887,0.00019100,0.20764604,0.21816748,0.27163523,0.27289879,0.12501968,0.08816498
555,wss.d107532567ee3f316663d1953862c637,Chair,0.01343901,0.00636500,0.00582681,0.00577600,0.00512882,0.00153500,0.60626024,0.53875732,0.89354253,0.91547728,0.63880587,0.56233400
556,wss.a93f71385c5b6face02320290db32e67,Candle,0.01519169,0.00244800,0.00354827,0.00093300,0.02620588,0.02472200,0.30152300,0.25707474,0.35784742,0.38561210,0.23209435,0.25707471
557,wss.eb6646d3590c467f1cf3fe6240494178,Stapler,0.00470838,0.00036900,0.00118200,0.00008100,0.00598400,0.00918600,0.13046785,0.04922360,0.08361427,0.05413826,0.19961768,0.18734628
558,wss.fb55535403fa30d2e1f3ca9fa5f82562,Stool,0.02506703,0.03140100,0.00893006,0.01016100,0.16441980,0.18618698,0.49748778,0.48177138,1.01030707,1.07595599,0.50743020,0.48177138
559,wss.16a91700de9c32a98c1a083ca347f005,Lamp,-0.00097449,0.01090200,0.00553110,0.00302100,0.00241078,0.00330200,0.48080918,0.30307725,0.84259373,0.81729043,0.60613620,0.68129325
560,wss.1d3e6b487838afaf56d62eb4972720c,Lamp,0.01775876,0.01861599,0.00601143,0.01023200,0.01376736,0.00561900,0.43099818,0.49089947,0.79800332,0.84154189,0.40390003,0.41803178
561,wss.609489d1658078747252c133a7e17d94,Lamp,0.13426079,0.15042000,0.05466584,0.06243500,0.01539720,0.01975300,0.40944374,0.44691533,1.53884327,1.64225483,0.50150543,0.44691843
562,wss.f69510412f10e9ed322ed2ef5fc90e25,Lamp,0.01716488,0.02789999,0.00579587,0.00387100,0.00412798,0.00029900,0.51012969,0.42131248,0.91515410,0.90375650,0.54444075,0.36086279
563,wss.319479919663030517f7724a70577dad,Desk,0.11220078,0.09642700,0.05248233,0.06941700,0.18182383,0.16561599,1.06488550,1.14978385,1.22679281,1.42354214,0.55583405,0.54751623
564,wss.39b51f3a6e8447c3c8a1a154de62786,ChestOfDrawers,0.27016848,0.27513698,0.08511081,0.11124199,0.02338835,0.00297500,0.96966547,1.05098319,1.36976564,1.56105447,0.40167350,0.38780561
565,wss.cdcf434ffa20ba921ca8be0b6657875e,Stool,0.04193370,0.03187000,0.01635979,0.01060900,0.24200918,0.21400298,0.57287180,0.56278318,1.14305508,1.13494778,0.52466869,0.56278384
566,wss.a9ca0f99c7bd5c1a35836c728d324152,Cabinet,0.47433141,0.46806106,0.05132068,0.05554000,0.01700797,0.02467500,1.33884656,1.43617213,0.87016225,0.89160860,0.64394379,0.66375351
567,wss.fbe94683b5293724b783d0fd89a1af1,Monitor,0.02185998,0.02114300,0.00700745,0.00624300,0.04109189,0.05028500,0.74915755,0.85197979,0.44633627,0.43441853,0.24117111,0.24783516
568,wss.1944938643bdb1dd56538cee362f80d0,StandingClock,0.00841426,0.00814899,0.00284315,0.00341900,0.00914681,0.00011200,0.27727446,0.29642233,0.63877749,0.67717808,0.17160332,0.12995261
569,wss.29a3f3ee5c752ab3c39a00da16746b95,Lamp,0.02986364,0.02306300,0.01140693,0.01222100,0.03564063,0.03071900,0.53113425,0.55029482,1.54419923,1.57846487,0.54264581,0.55029052
570,wss.41ffb4ec3d22e9dd9e7e7bd5f870f40d,Table,0.06206997,0.08830799,0.02605314,0.02781700,0.01990848,0.01722600,1.20013618,1.27725112,0.55421424,0.55099750,0.47486070,0.52750731
571,wss.a200c5af60e49857b7d0eee5f296f7bb,Bear,0.14978553,0.14895800,0.02046986,0.02124100,0.05292299,0.01823200,0.80231756,0.85323995,0.96198153,0.97535223,0.61245888,0.62683296
572,wss.47c45ac7187a9674421b433358248213,Couch,0.10429648,0.14150301,0.03837875,0.04323800,0.02019463,0.01391100,1.33036900,1.40171838,0.39516270,0.40030935,0.67007625,0.69991237
573,wss.5bb8457da2bbc722d810b14a81e12eca,Chair,0.02241282,0.01866700,0.01421781,0.01544500,0.00508794,0.00376700,0.81416875,0.95942169,1.04579818,1.06910717,0.77739894,0.73469615
574,wss.8cd9b10f611ac28e866a1445c8fba9da,Bottle,0.00653096,0.00145800,0.00097286,0.00021100,0.00820207,0.00571300,0.12255321,0.08359053,0.37010500,0.35469034,0.09446301,0.08359095
575,wss.a728186f2bb912572d8564c06b061019,Refrigerator,0.50865811,0.93345994,0.08201577,0.14490898,0.28405586,0.34572199,0.84745407,0.70053858,1.53361726,1.73026574,0.65887380,0.80270058
576,wss.4030809eb34e18c6ffeb4ecfde76572d,Gun,0.08671339,0.07749200,0.01701976,0.01688800,0.02675142,0.27782798,0.77978981,0.59155953,0.30650628,0.29577976,0.85180473,0.96128249
577,wss.9294163aacac61f1ad5c4e4076e069c,Couch,0.35107464,0.43059403,0.08053082,0.10235099,0.01114397,0.00638600,1.86792314,2.13287640,0.93389988,0.91846633,0.93600160,0.82188362
578,wss.7bf89d4e40ef129debf5869836d37497,ChestOfDrawers,0.34893391,0.46804303,0.08110707,0.14480302,0.07949132,0.14599198,1.09475231,0.98433489,0.55357707,0.53496456,1.06020129,1.26786602
579,wss.f282330fca04d402f91663a74ccd2338,Chair,0.03018175,0.02119099,0.01419793,0.01574400,0.01055582,0.01113000,0.71831167,0.74663281,0.99348581,1.05127466,0.69176638,0.67976266
580,wss.414c390128a57fb1de0e2ea00b1b12dd,Gun,0.00643353,0.00519900,0.00067168,0.00156700,0.00114273,0.00523600,0.22135574,0.06518488,0.54703987,0.52033365,0.46590579,0.58346546
581,wss.95496308b3101ea0b02f4f3913a7bfd6,Refrigerator,1.07956684,1.22588503,0.06756994,0.06892900,0.02847076,0.01179400,1.17345059,1.00478339,1.23252451,1.24831331,0.87918633,1.09589982
582,wss.c63171cdc8eaedd23a63a352b1ae090d,Spoon,0.00476199,0.00005299,0.00025052,0.00004600,0.00362768,0.00164300,0.08292401,0.06593385,0.30734643,0.29513243,0.05614820,0.03767648
583,wss.58fac51ccad0160df1783a44a88d6274,Table,0.04521006,0.05976700,0.01811388,0.02646000,0.00996003,0.01146100,0.89342743,0.79477990,0.88721943,0.91898549,0.80285347,0.94560689
584,wss.3be5f3cc65c0dda98aa0371b0127c13f,MediaPlayer,0.02088156,0.02255599,0.00430023,0.00302700,0.15023580,0.24287699,0.54247659,0.59436965,0.09097885,0.08935402,0.40127337,0.40680999
585,wss.d7deb5bc5ed5df749977f83d67d415bd,WallArt,0.02516515,0.03448800,0.01799707,0.03191800,0.02497146,0.04511100,1.03587413,1.07146466,1.28819442,1.34592843,0.08594590,0.04118278
586,wss.8ffc9e567e5af31a563b10b1d8090f9f,ComputerMouse,0.00653091,0.00081600,0.00157450,0.00012500,0.01119187,0.00286600,0.16038227,0.11664522,0.05719523,0.04413735,0.24404524,0.23071785
587,wss.cca5dddf86affe9a23522985f649a9ae,StandingClock,0.00979357,0.00570300,0.00297587,0.00205500,0.01329277,0.01310200,0.21694863,0.21445954,0.65082544,0.71662807,0.11450858,0.06014475
588,wss.65f9103ab7a64e83cb7105765410e2d6,Desk,0.46931446,0.46666801,0.05237967,0.05123900,0.35859761,0.00798000,1.03155839,1.08043182,0.88348329,0.92917144,0.78659183,0.80492163
589,wss.a3acfe6f313ab881bb088904f7cb154,Chair,0.07799958,0.08098700,0.01716123,0.01776300,0.01008631,0.00659900,0.65254533,0.59140015,1.12560380,1.13455212,0.69085646,0.70750725
590,wss.fe591330f3624a7f09225018235d526,Stool,0.00843603,0.01017600,0.00554111,0.00570900,0.00359368,0.00671100,0.59538543,0.48379272,0.95871198,0.96527392,0.56854475,0.67537344
591,wss.4c3233acca01fb131e652fa812161367,Fork,-0.00142259,0.00005700,-0.00020824,0.00003600,0.00445222,0.00088200,0.07279767,0.03385663,0.24403746,0.26608333,0.04291620,0.03129154
592,wss.df6d614c3ec344f6bbb54a23cf41ed36,PottedPlant,0.05507979,0.08000400,0.01176217,0.01552100,0.01721771,0.00766200,0.35530213,0.39330262,1.21072459,1.26055193,0.36695826,0.39329791
593,wss.c32dc92e660bf12b7b6fd5468f603b31,Couch,1.04671156,1.15895903,0.19077276,0.20484398,0.04705764,0.06922399,1.66881609,1.84551525,1.13890707,1.24907649,1.03414440,1.04982126
594,wss.6807e9c9868efb4ea93f44a78566235f,Lamp,0.00577941,0.00132200,0.00219438,0.00090600,0.00402172,0.00128200,0.22487727,0.21767972,0.50897938,0.56182528,0.79783827,0.85988319
595,wss.a56a2084d631876fda7fbc266d41ec0e,Ipod,0.00177972,0.00078399,0.00079352,0.00015800,0.01856371,0.03402500,0.18577601,0.16853637,0.24340487,0.22691981,0.04644413,0.02106760
596,wss.e46596cc63efe6f8bee2958e154aa7ab,Desk,0.26484150,0.28027201,0.04938554,0.05263300,0.34298334,0.32087401,1.21878242,1.35912669,0.67917466,0.65538919,0.69671035,0.63390100
597,wss.d075f33ff1e2e59dcbe58bca02f22502,Lamp,0.01133828,0.00306699,0.00185783,0.00204400,0.00892922,0.00314400,0.14282712,0.16213095,1.11454964,1.16435218,0.16252303,0.16213085
598,wss.ce24e17dfd60ead335836c728d324152,Chair,0.03963656,0.09648699,0.01900779,0.01989400,0.01420573,0.00348800,0.78997010,0.67998338,1.21509671,1.24285364,0.74919856,0.77172989
599,wss.b17bb8b37d49e2e135836c728d324152,Chair,0.01738854,0.01534099,0.01729008,0.01471500,0.00750956,0.00866000,0.69485140,0.75008261,1.21716285,1.20325530,0.84395653,0.76941657
600,wss.f5fc954736b06be15fd06491ae919ea3,Computer,0.01301099,0.00424799,0.00300631,0.00169800,0.11234582,0.11922199,0.41264123,0.42124423,0.32307073,0.30599591,0.37270403,0.37299865
601,wss.1b76644af9341db74a630b59d0e937b5,Piano,0.35823345,0.39265704,0.14082746,0.15420900,0.25618240,0.45091504,1.83882105,1.81647801,1.12873483,1.34745705,0.80871040,0.69542241
602,wss.77d8d55ce013146bd4d8765e3910f617,TrashBin,0.03270549,0.04127200,0.00793558,0.00985900,0.00909832,0.00516600,0.46395290,0.50791466,0.67893088,0.66922534,0.52414978,0.50791413
603,wss.fe3ccb1376a4b6b34e309f47b24dd64,Book,0.00758884,0.00565500,0.00108763,0.00088500,0.07956475,0.09901400,0.26895681,0.23784333,0.39227852,0.41107607,0.08653524,0.06098427
604,wss.f9f484e4364663d61bb5a64b9a0f552b,Computer,0.01498059,0.00095300,0.00368049,0.00093100,0.05604151,0.00467100,0.40466607,0.48302412,0.24862254,0.24731879,0.33439386,0.34019223
605,wss.fb4f8c6863ded8305c6a44a505804654,Book,0.00235564,0.00288700,0.00079747,0.00344200,0.12485943,0.18600398,0.41955721,0.46952030,0.42907301,0.39526877,0.08741903,0.09497705
606,wss.e178d68804bd72429303898c72654442,ChestOfDrawers,0.03697624,0.06138900,0.01004405,0.01818900,0.01103992,0.01461400,0.49747196,0.55402386,0.74762332,0.77563345,0.45698690,0.44321910
607,wss.5bc916f8b9d0a7c6b40f0ac0fb9a650d,Chair,0.03706712,0.04296800,0.01136963,0.01284500,0.00955431,0.01063300,0.63830793,0.68225861,0.90742284,0.93801636,0.62140989,0.65238577
608,wss.a8eaf9b8bdef78daa6352ba1b0f1959c,Gun,0.00186547,0.00251300,-0.00032610,0.00127500,0.00538296,0.00022000,0.13753855,0.04873047,0.41646877,0.42724580,0.46048209,0.48968932
609,wss.b32c73b403d2774161b6a8284917364b,Refrigerator,0.44871241,0.52850598,0.06031691,0.07955500,0.35455394,0.31979996,0.77965248,0.83443576,1.61679506,1.70282555,0.41674596,0.42229444
610,wss.beccf627c1c7106be0d9c4ac82e6c37,WallArt,0.04230077,0.04031600,0.01628098,0.01698500,0.04016240,0.04734600,1.04489779,1.10093665,0.82116914,0.84440744,0.09424743,0.04275484
611,wss.a3f89a8c3aea8cdf35836c728d324152,Mirror,0.06872864,0.07982700,0.02106291,0.01877400,0.06764031,0.08346699,0.86974484,0.93900335,1.08729470,1.13103914,0.12291280,0.10632492
612,wss.5ea73e05bb96272b444ac0ff78e79b7,Couch,0.46854150,0.52072501,0.15619302,0.18230601,0.01909565,0.00416100,1.92628598,2.20683718,0.82311547,0.79621756,0.76352382,0.75109631
613,wss.9025b00d19ade57c890992ddacc04113,Table,0.16823839,0.08490500,0.05686948,0.03878700,0.02252762,0.01487000,0.88108045,0.85891253,0.90679431,0.92135382,0.85377324,0.88529891
614,wss.d0198fd427a58492dd8dc6d5a969eed,Airplane,0.00712500,0.00017699,0.00130225,0.00009800,0.00752787,0.00012000,0.16256434,0.18068348,0.08698705,0.08254505,0.25502810,0.24808067
615,wss.58fbc1679a7b229b7773fd259c9bf7d7,Piano,0.26388067,0.24320598,0.07456783,0.08000899,0.02782887,0.05417800,0.95113230,1.08595133,1.22768259,1.28970146,1.82087708,1.66033351
616,wss.480fa0aa1cd17b12426f9b8d387ec2fe,Table,0.08624992,0.02641600,0.00965496,0.01076600,0.25519922,0.02383400,0.54166454,0.62239718,0.65900272,0.64729309,0.58015829,0.62239718
617,wss.ae5b18b3515c84ee39683a06407f7f3,Stool,0.03453699,0.02738200,0.00843207,0.00929600,0.10875558,0.12788399,0.45137399,0.51856053,0.97795284,1.02098727,0.52752185,0.55740047
618,wss.e59626f553df30e8a7d0cc9b15400f65,WallArt,0.02783522,0.02084700,0.02442133,0.02084700,0.01079119,0.01886800,1.49346519,1.55407500,1.11190534,1.10204434,0.08714356,0.01115149
619,wss.fb3b5fae94f7b02a3b269928487f8a4c,Camera,0.00519029,0.00473000,0.00147365,0.00071500,0.02040180,0.00136400,0.25679979,0.28150406,0.17489567,0.16152033,0.24346481,0.24973977
620,wss.75467099fb4d6984df85db41e3677c28,FoodItem,0.01580156,0.00742600,0.00399648,0.00177100,0.02014664,0.01826900,0.39040935,0.41027591,0.19349059,0.17359242,0.38913956,0.42386860
621,wss.1b29de0b8be4b18733d25da891be74b8,Couch,0.81310737,0.94410092,0.15975057,0.18548599,0.08874464,0.08639600,1.89386261,2.06796169,0.95478827,0.94918662,0.91683882,0.94383442
622,wss.bfcfe4e55bd4ff3ca35a7666f0cfa5bb,Curtain,0.00948588,0.02118700,0.01149505,0.02099500,0.00575976,0.01413000,0.86768359,1.01020706,1.44439793,1.45734727,0.15424038,0.07327128
623,wss.5bf5096583e15c0080741efeb2454ffb,Couch,0.54559314,0.64828908,0.11457323,0.13591000,0.01930333,0.04492500,1.99250460,2.00552988,0.96799624,1.04422700,0.92219788,0.97758740
624,wss.fd8c09a07cf9e4358c159f8d5e761b17,WallClock,-0.00017137,0.00214300,0.00432809,0.00179700,0.02399380,0.09290100,0.63459939,0.67689252,0.62706530,0.62464964,0.05930820,0.01755001
625,wss.d020cd002f0dc635d714c9d7df1c4ed,Table,0.39092815,0.42316803,0.03382250,0.03994300,0.01530577,0.01846900,0.74891543,0.96822011,0.98629731,1.00099015,0.68384969,0.65780884
626,wss.8adf8adcf29155c5de3e0c162cb2b41b,LightSwitch,0.00590968,0.00207100,0.00129650,0.00043200,0.03121112,0.06669699,0.21837501,0.20087767,0.32688028,0.33083352,0.06934369,0.04366885
627,wss.98bc840471b4fd568e6da51641e48238,MediaStorage,0.25525424,0.12678300,0.07829330,0.07551699,0.15216301,0.11168300,1.12825465,1.19006824,0.81020188,0.81136715,0.76850420,0.87631452
628,wss.484d426be1eb399be0032350401b42b9,_StanfordSceneDBModels,0.03254448,0.04892200,0.00554571,0.00399300,0.01638258,0.01426200,0.48035178,0.57983232,0.22407189,0.21278247,0.42561305,0.43620488
629,wss.bbfd2df3edce576e1e652fa812161367,Knife,-0.00355652,0.00006100,-0.00083314,0.00004400,0.00431145,0.00060900,0.08749774,0.02463391,0.05242535,0.02622499,0.30347446,0.30107820
630,wss.980d28e46333db492878c1c13b7f1ba6,Couch,0.21573405,0.20792298,0.05004053,0.07196500,0.01414482,0.00704400,1.30999768,2.10681057,0.98542541,1.01549411,1.06557870,0.77511835
631,wss.5f752a03d4f7fb9f35836c728d324152,Chair,0.03976257,0.03160699,0.01841418,0.01989300,0.00975045,0.00348800,0.76060301,0.67997980,1.18404031,1.24284673,0.72981983,0.77172589
632,wss.e73fff3975dc73207bf41c709bc6a298,PottedPlant,0.02051201,0.01825001,0.00873872,0.00990900,0.12494680,0.16079098,0.78141260,0.85984552,1.02644515,1.03066063,0.34064609,0.30771610
633,wss.a85f734df73587276cb451c48da47342,Computer,0.06012114,0.05766300,0.00356189,0.00500700,0.14185730,0.13832198,0.25704443,0.22487833,0.42457989,0.41551715,0.53418517,0.61376500
634,wss.4e83f89edf5f92ede3f7a74e12a274ef,Stool,0.01968779,0.01084099,0.00770023,0.00584300,0.00055998,0.00197900,0.47153541,0.42675671,1.04381680,1.11683905,0.47495499,0.43915433
635,wss.7bfdb7da22e38c4e5b2ecd212557fda0,Candle,0.01008557,0.00125000,0.00200734,0.00047800,0.01584751,0.02327900,0.21658133,0.17302983,0.49456382,0.47022036,0.18116374,0.17302983
636,wss.53bac55dfe78177282889f551cb32a81,Lamp,0.02078425,0.00901500,0.00573897,0.00416000,0.00937566,0.00114800,0.48061052,0.50336570,0.71686339,0.79197198,0.45832476,0.49436647
637,wss.661f1f07ee3cf13a77d7528e1646c585,Vase,0.01208595,0.00923499,0.00319211,0.00192500,0.00936725,0.00287600,0.25353864,0.23552456,0.67251581,0.73178470,0.23681960,0.23554565
638,wss.b558c112f34edfb15e0e77e9cf965949,Stool,0.03556785,0.03131900,0.01031843,0.01238800,0.01065035,0.01751200,0.58734763,0.61882555,0.89057285,0.92546272,0.52614534,0.61882663
639,wss.42166e5ee7cfe5bc2b151d8b52c53b90,PottedPlant,0.03409813,0.03442999,0.00806849,0.00588300,0.02092003,0.02392800,0.41905391,0.37160572,1.18903518,1.26497865,0.37813544,0.39674851
640,wss.421746966acf9b175ecd29875b6f0d44,Chair,0.20128021,0.20124000,0.04282036,0.04092600,0.01410234,0.01035700,0.77759016,0.81750888,0.93586588,1.00201845,1.01368189,0.96549135
641,wss.93549505ef8635c1bcbf660e2675e1a7,FoodItem,0.00250828,0.00183999,0.00052925,0.00038000,0.01884489,0.00350700,0.29756302,0.25210723,0.10064525,0.08647996,0.25317174,0.25210702
642,wss.c3d3b9e2d097202a3f8f528a267748f,Computer,0.01427917,0.00256199,0.00303122,0.00219000,0.12039174,0.13669498,0.44060627,0.45370308,0.31813228,0.28914416,0.34312782,0.34750202
643,wss.2de984c888d76338daa5177c718fef1,Chair,0.23020977,0.28768301,0.09781528,0.13442101,0.10416322,0.12456500,1.08923781,1.13046300,0.87674189,0.94786030,1.49928534,1.59125686
644,wss.efe326ac3cbc1a977b076baeaedfec9b,Bed,0.58560616,0.55945599,0.17850854,0.16022100,0.02285452,0.00931200,1.23163736,0.99166018,0.85790563,0.89631253,1.67270947,2.18355989
645,wss.1a6a67905880e4911a4d5e0a785b0e03,Sink,0.20314135,0.91693997,0.10738206,0.08691500,0.03730268,0.04640100,1.94329309,2.01092196,0.93175185,0.97596753,0.80791229,0.60327661
646,wss.d138f5915001b570f42ed1ed4f25c2a7,Horse,0.03958322,0.08283400,0.01965300,0.03136100,0.00901607,0.01952400,0.52997935,1.90656161,1.00738370,1.05167496,1.23731971,1.07764649
647,wss.bce919a0447478587215a1e3ffbff428,Stool,0.01591711,0.01251699,0.00869203,0.00840800,0.00603156,0.01272000,0.55119634,0.47845665,1.00864100,1.05850101,0.50771546,0.52215010
648,wss.7364fd26628b7f6a3e0881f7de9a6e52,ChestOfDrawers,0.05674379,0.05471499,0.01033569,0.01086000,0.00722514,0.00709000,0.71063638,0.61919248,0.56416273,0.58154619,0.54885375,0.61919236
649,wss.3702fc385b6c7708fc33503fd88ecb34,Bottle,0.00747385,0.00143700,0.00124373,0.00053500,0.01751988,0.00286900,0.15784664,0.11355294,0.33116445,0.33254963,0.08464026,0.14242241
650,wss.c423fae01d1524d9388a3b2bafcebb0f,_StanfordSceneDBModels,0.00297744,0.00039800,0.00086459,0.00020200,0.01857312,0.03994900,0.19145329,0.17287552,0.28040132,0.28288725,0.05898523,0.00817232
651,wss.a1fae2bdac896ab83a75e6d000e08290,Vase,0.02942939,0.02721900,0.00531368,0.00512400,0.07423176,0.06858800,0.41761783,0.39630723,0.58177656,0.57660341,0.40739176,0.39630687
652,wss.9ddd4f60765fe56df7a6ba154b1bfb92,CellPhone,0.00342830,0.00098899,0.00088066,0.00031700,0.01184834,0.00230000,0.14462604,0.11857885,0.25633475,0.23471892,0.04924561,0.04066973
653,wss.56253642219df29c37d43e094da89ace,Bookcase,0.04701565,0.05231500,0.01513133,0.03099200,0.06209240,0.07810300,0.40271121,0.43235639,1.21651149,1.25767553,0.28397423,0.17037836
654,wss.68c81093796a5b2de3f7a74e12a274ef,Curtain,0.02386072,0.02948600,0.01735137,0.02342200,0.01023911,0.00959000,1.08986139,1.16891646,1.28199720,1.32872248,0.16252050,0.13801201
655,wss.67775df4b93eeb1db6378af21f637882,Cabinet,0.41625232,0.49865004,0.09121119,0.10483599,0.02702678,0.00653400,1.46765625,1.43483174,0.89524764,0.95092821,0.43009767,0.41075683
656,wss.558d924c557e9b3e963c4644d0a8155a,Chair,0.08638553,0.11544399,0.02384848,0.02798200,0.02101999,0.00548400,0.90238911,0.97766143,0.89213228,0.96219462,0.87529087,0.84934664
657,wss.2bb42eb0676116d41580700c4211a379,CellPhone,0.00373956,0.00106899,0.00059984,0.00014000,0.01625065,0.02392400,0.14868301,0.12131349,0.25642750,0.23384462,0.05485380,0.03750272
658,wss.3e2d210b0c417fd07dc210e0cbe8d6ee,CellPhone,0.00236891,0.00060299,0.00075187,0.00015000,0.01366439,0.02694100,0.14698075,0.11754467,0.25101846,0.23727760,0.04192381,0.02625998
659,wss.7ef29f8a7a132c46e0afa7d1aded497,Camera,0.00698148,0.00026400,0.00178903,0.00003400,0.00651415,0.00017400,0.13501953,0.07937036,0.09876325,0.08476181,0.22973613,0.19655237
660,wss.72099a83e9a058ace715cd506e17332,Lamp,0.00797227,0.00449999,0.00151933,0.00141900,0.03602962,0.02950000,0.24089891,0.20931096,0.47369465,0.45479095,0.69809461,0.72919184
661,wss.2731349879db84fc24517c38da518f49,Cabinet,0.65642691,0.77468204,0.07036221,0.12359399,0.01389373,0.00885300,0.76873559,0.67036855,1.26894855,1.40007091,0.84378332,0.94314957
662,wss.700562e70c89e9d36bd9ce012b65eebe,Couch,0.50188363,0.48153803,0.12856373,0.14669301,0.01898180,0.00616700,2.16332483,2.19350672,0.67468297,0.78128082,0.75128043,0.80397880
663,wss.ba07707823473bff5dea31ce253437e6,PianoKeyboard,0.04705431,0.04941000,0.01082285,0.01116600,0.21186417,0.38799500,1.10635364,1.17453778,0.13317178,0.13096577,0.38921657,0.40729693
664,wss.d6de996b162885d8ad5067eac75a07f7,Bench,0.02171991,0.02784100,0.01847348,0.02000700,0.03354575,0.02108000,1.21775782,1.29482651,0.64368242,0.57934344,0.44900778,0.39507538
665,wss.9ae951aa3841a27fb80b68728684f2ff,Bookcase,0.07581586,0.04963800,0.04137480,0.04936700,0.10073363,0.06084200,0.94700062,1.03131676,1.22587729,1.30203855,0.24921487,0.18048014
666,wss.f814eb2a6234540aa35a7666f0cfa5bb,Chair,0.03087727,0.03491399,0.01286922,0.02057100,0.00974979,0.01127400,0.62190616,0.65658593,1.04886436,1.13654971,0.60837650,0.68934822
667,wss.20ae63b10b3407b57eaeab1f0c9120b7,Lamp,0.00911789,0.00167400,0.00209021,0.00091500,0.03988637,0.03445600,0.24765332,0.21812119,0.46402296,0.41480544,0.65477628,0.75022668
668,wss.ba397aa90c4af6ec98d5fc0473d00a1c,Lamp,0.00265514,0.00039699,0.00122218,0.00083200,0.02137045,0.00253700,0.34055364,0.46661454,0.27344412,0.26173410,0.14650267,0.92098850
669,wss.17870a3cccc0709ab610b0c94236463,Chair,0.04749862,0.04489000,0.01716143,0.01454800,0.01131921,0.00721200,0.77290350,0.86841613,0.94094270,0.95431519,0.91598040,0.96840900
670,wss.32413d2f2103b3a5286e185ca42b30ee,TV,0.01385569,0.01958200,0.00407857,0.00752900,0.00466161,0.01159600,0.19372071,0.74295712,0.76484263,0.80663908,0.67961681,0.11673271
671,wss.60870cf7f8e461c0a86b76551c6a3b2b,TV,0.02856946,0.03119700,0.00968640,0.01540300,0.07041456,0.01290300,0.87967891,0.93273473,0.55600989,0.54800677,0.23359032,0.21438845
672,wss.2f9722272370e78cbe172933e1937bf6,Mirror,0.00501631,0.00627999,0.01100189,0.00628700,0.00420499,0.00014000,0.96011907,1.07246566,0.99518412,1.07246554,0.08933499,0.00594436
673,wss.424a14c84cd36bc322ed2ef5fc90e25,Lamp,0.04188395,0.07557499,0.00905226,0.00480200,0.05931456,0.00228300,0.54591942,0.62418824,0.58159029,0.59607166,0.59053671,0.62418824
674,wss.b22e56fdf18e2eb8968b65a7871de463,Camera,0.00385145,0.00057399,0.00090821,0.00014700,0.00774229,0.00117300,0.11848741,0.11653111,0.20443889,0.18046048,0.05689343,0.07736801
675,wss.f452c1053f88cd2fc21f7907838a35d1,Bottle,0.00666445,0.00149000,0.00080301,0.00038400,0.00749653,0.00297300,0.11379572,0.08597311,0.36512163,0.34677592,0.09532426,0.08597185
676,wss.53bdcb3c0b28a51b580ee4476b0b0ff,Computer,0.01336458,0.00485000,0.00305129,0.00162500,0.11375280,0.12604198,0.42624411,0.39557162,0.30999181,0.29970908,0.37857687,0.40485477
677,wss.b01a9e1d71f52a0f805fdb126f070b7c,Lamp,0.03406078,0.01266799,0.01557243,0.01166800,0.01032306,0.00574900,0.54264611,0.55172646,1.38416958,1.57443237,0.50898588,0.56023753
678,wss.88ca54ecd98aaab77fa29a3ea424473,WallArt,0.09560411,0.13048200,0.03795152,0.05252100,0.10301709,0.12545800,1.02936280,1.12748718,1.45148027,1.57559347,0.10325483,0.10118490
679,wss.4d26b3a01d323ba27a845b3267216856,Curtain,0.01833220,0.01616600,0.01448473,0.01402900,0.01038351,0.00669600,0.99380016,1.05709505,1.37522078,1.42534685,0.10499807,0.02636783
680,wss.754b57bb912119eccc9aef62469bcf3c,Ipod,0.00270455,0.00103799,0.00080665,0.00017100,0.01739006,0.02798600,0.16175073,0.13180342,0.26344451,0.24855545,0.04758924,0.03441776
681,wss.1d6250cafc410fdfe8058cf23f6382c1,Couch,0.61786985,0.71361506,0.13646032,0.13315000,0.10199612,0.05788800,2.04166794,2.27035403,0.63989389,0.62512851,0.86335504,0.72314608
682,wss.75c1cd710dcc5509484c6cefb4a9acdd,Speaker,0.02565880,0.02798900,0.00315003,0.00445900,0.05473104,0.06861999,0.28728393,0.24835096,0.65137041,0.72212493,0.29632863,0.27594614
683,wss.556994e41b273b1f3479c0025d9d887f,Microwave,0.08489005,0.07646300,0.00636767,0.00691900,0.25178188,0.23378499,0.59999180,0.65284646,0.30237672,0.31108794,0.46822265,0.38995543
684,wss.c0a03741e249468a921be8545ce7369,TV,0.00088430,0.00953200,0.00647255,0.00653500,0.00483840,0.00255100,0.99168092,1.00970888,0.46821311,0.44285128,0.10598985,0.02526673
685,wss.e75e21c5dff496bd251990397636975f,WallArt,0.02484226,0.02962600,0.01293724,0.01584500,0.02348720,0.01531900,0.92126358,0.99014854,0.96208543,0.99014854,0.06927674,0.03740567
686,wss.5c79b27734380b011a9e831992816ab,TV,0.01745709,0.02354200,0.00823078,0.00928100,0.01570790,0.01567300,0.84015930,0.91014779,0.61542094,0.61772656,0.15044340,0.07949305
687,wss.299d4157334aece64bd9e0690b0b191,Table,0.02458874,0.01473399,0.01034964,0.00849500,0.03793630,0.06389100,0.93411756,0.95324379,0.36647916,0.31197220,0.62377560,0.43329448
688,wss.a0383e1388e74ad8b0851ce87f32a267,Monitor,0.02963275,0.01721250,0.00804429,0.00748314,0.04939732,0.05334150,0.68960583,0.72822249,0.55699962,0.55050671,0.27538913,0.26189965
689,wss.15e38eb29fb84898e7e684d25d4dcaf0,Lamp,0.01352171,0.02017399,0.00265465,0.00256000,0.01270171,0.01401000,0.33520439,0.34054905,0.66081405,0.65623796,0.33146623,0.34054917
690,wss.9152b02103bdc98633b8015b1af14a5f,Couch,0.93873006,1.05037296,0.19369726,0.23554999,0.06949523,0.23711297,1.72564888,2.02220654,1.06842875,1.05955684,0.95644629,0.92582786
691,wss.ed394e35b999f69edb039d8689a74349,Couch,0.13823444,0.18885601,0.04453352,0.05052800,0.01650723,0.00256100,1.30175805,1.32221985,0.42810872,0.42023203,0.87072271,0.83071411
692,wss.cd0f2eaac6719a3ddb039d8689a74349,Lamp,0.02192775,0.01048700,0.00476768,0.00264900,0.05077594,0.04903700,0.45265219,0.41076693,0.53461349,0.57020938,0.42014000,0.41076693
693,wss.656d25df742a84877e44e3c724db889f,Lamp,0.00790144,0.00375200,0.00061118,0.00115200,0.04085420,0.03702100,0.21550298,0.18460704,0.69480389,0.71154821,0.56171983,0.49177200
694,wss.1dbb34b55a78c1aea72fb89aa30b6583,Lamp,-0.00068458,0.00523099,0.00182799,0.00270200,0.00064776,0.00030600,0.60281122,0.57664919,0.63400406,0.62027138,0.60961431,0.64646614
695,wss.36179e51944bd454e9186c52976f79ea,Desk,0.16028532,0.23216100,0.05138954,0.08721800,0.01351440,0.00743500,0.83968651,0.94691414,1.01245236,1.10368931,0.74011707,0.75094509
696,wss.42df67bcad713396e9750bcb34c78caa,Table,0.09938075,0.11942300,0.03018465,0.03170400,0.01069105,0.00187000,0.85150957,0.97851914,0.91373366,0.95870030,0.69911945,0.68124807
697,wss.b3477e3ea9fd1676f016aee3d784d83c,Table,0.05334855,0.03025300,0.02235033,0.01652100,0.01638212,0.01132300,1.21189201,1.24338055,0.75562853,0.77856606,0.55661446,0.46713963
698,wss.7792861e0bdb95a270a43c2d978e502e,Chair,0.05370695,0.07842600,0.02010332,0.03390400,0.02516506,0.09304700,0.77810264,0.74078286,1.12666082,1.18974209,0.75744611,0.79891133
699,wss.8e619f1312acae5021d25a6a55757584,PottedPlant,0.01622496,0.00916000,0.00526869,0.00385900,0.01484935,0.02284600,0.61388719,0.63244307,0.58890927,0.63750315,0.63979596,0.59576982
700,wss.7814872586698c7f18b14db3b83de9ff,Chair,0.16169448,0.29351500,0.02620483,0.03317000,0.01927738,0.00860600,0.94406849,1.01082444,0.84102720,0.79648268,0.92103547,1.30339491
701,wss.4beaa2ddef83fdbb36d68c98a2069458,Gun,0.02066432,0.01909100,0.00554882,0.00596700,0.01107777,0.01708500,0.16894090,0.06781661,0.56751871,0.56580234,0.94747692,1.01821196
702,wss.3b109c1cd75648b71a9a361595e863ab,Couch,1.22592580,1.06443298,0.14426351,0.14003599,0.03201262,0.03446300,1.40811205,1.60204744,1.07665050,1.13805902,1.26552510,1.48571932
703,wss.2f5a8407c06e9aee3f7a74e12a274ef,MediaPlayer,0.02000278,0.02190300,0.00384254,0.00375100,0.12486223,0.12719099,0.58719242,0.65180665,0.23536842,0.22489789,0.24877927,0.22654578
704,wss.b6bd3c90a718a699922bb056cd251e9c,Chair,0.03144868,0.04889100,0.00728392,0.01412800,0.00692462,0.00036600,0.52546787,0.54222053,0.77293229,0.78634864,0.51262617,0.58775008
705,wss.43331224b618033f2cba66dc6aeabcd4,Desk,0.09131687,0.07731500,0.03565428,0.04915900,0.04004348,0.00837200,0.96664011,0.99427772,1.14034593,1.17120373,0.62606108,0.56417871
706,wss.701617f593e5d8bd8e9d341bc3648f0d,Stool,0.01678475,0.00449800,0.00617899,0.00307300,0.00264019,0.00184100,0.49668300,0.55054963,0.94462281,0.97096521,0.51777500,0.44092032
707,wss.e6e65bbad248c82c4c59782c74cbf5c7,Chair,0.08914113,0.08179500,0.02022831,0.02148300,0.26138979,0.25693601,1.02281225,0.94168198,0.88046342,0.96092129,0.93891412,0.89040852
708,wss.35dd13e0db602693ad5067eac75a07f7,Bench,0.02318380,0.01406899,0.01670951,0.00771800,0.00561758,0.00403200,1.21239471,1.39395070,0.41087446,0.38915601,0.33194512,0.27100867
709,wss.85a94f368a791343985b19765176f4ab,CellPhone,0.00214818,0.00056700,0.00066860,0.00012300,0.01311922,0.02780200,0.13944010,0.11867243,0.24817649,0.23734537,0.03609688,0.01977882
710,wss.20120e61e199b8cfd319c38340319ae4,Chair,0.03506486,0.03788400,0.01301613,0.01319400,0.00884886,0.00974300,0.61093777,0.61165160,0.97947401,1.01484561,0.61819136,0.60593826
711,wss.5ddfa2865257cd1e2d9c07d3b9171829,PottedPlant,0.03055786,0.03076700,0.01105299,0.00979300,0.05456160,0.05662000,0.63034582,0.68313062,1.04849446,1.05088103,0.55707479,0.57333446
712,wss.7bdc0aaca74cca86593ebeeedbff73b,Chair,0.29557323,0.34762096,0.04837387,0.04380200,0.01790757,0.00613000,0.99649847,0.97340894,0.83626640,0.85782325,0.84474903,0.95873427
713,wss.3dadf67ebe6c29a3d291861d5bc3e7c8,Stool,0.02528918,0.02607300,0.00999408,0.01464800,0.00517090,0.01046300,0.51541317,0.48773980,1.04667723,1.04826617,0.52299148,0.53417242
714,wss.310900aea4f2df6b224eafe39e508a6,ChestOfDrawers,0.39048514,0.52915502,0.05366367,0.07667800,0.30392441,0.41049001,1.25680649,1.60894585,1.24902272,1.26919746,0.52598780,0.63150227
715,wss.fc519dfcfd7fb873d810b14a81e12eca,Lamp,0.00716123,0.00214600,0.00049520,0.00122700,0.04655773,0.05268200,0.28174195,0.26631758,0.60181481,0.61868024,0.52081931,0.57318389
716,wss.925251c1139e67a60b94e8bd471c682,Curtain,0.03467820,0.02800299,0.01709821,0.02796300,0.01554697,0.01965300,1.00702715,1.12715518,1.27805996,1.36823320,0.14748739,0.08752497
717,wss.f81fd6b4376092d8738e43095496b061,Table,0.07061012,0.07479300,0.02849039,0.02837900,0.01120031,0.00379900,0.78530478,0.70937300,1.12422860,1.08376420,0.76769590,0.83235443
718,wss.b67a9d60ae1742ee5a70b9a0cc27fbd0,Computer,0.06628864,0.07097800,0.00387057,0.00554100,0.13260174,0.14169998,0.22728449,0.23871049,0.47386500,0.49999702,0.58658075,0.59999704
719,wss.a34966853ab2272ab2047d3072d5e051,Bottle,0.00641805,0.00142100,0.00083988,0.00038000,0.00718931,0.00545400,0.11427487,0.08232182,0.35611823,0.34986785,0.08941145,0.08232179
720,wss.8753d446360545aeb554b42ae3ae3fa0,Cabinet,0.17982209,0.19323198,0.06978805,0.07399600,0.34351635,0.00025300,1.17173791,0.53966337,0.88602090,0.97138143,0.67252088,1.43908131
721,wss.8c0380a0d385c98145d451096984140d,Lamp,0.00698515,0.00278500,0.00263508,0.00209300,0.03796832,0.04425799,0.33641383,0.23313904,1.43858647,1.53437877,0.85040736,0.82965344
722,wss.9cd452cf3f334f4cdefb2d6276747b70,TV,0.15584667,0.17506099,0.00835287,0.01366800,0.28534856,0.29415801,0.71961570,0.86778075,0.51687300,0.57757342,0.45629317,0.36004639
723,wss.46cef01263d9b449405738a4d4d0fc7f,Table,0.03103704,0.04168200,0.01621621,0.01965200,0.03657914,0.04190700,0.95673060,0.98200762,0.88820934,0.94887328,0.98665231,0.71110898
724,wss.78ef41d48086be4f578beb8a8c25e433,_StanfordSceneDBModels,0.00857863,0.00789499,0.00061117,0.00079900,0.07867531,0.00258600,0.25659403,0.25953704,0.36206073,0.34993672,0.12188669,0.09914887
725,wss.eef44075cd1781f1b0a6e87d5d5521b6,Table,0.04815073,0.02011460,0.02570702,0.03097850,0.00145245,0.00710649,1.16001701,1.20640302,0.76249969,0.74574816,1.06625450,1.20640218
726,wss.164d5baf4135be7a98d5fc0473d00a1c,WallArt,0.02415916,0.03680399,0.01276137,0.01065600,0.04522433,0.06562900,1.18882525,1.29619181,0.64884388,0.64975238,0.07880834,0.08245914
727,wss.e9e2ffc13f5ea66ef1783a44a88d6274,ChestOfDrawers,0.72085595,0.75943696,0.16368902,0.20489399,0.01840524,0.01988800,1.06666267,1.11806881,1.46616232,1.57114244,0.62568724,0.67230284
728,wss.a2dad7c4e8c67e77604096c107e7cc16,TV,0.02375017,0.02361700,0.00909748,0.00926200,0.06350595,0.06860899,0.85641557,0.88722920,0.62811673,0.64151049,0.14595665,0.13249636
729,wss.b5a2a53b9b7e16e6b85cd7b6d43e8edd,Table,0.05246679,0.04324400,0.02908468,0.02390800,0.01289223,0.00676600,1.31746411,1.35928333,0.35136753,0.35187125,0.59980929,0.49165547
730,wss.1874f7fc154c7c35c66e88e7ffc39f1a,Stapler,0.00807997,0.00025899,0.00205262,0.00012800,0.00721506,0.00673800,0.14598702,0.08359464,0.09658011,0.06564087,0.18882895,0.17085129
731,wss.8c3e8ef43fdacf68230ea05136ea3925,Table,0.09054489,0.10103399,0.06341670,0.07001499,0.03051194,0.03855500,1.52437592,1.71808028,0.80321383,0.97909099,0.81087339,0.85904020
732,wss.3a275e00d69810c62600e861c93ad9cc,Vase,0.01937917,0.02251200,0.00473720,0.00300700,0.02112330,0.02480200,0.33416024,0.29683700,0.64750099,0.68579638,0.30894470,0.29683700
733,wss.4e301737d057917e25c70fb1df3f879b,Horse,0.08505076,0.11129899,0.01971689,0.02118000,0.04913431,0.05660700,0.37528878,0.39923817,0.94575536,1.00433600,1.34823489,1.36880660
734,wss.75c48c48656afc695a60f8212273313d,Toilet,0.11003311,0.15494600,0.04825282,0.03763600,0.26086202,0.23382100,0.78314364,0.81494993,1.43591440,1.53683209,0.34502998,0.48862106
735,wss.9c00e85febb3950fbd353c96f0f6d633,PottedPlant,0.02626048,0.01797200,0.00850040,0.00569400,0.07742397,0.07580099,0.79871517,0.64898682,0.95633727,1.00077415,0.68944371,0.69848633
736,wss.4379bb99731e186e1b7240bec20d2c91,ChestOfDrawers,1.04540694,1.16496205,0.07675250,0.08675200,0.02053062,0.02287200,1.25308669,1.33776474,1.29929292,1.36202300,0.73269039,0.72674263
737,wss.8eab5598b81afd7bab5b523beb03efcd,Bowl,0.00439520,0.00200100,0.00135500,0.00052100,0.02116728,0.02050600,0.29687265,0.29171813,0.14541928,0.12213536,0.28538108,0.29171813
738,wss.c2ad96f56ec726d270a43c2d978e502e,Chair,0.03155955,0.05493460,0.01398614,0.01472720,0.00850192,0.00500009,0.68206102,0.65816367,1.12188518,1.09760034,0.63723052,0.63107324
739,wss.720e0967d45b10692233c3c1e9cf18e1,Thumbtack,0.03564968,0.07886299,0.01158440,0.01259900,0.01966960,0.00009100,0.32799876,0.60960084,1.02707469,1.21920085,0.13879009,0.60960001
740,wss.38cb236f6a521259cc2e054c56e9a85a,Lamp,0.00830592,0.00560000,0.00129750,0.00226200,0.05668283,0.05333400,0.24636604,0.25688520,0.73601228,0.75971228,0.42721233,0.37308773
741,wss.1facaa0eb35496fb69783ac218a8a2bf,Lamp,0.01582259,0.02142400,0.00526153,0.00398200,0.00627192,0.00559800,0.44570097,0.39728460,0.89032638,0.90491068,0.42664671,0.39728460
742,wss.8bd3e4df6908e4876510282e828922a,Bench,0.05515936,0.07407799,0.01894581,0.01837600,0.01343257,0.00606800,1.16470897,1.29811418,0.44835308,0.49044982,0.47222388,0.49289191
743,wss.d64ae7e62161e8d5522953bd446e221d,LightSwitch,0.00597654,0.00206800,0.00164417,0.00043600,0.01768381,0.04239099,0.26598793,0.27316123,0.28796011,0.27316126,0.10573935,0.04975550
744,wss.7a6583ff00878904fecb6b716d918a27,ChestOfDrawers,1.02217996,1.03443992,0.07677809,0.08259799,0.00733998,0.00549100,0.89584559,0.90147513,1.56339049,1.67674375,0.80470884,0.73920953
745,wss.c98e0e745a92abccaa60d250862f15f,Monitor,0.03603440,0.02982500,0.00976350,0.00559100,0.03279750,0.02395100,0.66671538,0.70928669,0.60422313,0.63331223,0.29061452,0.26837862
746,wss.e2cd4218113ddcfe75b627155369ae7,Keyboard,-0.00246432,0.00327700,0.00060857,0.00126700,0.06456345,0.08293200,0.56717098,0.55876005,0.07145186,0.04633985,0.16871868,0.14576350
747,wss.cfdec49477b072fc95bd72cf1a8e6b33,Printer,0.02102906,0.02799799,0.00307408,0.00257300,0.14107138,0.13137101,0.43177742,0.41642520,0.21110655,0.21038151,0.42130971,0.43377641
748,wss.25c02ff35176dd9b693204b85bb5df03,Camera,0.00932679,0.00045600,0.00201594,0.00005100,0.00869133,0.00108300,0.14969365,0.11775228,0.11618616,0.11373199,0.14242429,0.15921466
749,wss.c9ff863f9cdae59a26a62c9cd09c9b29,LightSwitch,0.00635390,0.00249799,0.00145977,0.00039900,0.02451565,0.00845700,0.24726976,0.27744508,0.28801954,0.27743655,0.09272125,0.03220215
750,wss.fe130cd04a80cb9a7cb89acbfe0b6852,Chair,0.10031407,0.11010999,0.02361987,0.02756500,0.30400240,0.30534598,0.90342569,0.84673107,0.98155779,1.11059880,0.82286090,0.80804807
751,wss.da8e9be00f5af54fb370bce5a5e71544,Stool,0.03134110,0.01364900,0.00744454,0.00567000,0.00646514,0.00371500,0.53273952,0.53523457,0.75831783,0.70636952,0.54312313,0.53329098
752,wss.ca969a02f2e6f1a8d404fbd22d20d722,Table,0.02635492,0.02081500,0.01352717,0.01361700,0.02360072,0.03835000,1.02635074,0.94084287,0.53695202,0.48113513,0.75559682,1.26282823
753,wss.a6638386ef36bb79a3433a2494aec779,Ipod,0.00293092,0.00100399,0.00092266,0.00016100,0.01693787,0.03044800,0.16988607,0.13974705,0.26135546,0.24489324,0.05177929,0.02889004
754,wss.ca686d7726623dc7fa2e328741dade59,Book,0.00502254,0.00231299,0.00142810,0.00050700,0.03508327,0.07956800,0.24622260,0.22942074,0.34756336,0.34413114,0.06306465,0.02867760
755,wss.b31c1b94a2badecf43d2fa0a85ff9354,Cabinet,0.83534920,0.83753896,0.06557516,0.06242801,0.02217402,0.04500500,0.93886745,0.90877694,1.37789261,1.43115699,0.73528075,0.65117657
756,wss.4f4cb2c3e290174f7b9c6deef486a7d8,WallArt,0.01229217,0.01580299,0.00979974,0.01157900,0.01668436,0.00635600,0.85035849,0.88619864,0.90054613,0.92010933,0.04965042,0.01780311
757,wss.71dc87d4ce0d479498d5fc0473d00a1c,MediaStorage,0.27229112,0.15721101,0.07311277,0.07531000,0.02006858,0.01537800,1.49336088,1.46120906,0.57399601,0.57572019,0.51868737,0.61262250
758,wss.866180a3962eb78526acd17789ec9c7b,Airplane,0.00399484,0.00016100,0.00026565,0.00007000,0.00869284,0.00184300,0.19086605,0.25052929,0.05299735,0.05237706,0.24669658,0.18806019
759,wss.c6706e8a2b4efef5133db57650fae9d9,Bench,0.03972493,0.04816199,0.02063769,0.02216800,0.01442917,0.00865600,0.94975984,1.02118075,0.44221532,0.44144803,0.95011300,0.96452248
760,wss.8830354625df010037b71c02ebe8cb4d,Chair,0.18660666,0.21506099,0.02837829,0.03287200,0.01696713,0.03657900,0.87548560,1.02628291,0.91156727,0.87416464,0.84769171,0.88625562
761,wss.ced7339e9670a8bfa8293175cf73b43e,Computer,0.06132981,0.06555399,0.00660422,0.00610100,0.08448544,0.11510899,0.27170610,0.23071854,0.58330035,0.57980561,0.50221151,0.49777251
762,wss.cdf17908b510cb5e97ed132611a64445,Chair,0.01079323,0.01145800,0.01187377,0.01063900,0.00335482,0.00413800,0.59315938,0.59562969,1.30850923,1.39178121,0.63144338,0.55745173
763,wss.bbf1c70d4477545ee3f7a74e12a274ef,PottedPlant,0.01632807,0.01100600,0.00701908,0.00506300,0.01873395,0.02215400,0.59155297,0.66540968,1.01661801,1.00974834,0.50550830,0.65883601
764,wss.8691c6558e4d22d15f4cdfe420b20d8e,Dog,-0.00708839,0.00266300,0.00329571,0.00266300,-0.00378522,0.00107200,0.35514244,0.00000000,0.72829270,0.76525021,0.62225366,1.12003839
765,wss.2e6b5312e272835398d5fc0473d00a1c,WallArt,0.02996275,0.02988000,0.01296635,0.01575300,0.02292121,0.02435500,0.62928516,0.62061656,1.19145703,1.24123085,0.08620044,0.03309944
766,wss.8d861e4406a9d3258534bca5562e21be,_StanfordSceneDBModels,0.00680249,0.00190300,0.00129376,0.00033000,0.00976094,0.00755400,0.18219450,0.16015270,0.23550244,0.23628081,0.13300301,0.20259064
767,wss.5f1da79c2b1c630f251990397636975f,PottedPlant,0.03130167,0.03265399,0.00981462,0.00980400,0.08221760,0.09107900,0.44378284,0.73532283,1.07659483,1.05923855,0.59365058,0.48634437
768,wss.594dd047f15ec08ab1e00d60b0f9cc70,Knife,0.00248412,0.00046000,0.00111689,0.00020600,0.00881516,0.00077800,0.02749868,0.02999156,0.12262801,0.06377491,0.50854594,0.45723990
769,wss.85fab549c9ff3981f11c3739edd52fa3,WallArt,0.02722157,0.02655100,0.01348452,0.01396800,0.02772176,0.03078500,0.91071826,0.96645457,0.92511183,0.96645457,0.07254458,0.04832274
770,wss.4698973d47c780654f48c7d5931203ac,Book,0.00174369,0.00243299,0.00228072,0.00095500,0.02863673,0.00018400,0.45354593,0.39830914,0.26281819,0.23721071,0.07790386,0.11993191
771,wss.a2fdf98f85cec8696ca407465d3c74d7,Chair,0.02283644,0.01632000,0.00879989,0.01001700,0.00843109,0.00906000,0.60120654,0.53543031,0.91239077,0.98497486,0.68549120,0.65434265
772,wss.7f60e19e4f1b7b92f08c6efc59ec3825,Printer,0.00817585,0.01183600,0.00282834,0.00268500,0.12078386,0.02363100,0.44700220,0.36650604,0.12627776,0.11721200,0.38008890,0.50770730
773,wss.1f53de73d3807e07575bf8a4b14be4f4,TV,0.15045610,0.15721700,0.01539214,0.01589500,0.22359800,0.04033200,0.75964516,0.74581003,0.54860866,0.54291046,0.56401771,0.60439515
774,wss.b8c60360ce938833a3d3c99f62f9a788,TV,0.14333040,0.15031201,0.01241094,0.01420800,0.22962676,0.23933697,0.63009894,0.74295712,0.53043592,0.55808216,0.55671370,0.59399271
775,wss.a40b92a4b1206a23634c2548420e5c66,Spoon,0.00474292,0.00005299,0.00040962,0.00005500,0.00661071,0.00135400,0.10739522,0.12079661,0.28097939,0.27706084,0.04784537,0.03908815
776,wss.4fe4ece12ccf5fc787c4d5470f8b581,ChestOfDrawers,0.89901578,0.90374595,0.08261147,0.08975700,0.01471343,0.01342000,0.87878436,0.89597464,1.74510479,1.85354555,0.63341212,0.58964080
777,wss.fcff900ce37820983f7e27638e63d848,Couch,0.44628692,0.44090003,0.14277558,0.14113301,0.02687030,0.00461800,1.78437757,1.99548233,1.07429874,1.16864228,0.96745157,0.84908617
778,wss.63038279496a0720b8e1b99345a5afd4,Stool,0.01839434,0.00905900,0.00757149,0.00438500,0.00375902,0.00116000,0.52651381,0.54470944,0.93855774,0.97466677,0.55849683,0.59301519
779,wss.c2651a2a6814f5afb5d6b300975c337,Bookcase,0.07267614,0.08031199,0.04547120,0.05720999,0.13670415,0.24313997,0.68573731,0.73266971,1.45844531,1.46582770,0.29697552,0.32563096
780,wss.b73a89c916a0237e90faae3c2240cd5a,Table,0.01708421,0.03230399,0.01554779,0.02175700,0.00913208,0.00176200,1.09502804,1.12045002,0.42848217,0.44785362,0.96224588,1.12045002
781,wss.8422870b0a65255d5cae1a083183a237,Lamp,0.04875042,0.06262299,0.02155003,0.02909200,0.14382200,0.16309099,0.50796449,0.67129815,1.67620969,1.75152278,0.62966502,0.67129874
782,wss.6d619704ac0bed9827eb00c151c6f711,Chair,0.07010290,0.05002899,0.02190790,0.02293000,0.24900582,0.26313698,0.67388713,0.59974527,1.15215027,1.27960277,0.81774431,0.77251214
783,wss.71c4e47a3bc704c747b9e84778a2c2c6,Whiteboard,0.15501551,0.10273499,0.13087051,0.10501300,0.16183595,0.20400298,3.07317090,2.95027232,1.44752479,1.48277962,0.08586771,0.06114558
784,wss.3db845813ee82c80504721639e19f609,Chair,0.02366531,0.01043900,0.01396775,0.00921200,0.00378995,0.00584800,0.70821667,0.78075081,1.09124780,1.14568651,0.85198236,0.82541901
785,wss.53472fa8e6854583507c7db13ddf387,Computer,0.01300745,0.00408599,0.00277765,0.00228700,0.11365793,0.12045498,0.44635445,0.46582291,0.32483181,0.31880200,0.31649336,0.30263245
786,wss.332c75b56c4a80f77ff6ace05b36a5,Table,0.04031429,0.05861100,0.01370652,0.01713100,0.03158862,0.04655600,0.83127517,0.74454343,0.62866437,0.62535238,0.50029075,0.49832794
787,wss.12df0535bb43633abdd9b7a602ec35ec,Table,0.02615392,0.02003900,0.01622645,0.01493900,0.03150340,0.02147900,1.10885036,0.67504263,0.65221018,0.68797672,0.83553511,1.20093906
788,wss.b1fe90efd72daa001681a637b68c2e0b,Lamp,0.02602518,0.02203599,0.00644205,0.00404600,0.02160833,0.01481400,0.47222614,0.49300116,0.51160157,0.50895739,0.25961497,0.20346591
789,wss.62c88083b8a338ec35836c728d324152,Cabinet,0.42897680,0.50651002,0.08514613,0.06355799,0.01417782,0.00960800,1.07465863,1.15342128,1.18408537,1.25467145,0.70024598,0.62733769
790,wss.159ff1638d828ff26017ada71e028a7c,Mirror,0.00842095,0.01713100,0.01357507,0.01197300,0.00661339,0.00085700,1.00757027,1.06225467,1.04533589,1.08179271,0.10051376,0.02230482
791,wss.533fb13a20a5d3a1f8177ca5776be082,MediaPlayer,0.03133666,0.04282999,0.00451773,0.00340000,0.00860375,0.01738800,0.46624252,0.51099485,0.22696675,0.20202139,0.42841455,0.47415739
792,wss.209dffc2dbbf8f67a8699b6183baa203,Chair,0.05066057,0.05870200,0.02080899,0.02568300,0.04152874,0.09053199,0.77439308,0.73905611,1.14309061,1.16867864,0.74826896,0.82972991
793,wss.f1f7eb41e9483d0e9729029bbdae341e,ChestOfDrawers,0.21216671,0.06992900,0.02888234,0.04776900,0.08693775,0.06188099,0.83413458,1.03574538,0.98723048,1.06314325,0.88854069,0.81186676
794,wss.10b81dfbb3ba3e8835836c728d324152,Mirror,0.04317768,0.04862399,0.01731236,0.01975300,0.03021387,0.01480100,0.98437071,1.05376196,0.98352343,1.04752409,0.10493398,0.07759096
795,wss.898326912ab0c124b04e3108b1fce4da,ComputerMouse,-0.00156272,0.00016899,-0.00053280,0.00004200,0.00544046,0.00887400,0.11291401,0.07334962,0.04577303,0.03221440,0.26984102,0.24974203
796,wss.5640a5c88e698338dbd1b63b4e2df39d,Desk,0.06473164,0.03424099,0.02631682,0.02843200,0.02097462,0.01204000,1.10921669,1.32714880,0.67703986,0.65213299,0.67925060,0.70141852
797,wss.867d9945687ada13bb62a53e25c6d701,Speaker,0.00988125,0.00390699,0.00311614,0.00207300,0.00775431,0.02455000,0.51710296,0.55560410,0.53917509,0.55241257,0.24014302,0.21314903
798,wss.b239d60065c19a4b3ad289a22eb6ff63,Cabinet,0.37442356,0.29796800,0.08449968,0.07550200,0.02943204,0.01937600,1.11194515,1.03712976,1.38438654,1.44518006,0.34309697,0.36608174
799,wss.3fe83426c6233fc39201f2703b45dd7,Toilet,0.28146961,0.28974003,0.03786377,0.03480000,0.31595773,0.30415800,0.72573936,0.79218507,1.12934554,1.16990244,1.11644363,1.12632537
800,wss.6de6c3fb1e5a7d15fa2037e5e59ff423,Chair,0.07804350,0.09520099,0.04416595,0.05508000,0.00723321,0.00627700,0.71186143,0.73056090,0.84135157,0.92689788,1.61990929,1.82134700
801,wss.652975c578e7aff779c2864ed0a7e572,WallArt,0.03015404,0.04156400,0.01566719,0.02714700,0.02677095,0.02022600,1.08005917,1.13774705,0.87374133,0.90176702,0.08274629,0.03792682
802,wss.2f7b32a0806ed5f09429f6a938b3978d,Sink,0.24486293,0.12361499,0.06454828,0.06325800,0.31266171,0.09056699,1.83014953,1.74019015,0.50752634,0.55733073,1.32370853,1.42181563
803,wss.3c8e65d5e1d5394999b5b8ecc373dd91,CellPhone,0.00240885,0.00046700,0.00065768,0.00010500,0.00901486,0.00033700,0.11784572,0.11010020,0.24026351,0.24100989,0.03314997,0.02457613
804,wss.d4f194efb445914e4b3d6a0fb5682cc4,Chair,0.02182115,0.01628360,0.00860432,0.01001350,0.00465002,0.00207136,0.53737986,0.53430629,0.93529308,0.98469859,0.58102357,0.56729704
805,wss.74deb2f25218d702e4edbf3acec8591c,Computer,0.06284570,0.06861100,0.00435705,0.00522400,0.12271146,0.13002799,0.21009743,0.23467998,0.52036488,0.51865470,0.59371001,0.55955899
806,wss.c9d6a1e5e7eed0ddd4d8765e3910f617,TrashBin,0.10098294,0.10836800,0.01370376,0.02015600,0.01163208,0.01120300,0.53451616,0.47387642,0.69966686,0.71704876,0.50907600,0.47387537
807,wss.ab842d37391314099463110f77bc861,Desk,0.03369047,0.02587000,0.02572699,0.01765100,0.03399203,0.01065100,1.37668943,1.34826922,0.62940729,0.64205277,0.66281378,0.66972959
808,wss.31a0c1adeefa95f488b9635e60aa884,Gun,0.01226584,0.02124500,0.00612928,0.00561200,0.00454097,0.00657500,0.14756741,0.14015228,0.37710577,0.38066694,0.99226993,1.09404635
809,wss.dbc10ea4f133b92218e4480467ac75d4,CellPhone,0.00278183,0.00049399,0.00055981,0.00011700,0.01198812,0.02307700,0.13028257,0.10617148,0.25558278,0.24305528,0.03321302,0.02147216
810,wss.e836503bb12dcd7b49a280e60c06b982,MediaPlayer,0.02306432,0.02433200,0.00576820,0.00348500,0.04968720,0.22168998,0.59053564,0.61510223,0.11378888,0.10467335,0.38612691,0.37073785
811,wss.3140ea76f25321a0e3f7a74e12a274ef,Chair,0.16501480,0.16349000,0.02607675,0.02495900,0.00350082,0.00300500,0.77139080,0.69140792,0.99281865,1.01525736,0.93557084,1.04591608
812,wss.151916d8cacda1691c352d02061b3f7,Bookcase,0.06164763,0.08248399,0.02800155,0.03455600,0.01553915,0.00192400,0.64279366,0.53175795,1.41278028,1.50051475,0.28197873,0.31788436
813,wss.7b53493f7944fcf2b691e708071fb777,Lamp,0.00893037,0.00508900,0.00233149,0.00236400,0.00487583,0.00030400,0.37956047,0.39223054,0.64950573,0.59661150,0.43018505,0.39223054
814,wss.7dac6c932ca4f2fbb1cbe768f98549bf,ChestOfDrawers,0.26706424,0.33309796,0.05199785,0.05508000,0.01286726,0.00631900,0.62032491,0.63023925,1.66640735,1.92295015,0.36031094,0.27499315
815,wss.bfba0e8cdd5462e4fe103fdbd20df6,CellPhone,0.00306078,0.00044299,0.00073596,0.00011700,0.01306711,0.00144600,0.13833174,0.11186399,0.25225112,0.23856841,0.03551131,0.02402955
816,wss.7f518fe982aae1b5940c8a2639c8747,Lamp,0.01365110,0.01616700,0.00265126,0.00213900,0.04404796,0.05078800,0.36771247,0.36662957,0.60347629,0.62768495,0.35754496,0.36735472
817,wss.44cd0ca3b96ea62c1759e141360faf0d,Lamp,0.01050395,0.00378000,0.00159068,0.00072000,0.01522551,0.02488200,0.17633906,0.17848054,0.44976029,0.46162662,0.17570211,0.17848051
818,wss.634fe05a380adac585430ccbd2632877,ChestOfDrawers,0.17655070,0.18491699,0.07333151,0.06165400,0.18552478,0.18248199,0.99578196,1.21610653,1.36814117,1.36441636,0.57552445,0.59271801
819,wss.b806daf849a5dba289c212008d2a390e,Computer,0.01461798,0.00447700,0.00345345,0.00167000,0.10565270,0.11888100,0.40794662,0.39633310,0.30885303,0.29070282,0.39184490,0.41063461
820,wss.76005568c6a76385c8f56abbf37ac61c,Computer,0.01362133,0.00450900,0.00305593,0.00242100,0.11350511,0.14430699,0.43066075,0.44131106,0.32603148,0.33716565,0.37698799,0.39612198
821,wss.ebcd6d6c36a7193a952c493f36a7be8,Book,0.00683944,0.00775299,0.00052138,0.00096300,0.08273079,0.00532500,0.27140200,0.26173541,0.38400182,0.39260286,0.11790799,0.08142883
822,wss.59d2182a89836e67845e78b431e4d529,Table,0.03792036,0.04309200,0.01770494,0.01770300,0.01088400,0.00247800,0.95932293,0.89840090,0.98097080,1.04760540,0.90974033,0.89840102
823,wss.a7ab92e0dcecc44d1b03adc3f90ef151,TV,0.03434777,0.03893800,0.01115288,0.00943800,0.02667554,0.02706300,0.90331608,0.93060642,0.59844506,0.58346224,0.13462190,0.09909200
824,wss.9072f7b49f0f9a4bf8bd41e640eaf848,Chair,0.01437737,0.01285100,0.01196568,0.01185300,0.01049591,0.00629500,0.69986439,0.70183337,1.28083277,1.31112266,0.67874050,0.62522137
825,wss.17919b0e69c06bf235836c728d324152,Curtain,0.01954990,0.01615500,0.01762671,0.01582700,0.01554717,0.01025600,0.86144382,0.90198159,1.40724874,1.52771115,0.08201169,0.04783123
826,wss.c3e248c5f88e72e9ea65c47b660136e7,Couch,0.81839669,0.88995099,0.15355228,0.15836000,0.01871962,0.00762200,2.10013342,2.15060902,0.73471618,0.71166682,0.92386585,0.96780157
827,wss.3cdd3e927ee800772e5fe4ac0cb720d2,WallArt,0.02307445,0.02513099,0.01378752,0.01853800,0.02132685,0.01449900,0.79215497,0.83752078,1.09669888,1.10656905,0.07041008,0.03128444
828,wss.8d25182a83eadf3b65656a35467c62d7,Car,0.00664524,0.00056000,0.00151156,0.00014600,0.00645075,0.00042400,0.14794703,0.08390402,0.10516478,0.08748647,0.18221192,0.16545510
829,wss.3a59317d833fe0d2f95721d2346bede,Lamp,0.01443599,0.02304900,0.00713220,0.00545900,-0.00012247,0.00073800,0.51677358,0.32188019,0.92497367,0.92942810,0.53784138,0.39563507
830,wss.f56b182d8cd89803dc4f4fd3af459324,Curtain,0.02757385,0.03249499,0.01955222,0.01919500,0.01173810,0.04714600,1.11589563,1.31899405,1.20177996,1.18232465,0.23271114,0.11112528
831,wss.72e61015d1e4fcee8739b6dd0f9695f,CellPhone,0.00257521,0.00070299,0.00057972,0.00013100,0.01134644,0.02454200,0.12897857,0.10153224,0.25432909,0.24432105,0.04404102,0.02838223
832,wss.92a1e771eb621c14c2a5a06bb7a05e87,ChestOfDrawers,0.27431357,0.26659501,0.04458013,0.04111300,0.03783946,0.10865398,1.06374288,1.11779654,1.44204688,1.49640489,0.41891894,0.45072448
833,wss.e46cfddf357b8ebcbed1bd9593e318c,Stool,0.03194984,0.02318100,0.00739843,0.00894900,0.17057905,0.00687000,0.49936265,0.56613231,0.97939402,1.05569875,0.44914785,0.43230939
834,wss.5d35ae0371b2015c66b90ded88b248e9,_StanfordSceneDBModels,0.01608036,0.00580400,0.00331781,0.00474800,0.14050992,0.17148897,0.46469754,0.47124651,0.39101815,0.45237982,0.46197644,0.47116303
835,wss.b11db9eeac44be0550d1fe15308b63aa,_StanfordSceneDBModels,0.00844762,0.00121399,0.00180830,0.00013900,0.01008226,0.01723700,0.19747646,0.18567343,0.16030197,0.13972622,0.14927430,0.09218246
836,wss.7886fea5f3b313cce8b7617437747e82,Mirror,0.01640558,0.02115500,0.01325984,0.01478700,0.01181871,0.00068900,0.85350859,0.94194901,1.15148866,1.18803561,0.06617839,0.02001727
837,wss.49918114029ce6a63db5e7f805103dd,Chair,0.02975555,0.02223200,0.01582232,0.01810400,0.03594813,0.03168700,0.69420362,0.69273686,1.19571340,1.23751307,0.73914039,0.76913321
838,wss.aa34fbd699f88094e5c7ea227b17d897,Lamp,0.01190120,0.01090400,0.00359197,0.00452000,0.04044805,0.04295300,0.44156829,0.57324171,1.58310056,1.64204454,0.50036001,0.26789609
839,wss.984056a28829c88435836c728d324152,Vase,0.01991639,0.02439999,0.00460376,0.00255000,0.01170404,0.00624200,0.28806001,0.28247955,0.63903344,0.69782639,0.27316236,0.28247803
840,wss.778404e43b81ee2ba7892e85f7e5ae66,Lamp,0.01407279,0.00599900,0.00548790,0.00363900,0.01546936,0.00404100,0.46256816,0.42273191,1.00130653,1.02512419,0.42601708,0.42273191
841,wss.21a2fb1da3935a37b9c6deef486a7d8,WallArt,0.01287660,0.01563000,0.01010493,0.01165700,0.01862771,0.00638500,0.86871570,0.89171636,0.89714575,0.91480404,0.04698445,0.01530345
842,wss.2efc35a3625fa50961a9876fa6384765,Bowl,0.01615579,0.00270899,0.00292107,0.00148800,0.01893617,0.01500100,0.41633153,0.41142368,0.18051322,0.17524479,0.42755589,0.41142336
843,wss.a6bb2a05f9a786aaa0892399ef60d083,TrashBin,0.13573639,0.13697599,0.00787310,0.01174900,0.16352679,0.06582100,0.68453491,0.68533874,0.45923066,0.46512523,0.54053587,0.52654076
844,wss.7a38ec354e2b0abcf4ba8cc95e2927f1,Speaker,0.04055978,0.03829000,0.00534425,0.00586000,0.08366447,0.09580898,0.34334949,0.25969186,0.63474494,0.67679179,0.30595917,0.36578873
845,wss.440e3ad55b603cb1b071d266df0a3bf5,Couch,0.90785670,1.02768600,0.17445713,0.20082898,0.01829286,0.00943000,1.93317461,2.13169646,0.77388799,0.82379365,0.95893383,0.92006332
846,wss.e5e728d7d0600d5968f78fafaaa936eb,CellPhone,0.00331715,0.00045200,0.00087351,0.00013400,0.01117314,0.00149900,0.13733701,0.11060937,0.25091249,0.24013355,0.04277485,0.03044330
847,wss.e025274cd3378c2faca0e06ad87d3c4a,Desk,0.03898004,0.02562800,0.02054402,0.02158100,0.06107380,0.07537900,1.17712247,1.30787945,0.58779263,0.56591094,0.60242987,0.80485255
848,wss.7d6102f23f51764d2ed4a731510fb423,Table,0.03224251,0.00589100,0.00614198,0.00480500,0.00581343,0.00109100,0.63385803,0.69492412,0.59157705,0.62046802,0.66998887,0.57083058
849,wss.ff22bf19e2ef19d12f7ffc95c59dca52,Lamp,0.01125732,0.01047499,0.00298478,0.00333300,0.01026107,0.00853300,0.29849297,0.27786863,0.67698443,0.71301574,0.31677181,0.27765006
850,wss.f1108ab36ce63f2fe3bc44bb1006d615,TrashBin,0.05426404,0.06709300,0.00543828,0.00702300,0.09114499,0.10576500,0.37063739,0.42491534,0.57310146,0.58554864,0.43705577,0.42994642
851,wss.b637783533b64bc3441371570218d683,Cabinet,0.38054860,0.30981100,0.03865868,0.03932700,0.01429608,0.00410700,1.41469002,1.60871661,0.62933421,0.63932842,0.42502028,0.36731154
852,wss.2d1f6e50aad6d88721fbac718728a36d,Chair,0.04864575,0.04446699,0.01826265,0.02295800,0.02434286,0.03949300,0.68250251,0.58043027,1.22044456,1.33880723,0.71750593,0.68784869
853,wss.f3d6470b3f4f5ad71c7075c2bc313334,TV,0.03545238,0.03898299,0.01043417,0.01234600,0.07790472,0.09279700,0.82121295,0.87628263,0.57571638,0.59373713,0.28440577,0.30964071
854,wss.fb050e0cc057df3dd043998582f5fa,Lamp,0.01226236,0.00152199,0.00268941,0.00037600,0.01179026,0.02008300,0.26139432,0.19897352,0.52214575,0.51847911,0.23710625,0.19897352
855,wss.f5858c306849742038cec1c17de3e9d1,1Shelves,0.07096174,0.00716699,0.01276403,0.00385000,0.01877829,0.00160300,0.40750542,0.75559998,0.21443000,0.16999994,0.56179464,0.35560000
856,wss.6a42375c01c8168f38f776a23f4bbc94,WallArt,0.03515361,0.03686800,0.01649692,0.01912100,0.03741406,0.04380200,1.12562072,1.18392146,0.81830150,0.84040982,0.07515345,0.03363632
857,wss.bf4da74d07c30dafa5af69f7e86c1b23,TV,0.03328878,0.04206699,0.01020470,0.01577900,0.06675980,0.12444700,0.82742774,0.87982160,0.60871327,0.62136948,0.24991202,0.23681259
858,wss.ed52d2c2a9c1b606cf9bbc203a5cff99,Cap,0.00380139,0.00697700,0.00161488,0.00084500,0.06864054,0.08036900,0.33794674,0.31614682,0.15780349,0.14184880,0.33133924,0.40550214
859,wss.fc69cf702f139a1db9c80b071d9d963b,Table,0.12347073,0.10996199,0.03692191,0.05069800,0.12569207,0.10924000,0.98628193,1.25189209,0.37046960,0.33407676,0.83874106,0.83158606
860,wss.fd0ccbe95a1204069e9300aaa453f3d3,Bed,0.35263985,0.38795102,0.19100755,0.26168299,0.07786229,0.00860300,1.57509661,2.09873724,0.99006718,1.27133989,2.32752180,2.09124851
861,wss.d743ca9067913ad129426a0f57e4d15e,Table,0.01764758,0.02530800,0.02114326,0.01687800,0.08606537,0.05518300,1.09550583,0.82707512,0.38459864,0.39893189,0.97613078,1.23580587
862,wss.9e7a60f4338bd4f382dcf870385fe09e,_GeoAutotagEvalSet,0.02863002,0.03618299,0.00564148,0.00507100,0.01560263,0.01706300,0.42061242,0.39746463,0.60135591,0.57519388,0.40673649,0.39706540
863,wss.bd9a88bdd8c0388ab537ba37cb06b1d0,Chair,0.03147419,0.03061900,0.01905690,0.02118700,0.01159205,0.00694700,0.66881633,0.61516780,1.22414291,1.27514672,0.72582984,0.77371866
864,wss.b9269a248a9b76af155d75bbf62b80,Bench,0.02105415,0.02866299,0.01607385,0.01910800,0.01358170,0.00984700,1.23710334,1.29633749,0.55341494,0.53685033,0.49045628,0.44642299
865,wss.cc87e29afe238126e20e92c5b8147e4a,Plate,0.00634441,0.00205100,0.00131989,0.00125900,0.01153288,0.00996500,0.45581460,0.46227252,0.10398684,0.08029056,0.44964945,0.46227255
866,wss.7984d4980d5b07bceba393d429f71de3,Bottle,0.00607109,0.00183799,0.00006081,0.00015800,0.00867027,0.00469700,0.12109439,0.11004975,0.25551593,0.24971563,0.11437341,0.11004975
867,wss.78bf97fc414eb8112ea98d69e91ba870,Bench,0.06060525,0.06629200,0.02395014,0.02882000,0.02451946,0.03049900,1.12789083,1.32180524,0.43339783,0.41242415,0.51556569,0.50072402
868,wss.37ed0bdf52f2eaa83c5474c35497dc65,Monitor,0.02794562,0.02729200,0.00914099,0.00728900,0.05157332,0.04776200,0.64617407,0.63206172,0.66826534,0.73640883,0.23299444,0.18525429
869,wss.f89060c1fa4e44fdd1ec4bb78b9062a2,_StanfordSceneDBModels,0.03231632,0.03814999,0.00522026,0.00417700,0.01145319,0.02433100,0.52187985,0.62211579,0.16682902,0.13864298,0.48603004,0.46214318
870,wss.9c7eafd24a871e3678785e24320d5ee9,Curtain,0.01379007,0.01682800,0.01559375,0.01663400,0.01260406,0.01104900,0.96548152,0.94180977,1.42104387,1.50427055,0.07087386,0.01082841
871,wss.fe571828e5b34d379d0a249a140da12,Bookcase,0.06749452,0.08895400,0.03612209,0.06021600,0.05824591,0.05219100,0.74396992,0.70860291,1.38226652,1.43716943,0.26233590,0.25948915
872,wss.b58c5986b3acfa0c46821ccd94ca6205,TV,0.02796563,0.01739500,0.00938526,0.00787200,0.02433103,0.01748800,0.83637661,0.91000307,0.60318702,0.61074615,0.16657859,0.12308707
873,wss.aea6f0ddc6450d490546f5d45015351,Cabinet,0.23225830,0.20211199,0.06968908,0.07251599,0.01935844,0.00716900,0.91772234,0.89413822,1.46636558,1.53266156,0.38721269,0.38729003
874,wss.692db5a6fb6cea2174649592553d1a1f,TV,0.00928715,0.01067699,0.00766146,0.00846200,0.02051729,0.03862700,0.97426933,0.99441022,0.49789694,0.47532982,0.06909537,0.03843668
875,wss.2872c4b8e2f86201b7d0f3d89bbac230,PottedPlant,0.02159978,0.01620600,0.00590766,0.00871500,0.01716156,0.02130500,0.34062272,0.35876557,1.20777249,1.27121627,0.31170520,0.38913792
876,wss.6c478f3b08323fef8f257ecba9a6ef8,_GeoAutotagEvalSet,0.00807045,0.00075099,0.00182999,0.00010200,0.00734475,0.00491400,0.16028123,0.17075823,0.11558583,0.09185554,0.16867530,0.11942064
877,wss.c2c4c288a7156652f4eefa83fb709ec6,Curtain,0.05485410,0.02325000,0.02898846,0.03546400,0.02587968,0.02327600,0.76508653,0.78373861,1.49201274,1.58920503,0.14729764,0.09975167
878,wss.48bacbf60318db537a0c402e1ca31f3,Bottle,0.00970699,0.00397900,0.00104678,0.00039600,0.01317936,0.01146400,0.15104048,0.16872284,0.31920287,0.31188604,0.15231049,0.13425845
879,wss.931aed954d9930a6cf3c4bee96d5618c,Bear,0.07728017,0.12447900,0.01580952,0.02138700,0.01463619,0.00488400,0.64701605,0.74867582,1.02235758,1.10107255,0.69893986,0.54738569
880,wss.8309e710832c07f91082f2ea630bf69e,Bottle,0.00603262,0.00138699,0.00057985,0.00018900,0.00666958,0.00391900,0.11217350,0.08694070,0.34805179,0.33593142,0.09224222,0.08694070
881,wss.53d9a81d2df7635a28a35028fcddd52,TV,0.02620235,0.00542399,0.00929148,0.00740800,0.11560997,0.10982500,0.82071030,0.87392092,0.58355021,0.60859740,0.31551173,0.28659883
882,wss.20b7adb178ea2c71d8892a9c05c4aa0e,Bottle,0.00899120,0.00298800,0.00112516,0.00052600,0.01306647,0.01165600,0.14188857,0.13683084,0.33853212,0.32902536,0.14452879,0.12958911
883,wss.835f94a1d33ac78bdd7f1cd6f7ae0960,TableClock,0.01248542,0.00566500,0.00206780,0.00075700,0.01334246,0.00854000,0.30141166,0.40476921,0.20136639,0.18765102,0.28573939,0.13333096
884,wss.4f32dbd23e3eb4926c5288a179439e54,Computer,0.01421314,0.00294099,0.00332930,0.00246500,0.13905576,0.15265298,0.47772619,0.50374734,0.29923287,0.30513519,0.40223259,0.41418791
885,wss.6475924415a3534111e85af13fa8bb9b,Couch,0.57498991,0.70029604,0.15249686,0.17259300,0.01985772,0.00885900,1.92063808,2.03643537,0.59922606,0.58183682,1.00070024,1.25802505
886,wss.5d45378d9d2e11ff497df23b9b74f339,_StanfordSceneDBModels,0.41751492,0.32369304,0.10979185,0.10125700,0.05333934,0.06410600,1.58637846,1.93677831,0.79659629,0.83004785,1.40009832,1.02603137
887,wss.7077395b60bf4aeb3cb44973ec1ffcf8,Camera,0.00167086,0.00062600,-0.00029213,0.00007400,0.00618568,0.00948900,0.12713182,0.10932618,0.14209829,0.16724420,0.10237789,0.11042083
888,wss.86d8257cb63cf1cb29c4be4831583165,Desk,0.07510428,0.09723099,0.03454326,0.04160100,0.01468600,0.00518200,1.17850780,1.35850549,0.67027581,0.65661085,0.70079380,0.63396907
889,wss.7819d1ccc058cc6fc92b7bf1f92094,TV,0.02940188,0.02545900,0.00971213,0.00870200,0.05965411,0.06724199,0.83775127,0.90069830,0.60309798,0.60990560,0.20599416,0.18173273
890,wss.5870f50be1100d638e6abafac3570db5,Lamp,-0.00151687,0.00143900,0.00304755,0.00100800,0.00702054,0.00053200,0.18467046,1.04401219,0.26955691,0.18120250,0.93219042,0.11149618
891,wss.948546d8e4b3a1ede87232bb3b64a0e4,GameTable,0.55433989,0.58987808,0.15343153,0.20811799,0.03141867,0.02524900,1.97048807,2.24606204,0.80869281,0.95868492,0.96698397,1.05181432
892,wss.bb6af0aea6bd2381b0d7b0d4230df8ca,Computer,0.01426737,0.00313999,0.00345307,0.00157300,0.11331357,0.11673199,0.44297546,0.43217009,0.27526990,0.26064980,0.40620199,0.39433384
893,wss.3d95d6237ea6db97afa2904116693357,Couch,0.60002041,0.70304197,0.14490986,0.16212700,0.05558529,0.06853999,1.85705960,1.92512667,0.63743681,0.65985560,1.09787929,1.38808513
894,wss.ea71bfe75e8a881ae1ab2ec17c82c846,Monitor,0.01994481,0.01795400,0.00553080,0.00489300,0.09695210,0.09297399,0.54714125,0.62202466,0.57638174,0.60930133,0.44905800,0.46689010
895,wss.3789d23c3c3ad1f68615c611a4c511ec,Table,0.03708039,0.05278500,0.00971845,0.00979300,0.00411020,0.00318500,0.61639047,0.49658671,0.69048858,0.68758166,0.60690880,0.68875206
896,wss.ff925b37a4e303bd7e113cd5209565fb,WallArt,0.01118180,0.01121000,0.00769241,0.00736300,0.02085872,0.02474700,0.65152574,0.63552392,0.80431628,0.82618111,0.06403614,0.03684347
897,wss.3a3f32deb30dc4e32ea98d69e91ba870,ChestOfDrawers,0.72022539,0.77508003,0.18744852,0.20600000,0.02025899,0.01988800,1.06565881,1.11806881,1.53623295,1.57114244,0.64602584,0.67230284
898,wss.16eff9b1bc7fe22d49d3c3e3d26b9121,Computer,0.05350132,0.05200100,0.00709318,0.00332900,0.12373692,0.00263500,0.43836936,0.33894044,0.50995630,0.47294113,0.46552697,0.38009650
899,wss.4784aeb9d867aa83f685327911e7e258,PottedPlant,0.07352183,0.09630900,0.01871325,0.02089800,0.07472144,0.07741100,0.76415074,0.81445497,0.74053866,0.81058961,0.72752750,0.76150370
900,wss.d2a4c36321c50c06d28b52ade6c7e48,Lamp,0.00888967,0.00755300,0.00770362,0.00516900,0.07058498,0.08490300,0.54524446,0.52270579,1.32985938,1.33629298,0.87270308,1.01870024
901,wss.baec92fcef6455d67595922b150f8cc3,Keyboard,0.00401163,0.00111700,0.00128821,0.00091300,0.01767128,0.00697100,0.38637894,0.44960135,0.06969067,0.03561091,0.28528574,0.21086802
902,wss.572250b1c642beb726a8b2787ac9ff6d,Couch,0.16065177,0.17321000,0.05035187,0.04651500,0.06526513,0.04042700,1.33945358,1.31335282,0.41315922,0.44806030,0.80260098,0.83023185
903,wss.67fc07a1d2d71bdc6af54a1f6b919e66,Stool,0.02822581,0.03258599,0.01021550,0.00923100,0.00587372,0.00337600,0.59918046,0.57069993,0.92922616,0.98513222,0.55088353,0.57069993
904,wss.3df44d30265f697e7e684d25d4dcaf0,Chair,0.16736425,0.15951300,0.02963686,0.02812600,0.23745403,0.24565797,0.95043385,0.85453391,0.87780797,0.91857761,0.83030331,0.79822826
905,wss.26b72a9e18203a02f841233486fac2b,Candle,0.00871913,0.00150300,0.00129725,0.00069900,0.00762831,0.00194200,0.27992660,0.24403290,0.42852005,0.40083319,0.23978467,0.24654573
906,wss.2773ae187d1e9d3d504721639e19f609,Chair,0.11538970,0.11368000,0.02536646,0.02515500,0.08812129,0.02685000,0.69648373,0.61567849,0.92668641,1.01718915,0.97377008,1.09039605
907,wss.939e22c7bc8f9944d9343286be935827,Stool,0.03044004,0.01886200,0.01104938,0.00973500,0.18043295,0.20452598,0.54180229,0.50601161,1.07841110,1.04322696,0.49247378,0.52685642
908,wss.d6c3544683587aee785e66156846bcb1,VideoGameController,0.00998839,0.00023399,0.00259805,0.00007600,0.00934884,0.01242100,0.18320702,0.15465820,0.09835853,0.04372248,0.22169864,0.14067908
909,wss.7b452cb1acffd9ce4b68d3b17c43658,PottedPlant,0.03851904,0.03473199,0.01342717,0.01019200,0.05449246,0.04535099,0.84891933,0.79221362,0.78555804,0.80381417,0.77066106,0.79374570
910,wss.dc5354098d9fa08d49843c4f9ce432be,Printer,0.02583588,0.03137900,0.00237587,0.00342000,0.14082059,0.11847299,0.44794801,0.52703989,0.20555000,0.21047050,0.34630281,0.28941858
911,wss.3101d2b22e21297ccff8db9efabb6c62,Lamp,0.01568228,0.00542000,0.00466856,0.00292600,0.01437743,0.00969900,0.32905468,0.40567309,0.72961140,0.77877939,0.62820935,0.60326219
912,wss.4b1de41a31d4d798cf48ae153052b71a,Lamp,0.01428610,0.00245500,0.00408057,0.00285000,0.02117232,0.00439800,0.35836041,0.29360521,0.64974087,0.70013595,0.30220294,0.29360536
913,wss.84ab363e60b9bd9185d624cfcd9a37a7,Lamp,0.01882768,0.01724399,0.00422157,0.00219200,0.03558179,0.03323700,0.41957578,0.43031615,0.53992248,0.54195482,0.40957627,0.43031615
914,wss.1361850926bce33f84e64ea9646404ec,Lamp,0.03779361,0.03199900,0.01288551,0.01629000,0.06328174,0.06468900,0.57769096,0.58652472,1.50383437,1.55203009,0.57098341,0.58652472
915,wss.53e7aa67f02d1f2d4fde68aa70e53a1a,Microwave,0.10005486,0.12854800,0.01237991,0.01269900,0.21262661,0.00592100,0.69602537,0.70894384,0.36501718,0.36927441,0.48856640,0.49739063
916,wss.2394aad19bdb0ca8e751791317b66d8c,Book,0.00847428,0.00705400,0.00121208,0.00088300,0.07505912,0.09544999,0.26655105,0.27625996,0.36845911,0.38366672,0.11778972,0.07586024
917,wss.bf83d079c7aa52a0eb10fb449205a43c,Monitor,0.02991032,0.01228900,0.00764996,0.00555200,0.03514917,0.00757800,0.64575970,0.66472960,0.51212889,0.48370075,0.27943629,0.54851294
918,wss.29fafe9d3b95e324535e3a87e2212e35,Bench,0.03664298,0.02695999,0.01897819,0.01837700,0.03316477,0.04067900,1.13893676,1.29405737,0.58203757,0.55976617,0.40389487,0.42434052
919,wss.ee53c928afaa339253250612ca93852,Candle,0.00535614,0.00054999,0.00135958,0.00032200,0.00925758,0.00578300,0.18402630,0.20437953,0.46999234,0.48191133,0.11320613,0.08289786
920,wss.fe669947912103aede650492e45fb14f,Camera,0.01236775,0.00024699,0.00301291,0.00004300,0.01103924,0.00056000,0.15402231,0.08530438,0.19513458,0.16141036,0.09552245,0.13716799
921,wss.5e67380e99a257814e5292217a77cd7,Bottle,0.01312225,0.00615799,0.00207971,0.00059100,0.01656379,0.01648900,0.19413297,0.16327362,0.36726630,0.36994049,0.16570021,0.16327368
922,wss.a2e97e7fb622cf309c7c78001644d0be,Cabinet,0.41181612,0.27268401,0.11729792,0.12809499,0.01977275,0.01760400,1.44663894,1.43532491,0.79585809,0.75183690,0.74400955,0.82018566
923,wss.f39cb99f7c30a4b8310cd758d9b7cf,Couch,0.47178510,0.51535702,0.12138159,0.13291998,0.01559259,0.01113200,2.00479245,2.13536310,0.91825312,0.98813444,0.72763383,0.72951019
924,wss.6b71913851ad95fd15a99c418688aee5,WallArt,0.03937572,0.07126900,0.02537876,0.03782100,0.03258942,0.05437800,1.30643415,1.34566915,1.22106802,1.30848444,0.08684795,0.03516518
925,wss.9e50d7fd1f8d911435836c728d324152,Chair,0.06470839,0.06202200,0.02249759,0.01841600,0.00547258,0.00153400,0.54019803,0.49970537,0.80872279,0.82333475,1.24358392,1.29422557
926,wss.52a74b32b7f821573a4942768501ab9f,Desk,0.17645983,0.14710198,0.06016426,0.06142100,0.02206839,0.01347600,1.08387673,1.12005210,0.89670742,1.02204812,0.62125170,0.61602902
927,wss.997d0daf40925e5f54bf0ed06a1506a7,Book,0.00445441,0.00256400,0.00179985,0.00209000,0.02287015,0.00393300,0.24192628,0.23084882,0.33525863,0.34672326,0.06412769,0.03110499
928,wss.b5f6fd84a3f44ddb1aa47689117a61e1,Computer,0.01308454,0.00349199,0.00359013,0.00162900,0.09304269,0.10597799,0.40810061,0.34957036,0.28567120,0.27369681,0.42153195,0.46162722
929,wss.1d19305840960acde220a4c1303a51c,Table,0.02265818,0.02698899,0.01540034,0.01271600,0.00445452,0.00114300,1.00681019,1.08192384,0.50115782,0.60899580,0.98391694,1.08192718
930,wss.af5fc197a9151acb8aa35a62b4d4d73f,Lamp,0.00271427,0.00031700,0.00122411,0.00018800,0.00607346,0.00684400,0.19009826,0.08342537,0.51738638,0.60126162,0.66431153,0.64325809
931,wss.ffed7e95160f8edcdea0b1aceafe4876,Chair,0.02283445,0.01854600,0.01352863,0.01549900,0.00664218,0.00529800,0.65175849,0.68401146,1.19963074,1.20274484,0.75648177,0.82967669
932,wss.2d4adec4323f8a7da6491c91cd8d7770,Couch,0.24626535,0.22609499,0.05608549,0.04897900,-0.00078298,0.00178700,1.51871753,1.58076048,1.10684371,1.19491577,0.66799736,0.70070875
933,wss.4a28c0ef7711012ab64e2d4ab94c4e13,Cabinet,0.90828300,1.00759602,0.12216975,0.15655498,0.01171019,0.00958600,1.03235412,1.11212587,1.77661645,1.95719385,0.59014297,0.56306094
934,wss.a48e88e9186276a463ecd64ef0e6814c,ChestOfDrawers,0.09555490,0.10088200,0.01482380,0.01389200,0.02571429,0.02224600,0.61940277,0.61589777,0.63316184,0.65871412,0.57340938,0.54014564
935,wss.2595386004cec68b80a3636218306f06,Snowman,0.01294786,0.58825403,0.01982224,0.19251299,0.02543741,0.04479000,0.65356135,1.64269412,3.20237756,2.09000635,-0.11952139,0.91284037
936,wss.c7ab551c69d449e17f42f6c9f9e08b68,TV,0.02923359,0.02970900,0.01155561,0.01154000,0.17117393,0.20812297,0.72178954,0.68600136,0.77640867,0.79730761,0.30010629,0.33161759
937,wss.379f8b7266400f77c2126cfa5f04ec42,Books,0.00414057,0.00730000,0.00106887,0.00081500,0.04033662,0.05895800,0.25204125,0.26557279,0.17100814,0.15936235,0.27691704,0.22131065
938,wss.3ce3a0a7adbaaa518e43a810a63361f0,PottedPlant,0.02910196,0.02123600,0.00824633,0.00705500,0.02512802,0.03087000,0.61421090,0.60655034,0.90056616,0.99486631,0.52690154,0.52402711
939,wss.3c389c01263d2eaf2b3e9b6eb52d35df,Couch,0.08968515,0.11191699,0.03226512,0.03587900,0.06671061,0.22615498,1.07266641,1.05798697,0.33651370,0.29175204,1.02151871,1.18763554
940,wss.7f0ac8c0f541ce3e6dcfc35990eb3ea1,Table,0.02494786,0.01580599,0.01341918,0.01184800,0.00102237,0.00169200,0.75711489,0.86769873,1.08365381,1.09773827,0.70470965,0.86829442
941,wss.d06069a1ffc0009e75e016c1d859d1fd,Table,0.02585556,0.05946700,0.03441181,0.05751000,0.00761848,0.01071300,1.71835375,1.91225243,0.43558973,0.41986746,0.88487047,0.90308827
942,wss.b54e412afd42fe6da7c64d6a7060b75b,PottedPlant,0.02389246,0.02398400,0.01021239,0.01098100,0.05768533,0.06128700,0.66658711,0.64498508,0.95637679,0.96068090,0.68348891,0.74931931
943,wss.68091c9c1d166b2575f4e5007488531,CoffeeMaker,0.06370850,0.12717800,0.01086917,0.01191600,0.02367814,0.33011800,0.31773883,0.60000098,0.27441785,0.45925742,0.54871255,0.57317388
944,wss.359ddad69aa0f111a07d426e67d479b,Lamp,0.01575731,0.00356300,0.00360302,0.00268800,0.01638700,0.02067000,0.36488163,0.35814014,0.60908186,0.63723397,0.34327242,0.35814011
945,wss.30497cce015f143c1191e01810565e0c,Couch,0.66790634,0.71272492,0.16073681,0.16524100,0.02245532,0.01488600,1.89761245,2.06852436,0.83069980,0.83173716,0.83409947,1.04809237
946,wss.f40624156dcbab68620a56d13e6d773b,Lamp,0.02370888,0.01337100,0.00838763,0.00720200,0.11822812,0.12337999,0.54169297,0.65756911,1.41721010,1.44733214,0.63325465,0.65400517
947,wss.b244bc268f373764d986702cba1c04f7,VideoGameConsole,0.00772860,0.00226400,0.00152298,0.00029400,0.01755849,0.01609000,0.21687661,0.05800728,0.19580029,0.18884739,0.18521537,0.27618518
948,wss.15fb39da1ab90994a9504db65c138da5,Speaker,0.07937399,0.09138100,0.00459756,0.00623200,0.14831147,0.14898999,0.36547735,0.36846122,0.57444251,0.62585628,0.44397229,0.41505939
949,wss.e410469475df6525493a4a2a112261d3,Couch,0.46305037,0.52521801,0.12993941,0.17636099,0.02366610,0.00179500,2.00049782,2.21380448,0.46629500,0.65276843,1.03069735,0.86093199
950,wss.b548aa319cf5d0c71085a6d70c973b41,Table,0.12124218,0.06282699,0.03923750,0.03241600,0.01308408,0.24733199,1.07271743,1.02780449,0.54240149,0.50755626,1.20562589,1.02780461
951,wss.55dc6f203de0cc5335836c728d324152,Lamp,0.01740637,0.02690999,0.00478455,0.00302700,0.01810897,0.00343800,0.36955369,0.35024765,0.63385719,0.64594889,0.38303450,0.35024759
952,wss.b5e4d8f9fdf32a254b15cc8271be5489,Cabinet,0.22603628,0.23662201,0.09119771,0.10122299,0.02253445,0.02626500,0.87968850,1.09307837,1.33629203,1.38604975,0.41354525,0.42686823
953,wss.ed35ed3a7c8824e5996bace9c8deb982,Computer,0.01544596,0.00657799,0.00327869,0.00240500,0.11857035,0.10732999,0.42251948,0.44621187,0.32138190,0.31909090,0.36555174,0.33058488
954,wss.e1b66636b997771b23cad435b162a966,_StanfordSceneDBModels,0.00745356,0.00309500,0.00125610,0.00060600,0.03357280,0.00225400,0.19157448,0.17770804,0.38680792,0.39810637,0.06456651,0.04815886
955,wss.c2c9ca31c0f1126ffe5c8ffd0f5eba47,Lamp,0.02652150,0.01825800,0.00561495,0.00338800,0.02010561,0.01668200,0.39576939,0.43636781,0.54494172,0.53109407,0.38782901,0.43635803
956,wss.d941316d8b08f68d50df3dd3aef804b7,TrashBin,0.10415924,0.11272799,0.00668060,0.00707700,0.16730303,0.17957598,0.46851155,0.50102651,0.64189839,0.67913711,0.50125855,0.50102651
957,wss.260ebd5d9bcc2acae3f7a74e12a274ef,Chair,0.05622191,0.07765700,0.02337087,0.02237200,0.02055721,0.00782300,0.63589549,0.75267327,0.66000223,0.68817210,1.14288807,1.25020969
958,wss.a4387fd1049722f53adb21a59d529cb8,CellPhone,0.00368448,0.00046499,0.00075701,0.00016900,0.00749284,0.01372200,0.10701456,0.09514702,0.25550818,0.24689762,0.04218831,0.02820963
959,wss.3319b63a7544b77b1d3abbedf84d10fc,TV,0.03509258,0.04329200,0.01088400,0.01125300,0.04188779,0.03178600,0.77793396,0.80783921,0.69518811,0.70247120,0.33720127,0.26494595
960,wss.87f103e24f91af8d4343db7d677fae7b,Couch,0.90673500,0.84465897,0.13396414,0.14447398,0.02596596,0.01299100,1.84919465,1.98534143,0.97482872,1.05540514,0.96572638,1.00665200
961,wss.d5c3542c080d61462c45f75322191dd7,Table,0.04417647,0.04287799,0.01096668,0.01304100,0.01163189,0.00688400,0.60234320,0.49834639,0.76058173,0.75859684,0.48665950,0.61647367
962,wss.3f6cbfc955e3a82e2f3bfb1446a70fbe,Couch,0.26825815,0.29194599,0.08204409,0.08372800,0.08532277,0.02454200,1.69772995,2.00524473,1.05358732,1.12341547,1.00281036,0.88658738
963,wss.9c1286570bbc6fc78f257ecba9a6ef8,CellPhone,0.00162159,0.00061099,0.00071143,0.00012600,0.01363679,0.00474400,0.14791289,0.11745778,0.24558948,0.23767424,0.03704057,0.02284314
964,wss.7961d0f612add0cee08bb071746122b9,Couch,1.14486313,1.19531190,0.14526455,0.16884398,0.12954155,0.38537803,1.64452541,1.96574497,0.96115988,1.04838765,1.31107414,1.05117381
965,wss.ec78b0077513564ea3447f25dbb5aa50,Lamp,0.02087565,0.01238900,0.00420168,0.00229000,0.05008542,0.05931200,0.39210010,0.41237456,0.55906087,0.56791222,0.35661781,0.41237462
966,wss.c5afaadb73323de9645a86b04c64b372,Chair,0.02367951,0.02296100,0.01002310,0.01597900,0.02191237,0.04738100,0.68876088,0.60678214,0.81952715,0.98200101,0.72325832,0.66118848
967,wss.745adde98596801dbec3353c29751fdf,Lamp,0.01767471,0.01029300,0.00347353,0.00280200,0.04389890,0.04922700,0.31743687,0.30343902,0.68755239,0.69184774,0.30720881,0.30343902
968,wss.206c0b13dea6bc69250ac99e3f2c51e9,ChestOfDrawers,0.85969585,0.75284398,0.13094208,0.16956098,0.06133249,0.08664500,1.13356340,1.28407311,1.55224705,1.64594758,0.60210133,0.49028137
969,wss.f924bc42daea1f48cf48ae153052b71a,Table,0.08300477,0.08416099,0.02276741,0.02018900,0.04444675,0.27275398,1.20627010,1.30800402,0.27943021,0.26267153,0.76280195,0.74887937
970,wss.3c4c7ec7ffdfec50f39105e1e4d2e270,Monitor,0.01188659,0.00717693,0.00256479,0.00136893,0.06207210,0.02252630,0.39388901,0.41851097,0.42553785,0.42702144,0.16368030,0.17490090
971,wss.e193b0d75fa674142b3e9b6eb52d35df,Chair,0.12659131,0.12979500,0.02750619,0.02848800,0.01043856,0.00066700,0.75969476,0.88373566,0.82799423,0.81850731,0.76679641,0.87187386
972,wss.2b221582a01bded2becc5889eb0cb75b,CellPhone,0.00271365,0.00043399,0.00069577,0.00011200,0.01309887,0.00060800,0.13322768,0.11396074,0.24562114,0.23987153,0.03161898,0.01678401
973,wss.104221f8a5b6676aa1dda33d5a7c8c38,Table,0.01626287,0.01110799,0.00911472,0.00734100,0.01657142,0.04270000,0.77701485,0.61418325,0.93238574,0.99757868,0.75652993,0.61683178
974,wss.9b2759851023fad7dedad3eee47fd556,ChestOfDrawers,0.81540608,0.95996392,0.10467676,0.18115598,0.02862422,0.02792000,1.06382132,1.14304185,1.61777687,1.74631453,0.55235469,0.49214214
975,wss.d96d9022882d6068b8fa4cb65e077db1,Lamp,0.04061806,0.01456100,0.00676990,0.00810300,0.00632954,0.00586500,0.44214144,0.56244743,0.83170843,0.84371388,0.46289980,0.30936158
976,wss.93ef67580682ed64b649c37ff7cd461,Curtain,0.02039932,0.01365000,0.01549838,0.01324600,0.01123816,0.00796000,1.07114065,1.09421861,1.29787588,1.39513326,0.11986830,0.07768907
977,wss.2a53c5c1eb517467e3bc44bb1006d615,TrashBin,0.09884410,0.10967799,0.00940960,0.00940900,0.15926220,0.18862998,0.48688626,0.44631109,0.67786902,0.75124955,0.43431458,0.44693464
978,wss.6fd43425c540e5da9b1375f6b333ec37,Microwave,0.18711007,0.18430199,0.01345468,0.01112500,0.02615374,0.00678800,0.75935811,0.72774410,0.47293264,0.45411414,0.56433195,0.58219451
979,wss.ebc2c06fae1a9064f25b2f81f34470be,Lamp,0.09409353,0.00897700,0.01089822,0.00437200,0.03133858,0.00752800,0.66569674,0.64550769,0.60326040,0.62501758,0.57915872,0.64550769
980,wss.fdcd83539b8db2c8b5635bf39f10a28a,Camera,0.00348645,0.00090600,0.00027464,0.00012100,0.00629362,0.00767600,0.14223997,0.18059643,0.11550225,0.11209229,0.12244706,0.08325589
981,wss.36b2472a8f979c7298f210d66638d842,Window,0.01476684,0.00796999,0.01042237,0.00470500,0.02506610,0.00942800,0.32879579,0.36195004,1.39433300,1.09855008,0.05834560,0.01905004
982,wss.8ad88ee4442fd0fd8a6ba7ebad3985bb,Desk,0.03785276,0.02986700,0.01744764,0.01951400,0.02636284,0.05330600,1.08072448,1.06431317,0.82669866,0.89084792,0.87354165,0.78114963
983,wss.88f854b66978d1c45caaf941a8fac2d7,Piano,0.61903858,0.81734705,0.12704714,0.14742699,0.03064141,0.08760999,1.84165764,2.00237203,1.07178628,1.12233877,0.84755802,0.57404262
984,wss.f0f89ca1fe9950f8b26a5d88c8b02ed9,Chair,0.03178959,0.03074100,0.01553719,0.01244600,0.00563829,0.00098400,0.69314313,0.66213131,1.18737888,1.26953208,0.66515934,0.72381032
985,wss.f7c95d62feb4fb03c0d62fb4fabc5d06,TrashBin,0.07710407,0.09370200,0.00662476,0.00785700,0.08926816,0.09873199,0.39334163,0.47004291,0.73577237,0.78203642,0.44868788,0.36160281
986,wss.eb9a67a770d9a4b151b7898ca183dc1,Computer,0.01507616,0.00804600,0.00313518,0.00211900,0.12272493,0.14330898,0.44216371,0.44175139,0.32169017,0.30542204,0.34367630,0.34897134
987,wss.8d07bccf7d944c97f772a7ed7ffb61,ChestOfDrawers,0.76373792,0.90601599,0.07124604,0.08975600,0.01464979,0.01529900,1.55125093,1.82812095,1.00948942,1.04865074,0.60163206,0.59481227
988,wss.47ac4f73d91f8ff0c862eec8232fff1e,Chair,0.02257492,0.01542800,0.01422470,0.01238500,0.01044726,0.00508300,0.76176959,0.74746788,1.14422929,1.19822812,0.78031462,0.77989972
989,wss.9309f88977b29897ae9d7a2f1f7d4c6,TV,0.01341588,0.01132899,0.00586203,0.00616700,0.01532820,0.03103600,0.62344497,1.01251161,0.38593790,0.39286116,0.43261200,0.19169793
990,wss.95277cbbe4e4a566c5ee765adc4c8ef3,Couch,0.33497286,0.45707804,0.09864785,0.12306099,0.02443802,0.01981200,1.80033231,2.00183487,0.53594494,0.49924606,1.11059403,1.34597087
991,wss.ca7b87f07cc99a79aa0b5040ebdc8dc8,Stool,0.01325985,0.01252300,0.00677251,0.00599600,0.00387967,0.00130700,0.53407288,0.53028828,0.97731394,1.00987756,0.54743648,0.54510069
992,wss.1061c1b4af7fd99777f4e9e0a7e4c2,Candle,0.00155943,0.00093200,0.00102443,0.00048000,0.01082991,0.01219400,0.25110173,0.25530308,0.45339096,0.42368069,0.24387334,0.19044258
993,wss.f4d3a7f971420d2ce56a6376dd2adb4,Bed,0.36516485,0.54252106,0.16510029,0.14779599,0.03648896,0.00100300,1.69131231,2.01747584,1.81668830,2.02727628,1.64427614,1.49827647
994,wss.55b002ebe262df5cba0a7d54f5c0d947,Lamp,0.01829303,0.00631900,0.00377817,0.00241300,0.05322509,0.04390700,0.51086473,0.59914255,0.53661811,0.52388525,0.28756753,0.17094429
995,wss.d1f76ed6072b9332ee558d9fec5dbe41,Chair,0.14674990,0.17491300,0.02824384,0.05933500,0.13675231,0.45188504,0.87126303,0.93129081,0.83834362,0.84342128,0.88509047,1.01193976
996,wss.2c39ee97a0fbc5e4bda72093f9b5aa73,Mirror,0.00887299,0.01486199,0.01224570,0.01022800,0.00578527,0.00405900,0.51925009,0.33621314,1.34176302,1.41962516,0.49041018,0.41317752
997,wss.ad5e9f91f7944800eb20b092bfd1f3b6,Computer,0.06122036,0.05192599,0.00409517,0.00406500,0.27562907,0.24880798,0.58235067,0.55441892,0.19201434,0.17242704,0.52071315,0.54778755
998,wss.e33f0d779f8f0f8127373c7dfd2344fc,Printer,0.01174248,0.00931100,0.00276004,0.00202100,0.10572074,0.11633399,0.37865669,0.45486912,0.23519267,0.21765788,0.37764606,0.38936237
999,wss.3843253da3eae7b09e4965f0106e00d9,Fireplace,0.24147059,0.38060004,0.15713772,0.25569296,0.11611394,0.15354300,1.66238141,1.92623997,1.39810503,1.83011007,1.36638343,0.82398307
1000,wss.371b604f78300e02d76ab6ff59fe7e10,Bottle,0.00973734,0.00292100,0.00134651,0.00047600,0.01055165,0.00154600,0.15028813,0.13496381,0.32463345,0.32760975,0.17215492,0.13496378
1001,wss.e6d92067a01231cb3f7e27638e63d848,Couch,0.49371850,0.53911006,0.12554221,0.12760699,0.01536011,0.00254700,2.07969284,2.28377271,0.68841076,0.65617239,0.62535071,0.64966047
1002,wss.4e401dd3f80cc5398cb92d283b4ad690,CellPhone,0.00225575,0.00090700,0.00078326,0.00016900,0.00937436,0.02375200,0.13024585,0.12228456,0.22867583,0.23310152,0.04680608,0.03895292
1003,wss.4e124a3756fc7a78b6bef40d55ebdf21,WallArt,0.07403639,0.07741899,0.06277197,0.06598800,0.06944098,0.05226600,1.99863780,2.08490396,1.42101038,1.49283457,0.03901197,0.06328017
1004,wss.14e8504e664c872a831f2243b19a18a9,GameTable,0.22247545,0.31325600,0.10778730,0.18825099,0.01768380,0.02674400,1.95898199,2.23140645,0.80714667,0.99339885,1.17909563,1.05078149
1005,wss.dd743b1a46853e01c72ae378512f15e4,WallArt,0.06991599,0.08724699,0.01560611,0.01603600,0.02214875,0.00888000,0.78716123,0.84011376,0.99665087,1.08756566,0.21217793,0.19581707
1006,wss.de9973cc24c80178d1500d3c97406d29,Book,0.00931771,0.01271100,0.00070637,0.00213200,0.08806843,0.01286800,0.30033350,0.32238144,0.38311180,0.40117452,0.14930195,0.11560814
1007,wss.809307d04ffd3fe5650ef5c65206a324,Piano,0.44871068,0.46876103,0.07565224,0.08803300,0.02307473,0.01338300,1.54488230,1.03968644,0.77981359,0.77601492,1.43687832,1.97877371
1008,wss.534c7e2c9495d7987b6fd5468f603b31,Lamp,0.01434479,0.01043699,0.00187890,0.00335800,0.07657285,0.07943999,0.28059876,0.31506962,0.70750600,0.72576094,0.44535494,0.39556393
1009,wss.dd381b3459767f7b18f18cdcd25d1bbb,Bowl,0.00742686,0.00203700,0.00217034,0.00133100,0.02574844,0.05418400,0.42213356,0.46531004,0.09911153,0.07263552,0.45283300,0.46532154
1010,wss.24d9b0134985944a7420fc907d138e2,Computer,0.05883472,0.04512700,0.00418683,0.00395100,0.29119334,0.28827596,0.62839460,0.55481017,0.16799033,0.14681084,0.50675023,0.55481017
1011,wss.37cfcafe606611d81246538126da07a8,Couch,0.57408983,0.56159204,0.11595156,0.11710799,0.01928286,0.03310900,2.11604929,2.29489946,0.59222794,0.60445535,0.76509416,0.66054088
1012,wss.f46d3b81d33a50db35836c728d324152,Vase,0.03005378,0.02799400,0.00615208,0.00293700,0.02537809,0.03760200,0.37200555,0.35693282,0.59661835,0.62581933,0.36331898,0.35693371
1013,wss.968f41d6b8e65a919bb33eb5da550000,Vase,0.02830366,0.02775100,0.00611444,0.00284800,0.01886733,0.02444500,0.36722875,0.33894402,0.61413115,0.64557183,0.35693964,0.33894399
1014,wss.5b265f93f6fb4045b41ed43178894af2,Car,0.00433768,0.00036000,0.00112357,0.00007200,0.00618184,0.00056900,0.13599366,0.06620912,0.07608114,0.05855783,0.23014256,0.18506370
1015,wss.a0a87d63af355b45615810b8eabca5b3,Lamp,0.00881468,0.00268500,0.00160952,0.00088700,0.02925712,0.02903700,0.22686879,0.18976420,0.54796278,0.53488815,0.65559614,0.67831081
1016,wss.741b91f2187d54792d4fd2b0f2040d45,Table,0.02813738,0.01827200,0.01749461,0.01221800,0.02429027,0.02730300,1.24857545,1.38857496,0.58578837,0.57857299,0.43674979,0.32785800
1017,wss.9efb86c07170d7e897ec301178d1c7e,Chair,0.02111627,0.02471800,0.01003274,0.01423600,0.00592237,0.00385500,0.63450933,0.64419329,0.96344298,0.98575610,0.64616895,0.61988950
1018,wss.5dd9ef055fe3582687ccf9baec60b534,Desk,0.29878765,0.37579501,0.06230943,0.06831000,0.01489959,0.01182800,1.58986974,1.79717445,0.73687088,0.74882877,0.76130307,0.73813146
1019,wss.39ef7e982d00763560507fdad4357e06,Bookcase,0.04363479,0.04647500,0.02007309,0.02437600,0.18031713,0.17618600,1.03873324,1.06188190,0.81295979,0.80276513,0.19283357,0.16016786
1020,wss.27727353c4beb97b51470b0aae1d360c,Knife,-0.01462377,0.00076599,-0.00174432,0.00047100,0.01547235,0.00092800,0.05136501,0.03340780,0.09880340,0.04183234,0.61712599,0.91897440
1021,wss.24505c53438f8273399f45f7c8fcdfa9,Microwave,0.14449519,0.15200999,0.01169191,0.01070700,0.46640477,0.44725096,0.83059311,0.76430643,0.37537256,0.33978969,0.55386406,0.61250395
1022,wss.6bed8d24f785a2b2998c00d102bcb284,Ipod,0.00108699,0.00020600,0.00084008,0.00014000,0.01758876,0.03767500,0.18775795,0.16105603,0.24502139,0.23317435,0.04404201,0.00520318
1023,wss.56cfd1c474b7b88920c80e4850e77325,Lamp,0.00714998,0.00302600,0.00149159,0.00152300,0.03653906,0.05209300,0.27896571,0.27440053,0.59334314,0.55590320,0.63493001,0.63079107
1024,wss.3469cdf83a3cba1f35836c728d324152,Lamp,0.01747451,0.00738200,0.00617197,0.00262800,0.02986353,0.02929100,0.30947050,0.23855135,1.30239034,1.32584763,1.17384672,1.13222802
1025,wss.a5d178d896c077a1e4f8c880a69dafd7,TV,0.02186345,0.01122300,0.00874916,0.00783600,0.04967574,0.05005400,0.90344787,0.95563263,0.54573911,0.53515428,0.18401572,0.12901033
1026,wss.119ddb219f69b1cc492d9da2668ec34c,Chair,0.01885642,0.01608999,0.01004533,0.00861600,0.00261160,0.00454300,0.61609495,0.63139772,0.95954144,0.97064638,0.63472188,0.65671217
1027,wss.eed19d2be4bce1b15369d9faf0e54402,Books,0.02082027,0.01646899,0.00494005,0.00171700,0.02227153,0.09758899,0.30924931,0.36930773,0.35659060,0.41113776,0.22641882,0.17526887
1028,wss.c1be306179c6f218375779903ff27da1,Table,0.09941009,0.07984599,0.05419131,0.05226799,0.01244836,0.00316000,1.52152455,1.46879768,0.56797343,0.57761562,1.33649063,1.46879792
1029,wss.ae50497e95773de7f9b9977a2406713a,Chair,0.14076570,0.16864598,0.02418030,0.02262700,0.03531063,0.01724100,0.96231067,0.97687602,0.91220272,0.97687602,0.88266832,0.83360112
1030,wss.3b6c0302dfd4a945f5643b33c728184f,WallArt,0.01787861,0.01291200,0.01110687,0.01008300,0.01635893,0.02263800,0.58628690,0.52982819,1.30075157,1.35170555,0.08173699,0.03557122
1031,wss.3820449f17744298847dc1a0820caba6,Table,0.08936287,0.09622100,0.04784476,0.06432100,0.01547083,0.01389800,1.54300117,1.37748814,0.88578349,0.94255400,1.16315746,1.36473346
1032,wss.3f91158956ad7db0322747720d7d37e8,Bottle,0.00622797,0.00128699,0.00080051,0.00035300,0.00792080,0.00281700,0.10988072,0.08369126,0.34266478,0.33756751,0.08315153,0.08368897
1033,wss.319a8478eea5833f41aa35a85bab1563,Sink,0.22417848,0.10041400,0.06231366,0.06056000,0.06666769,0.05936700,1.29354918,1.75444221,0.86570877,0.94003272,1.44654727,1.18262398
1034,wss.37bdcc285f0e310a9a50826758767f2d,Table,0.10804027,0.11172900,0.03831335,0.05619400,0.20616129,0.05851400,1.11990762,1.09676075,0.90500641,0.88584518,0.57521474,0.61868554
1035,wss.17f4b14ebbe37179ab2b7e9ed9191486,Table,0.10268762,0.09596600,0.02836149,0.03229000,0.02542472,0.02306000,1.08156729,1.19178391,0.76785076,0.79452252,0.91420138,0.83866262
1036,wss.c170cc6fc5ff20ce1f5d7cf1f3f408d4,Lamp,0.01266028,0.00386899,0.00295061,0.00175500,0.01124237,0.01021400,0.39470953,0.38755104,0.61590326,0.60183382,0.39740142,0.38755104
1037,wss.6d4ee0be5746095d7c088bd2a4124c69,Motorcycle,0.19307996,0.25314599,0.04257273,0.09352800,0.00076103,0.02108200,0.61606026,0.67316091,0.97061455,1.11253965,2.58582211,1.96999872
1038,wss.2927d6c8438f6e24fe6460d8d9bd16c6,Bottle,0.00804566,0.00191400,0.00070169,0.00045500,0.00840067,0.00321100,0.12330572,0.10364213,0.32742280,0.32565433,0.11773163,0.10571107
1039,wss.af3d58dc258e0fe06ef604d255267aae,Lamp,0.01497110,0.01166700,0.00308948,0.00478200,0.10832282,0.13383198,0.36105210,0.29655057,0.65519655,0.66576195,0.40359032,0.50127906
1040,wss.5bbaf43f2f86ba638b33d3087add7a4c,WallClock,0.02287675,0.02394100,0.00709801,0.00473700,0.02937174,0.28613201,0.64873022,0.65617085,0.63793850,0.65617388,0.14808200,0.07973472
1041,wss.e68f974347edd06baaa05ac4e55dbacc,TV,0.02524608,0.00933199,0.00906454,0.00907900,0.06274961,0.08376699,0.88546681,0.93556535,0.56866848,0.55735815,0.20380864,0.17417443
1042,wss.66fbe6533abfe75195b26656722dea64,Lamp,0.04553010,0.04973800,0.01498516,0.02811000,0.23698199,0.35605299,0.58633494,0.67727977,1.40582120,1.47674477,0.60554898,0.67727768
1043,wss.752c1359c3578ca461179e7ef17bf7b5,GameTable,0.45055103,0.65794402,0.16957389,0.17744999,0.29484358,0.28804797,1.90588331,2.03465176,0.93863958,1.11403871,1.45417881,1.29971182
1044,wss.c28ae120a2d2829e50e9662c8e47fff,ChestOfDrawers,0.56547320,0.60247403,0.06846343,0.06819399,0.01056724,0.00550300,1.65918565,1.79448080,0.79420358,0.82247055,0.54220110,0.52339029
1045,wss.b648f6cd54d07a1023e70120ea31089,Speaker,0.07635842,0.08681600,0.00539457,0.00724400,0.16019894,0.16833998,0.37086910,0.51152509,0.53839231,0.53836381,0.48599413,0.32831940
1046,wss.665bfb42a0362f71d577f4b88a77dd38,Chair,0.03494057,0.03680700,0.01657629,0.02159800,0.00962390,0.00755900,0.79057544,0.82352769,0.95317787,0.97058916,0.93623686,0.99144268
1047,wss.5d4db38efb220efbd1cdb01b102e374e,Desk,0.06473578,0.06758100,0.02754741,0.01990600,0.13760422,0.03860399,0.96594679,1.11037409,0.97449976,0.96791416,0.78017837,0.71329999
1048,wss.7418459c5bda57f35836c728d324152,Desk,0.09653979,0.09546799,0.03878165,0.03291200,0.01325312,0.00557300,1.07894695,1.12609529,1.01403749,1.04327381,0.59437013,0.56752902
1049,wss.be3c2533130dd3da55f46d55537192b6,Bowl,0.01534303,0.00343700,0.00327289,0.00095000,0.02335917,0.02401900,0.42065281,0.39722461,0.25135919,0.23176460,0.42155677,0.39696315
1050,wss.ebf1982ccb77cf7d4c37b9ce3a3de242,Couch,0.26755708,0.30072799,0.11294321,0.12965900,0.01727477,0.02672600,1.76139998,1.92636621,0.88933808,0.90038610,1.38681781,1.24364543
1051,wss.d922b5f1958d1d671d65a4469fbd8b37,Ladder,0.17193724,0.08485999,0.06123810,0.06786999,0.02136704,0.01611900,0.79958659,0.71190012,4.11725140,2.29825878,0.47676915,1.33515692
1052,wss.24dbbef5e68df9d98849c1eb532ffb39,Lamp,0.01215860,0.00826899,0.00435860,0.00447800,0.00263538,0.00027100,0.48851374,0.52020681,0.74782848,0.79618901,0.47726414,0.48023310
1053,wss.1666ce5ced647ed25d878ba9ec3c0d6a,Vase,0.02087317,0.01960500,0.00430856,0.00270100,0.01344811,0.02179600,0.32502392,0.30893481,0.54277539,0.51073647,0.33332774,0.30893302
1054,wss.14c40e5ccc4fe01d492d9da2668ec34c,Chair,0.05365223,0.06367899,0.02049595,0.02427100,0.00800641,0.00456900,0.76764613,0.75298584,1.14057457,1.16658521,0.79825890,0.82001460
1055,wss.8d7083a120eb546c1c3b3ce292007d5b,PottedPlant,0.03009235,0.00685999,0.00968474,0.00263400,0.01395775,0.00359300,0.66449195,0.70941472,0.91686165,0.94447976,0.64596015,0.70872551
1056,wss.324c9045843b9470d29670d38a4c9e7e,Vase,0.01897841,0.01310400,0.00418193,0.00288200,0.02906379,0.03033400,0.29482773,0.27429414,0.69594467,0.70427060,0.28188187,0.27429414
1057,wss.b3530cffd4a04deab641e19ecbf0e871,Lamp,0.01576599,0.02717100,0.00423349,0.00311200,0.03319426,0.00859700,0.52559370,0.51966536,0.65250880,0.77092928,0.49112788,0.51966536
1058,wss.42de1b4244d8e8ba31e06831b84dedd,Refrigerator,0.36108422,0.88698500,0.04579065,0.06302600,0.06434378,0.03637800,0.77332932,0.79678833,1.48160219,1.61329269,0.68758845,0.72901917
1059,wss.26c90d1c97c09cc457ff23db42cd881f,Poster,0.02702804,0.00602500,0.01144598,0.01203000,0.02563775,0.00870200,0.99448252,1.05952382,0.69533443,0.71292180,0.07410775,0.03758466
1060,wss.fa8860d6a0d45a4688dcbe86402c7c15,Chair,0.12526473,0.15832099,0.06169515,0.09305399,0.01367931,0.00961600,0.74138832,0.62098563,0.87391531,0.86082828,1.68461883,1.89230335
1061,wss.7ca9c6d21041051e14dcb97ba059872,Cabinet,0.74180865,0.81564003,0.08778666,0.07999800,0.15831074,0.21093398,1.16793871,1.15827179,1.10444951,1.12373376,0.97136146,0.83291548
1062,wss.cdc6bd336446234c2b151d8b52c53b90,Vase,0.02422447,0.01732300,0.00477388,0.00215800,0.03668049,0.02576300,0.33768421,0.32122490,0.60388708,0.66343713,0.32276723,0.32122710
1063,wss.57a4dd08863a3b67fb8de648691848ea,Book,0.00225159,0.00344500,0.00081690,0.00092300,0.06595394,0.10975400,0.24800651,0.24331538,0.42304790,0.46489823,0.04985815,0.03160037
1064,wss.d3f0fbdeabf3946dfe7bebacf7a743b8,ChestOfDrawers,0.42056605,0.26703396,0.10984684,0.15874200,0.19301693,0.14826699,0.94056582,1.02541459,1.56635141,1.71908140,0.67135084,0.76947457
1065,wss.a6bba45e7292ae2443638dabe1eb5336,Cabinet,0.26522464,0.20744498,0.07867207,0.09196999,0.01856525,0.01085300,0.72039908,0.56129366,1.48734891,1.58253646,0.62784898,0.69184315
1066,wss.b5a54d0a7bc87d5263f26b71f9dca732,Table,0.44821101,0.40627006,0.09535946,0.12831400,0.01669407,0.02465800,1.70389342,1.69871879,0.53587824,0.52159047,0.91958225,0.91810668
1067,wss.5ba89398d98be20e691def363532c98,Book,0.00678177,0.00283000,0.00150514,0.00040800,0.02564722,0.06529700,0.22056334,0.21044049,0.31004068,0.30818355,0.08543454,0.04128183
1068,wss.693836c29e5fa6179a2988e955b5ae43,Bookcase,0.03627615,0.03883800,0.01867851,0.02969000,0.07982315,0.06562300,0.40011114,0.33226144,1.56858301,1.68207645,0.25674874,0.23258296
1069,wss.48e23032b7128bcbfc0035da39bd5e1,Lamp,0.00553443,0.00712500,0.00649752,0.00577000,-0.00465195,0.00104800,0.46827865,0.31267402,0.95747811,0.95061916,0.45646101,0.34994879
1070,wss.8432562562f105887b6fd5468f603b31,Camera,0.00283304,0.00135500,0.00012800,0.00010700,0.00790084,0.01091500,0.15326427,0.17723803,0.11811277,0.12127967,0.11828926,0.07738942
1071,wss.8574daf4d23e75da042d36b1c1b84,Desk,0.22344466,0.16131100,0.08223244,0.09424700,0.29725876,0.27966297,1.24351692,1.40504432,0.88677806,0.97272402,0.72929531,0.79877543
1072,wss.49ce1344c3c8a652f9883d2fd957d60f,Table,0.06663383,0.10126200,0.02193448,0.02863200,0.01017983,0.01675400,0.88999188,0.91443574,0.97038937,1.01968777,0.83048946,0.91443431
1073,wss.20663f59bb090670773ac2123317e26f,Mirror,0.02946285,0.01446000,0.01442736,0.01608400,0.02621169,0.03069700,0.77432454,0.75428772,1.21011770,1.29477394,0.08328627,0.23171365
1074,wss.9bbf6977b3f0f9cb11e76965808086c8,Couch,0.65909261,0.61203802,0.16072316,0.16443299,0.04037724,0.09381599,1.99261057,1.26473558,0.72705448,0.68255377,1.00950873,2.00069904
1075,wss.c3495b0e5585e05e3feb6c36ad94bd6c,Computer,0.01241348,0.00479199,0.00268479,0.00199200,0.12632020,0.14551599,0.44530454,0.43375379,0.31408244,0.33275807,0.34130293,0.33367279
1076,wss.3a446526f643a8b17cb6063855e6199b,Cabling,0.00583025,0.00007100,0.00095563,0.00005900,0.00639430,0.00566900,0.15191902,0.17218612,0.33853659,0.33430561,0.08656730,0.01700579
1077,wss.ee340b034f01d42514513156cf2b8d0d,TrashBin,0.01462791,0.00081200,0.00375470,0.00437800,0.08865076,0.11761799,0.53258145,0.54500806,0.61510098,0.60794115,0.53157306,0.54500985
1078,wss.1e1b3f22c86a592ae10a48f2bbb9bef4,Printer,0.02995354,0.04019200,0.00142061,0.00241800,0.16338839,0.16385899,0.39439145,0.41291466,0.21754462,0.25462985,0.38400468,0.41291422
1079,wss.6137feee34fb91de84da0a0f266ade28,Computer,0.05445158,0.06357700,0.00406671,0.00466300,0.11547551,0.01170200,0.19286723,0.23853570,0.48922738,0.49922523,0.59277576,0.57542968
1080,wss.792839c9e28f5afe4edf4a0df1fbc500,Monitor,0.03215722,0.03222200,0.00800728,0.00656700,0.10865147,0.13368899,0.63560569,0.63107461,0.61405635,0.64021361,0.35615507,0.41039181
1081,wss.c9510a71ee91f7405252ed78d05eab6b,Chair,0.13172211,0.19107001,0.02546219,0.03041700,0.01001998,0.00840400,0.74732041,0.75732780,0.99795687,0.99886662,0.80365670,0.79948938
1082,wss.b1bce627680b80b6e3f7a74e12a274ef,Fireplace,0.11186380,0.38361403,0.06199957,0.11613899,0.00731504,0.01188000,0.98863339,1.00526047,1.85016084,2.39263105,1.11841655,1.00526035
1083,wss.7446fa250adf49c5e7ef9fff09638f8e,Bottle,0.00720276,0.00187400,0.00071561,0.00030000,0.01240502,0.00991500,0.12603833,0.11107080,0.32075328,0.30616266,0.11318140,0.11107080
1084,wss.d712cc06d3eca23236c647555b2625fa,LightSwitch,0.00309657,0.00004700,0.00080266,0.00001600,0.00717881,0.00028000,0.09512489,0.05583881,0.15623935,0.12806046,0.04772687,0.00897555
1085,wss.df23ff3151aa1f0a3cb2f20e21cb06ff,_StanfordSceneDBModels,0.00188003,0.00082700,0.00074569,0.00031400,0.01355248,0.02768300,0.15681726,0.13091229,0.25025919,0.23604898,0.04133126,0.02689441
1086,wss.423d14787208578580ff80bf789cd,PianoKeyboard,0.02090767,0.02314899,0.01167789,0.00904600,0.01568281,0.02776700,0.82911742,1.03340697,0.61555231,0.63448155,0.54924262,0.30345979
1087,wss.dfa7aa13ee696833593ebeeedbff73b,Chair,0.21702349,0.33001500,0.03480652,0.03385700,0.07369834,0.10249300,0.88490593,0.95980644,0.86635786,0.86503673,0.99421626,0.96587658
1088,wss.86f7ebdf535cee9a9989f623ede600e6,TV,0.04739051,0.05732800,0.01462749,0.01990300,0.23576663,0.17158799,0.95783216,0.94172353,0.51200628,0.49421042,0.34063724,0.29185641
1089,wss.b9f70b9db06f6dea16b358f857bf811f,Chair,0.04029312,0.03394600,0.02058875,0.02172800,0.03515491,0.02823400,0.69713485,0.86735207,0.98251051,1.00499189,1.00853872,0.91700667
1090,wss.8442df5146f188a925ebd1cd0b422e32,TrashBin,0.06754091,0.07912099,0.01027357,0.00914900,0.01296760,0.00492400,0.48289260,0.55224526,0.62903064,0.59485143,0.54913646,0.55224526
1091,wss.89d6e1f7838d1ae21de46be151578565,TV,0.01533104,0.02050400,0.00762428,0.00811000,0.02271341,0.03111100,0.93813974,0.99777538,0.48811972,0.46491280,0.04271055,0.06758900
1092,wss.d2dedc99ce921b9beb70f93641d00839,_StanfordSceneDBModels,0.00464112,0.00444900,0.00174298,0.00058900,0.03982119,0.07274000,0.30879584,0.35168129,0.09761287,0.06247623,0.27837127,0.21941511
1093,wss.8befcc7798ae971bef5d2a19d1cee3f1,Table,0.09726679,0.08659200,0.02110147,0.02854300,0.31114739,0.36447296,0.97802722,1.06126237,0.62441182,0.67741597,1.08496797,1.06126285
1094,wss.69c28b2ccbdba67c10342a4f54da1ae5,Lamp,0.03864517,0.06930199,0.01717739,0.02098400,0.10939448,0.11840600,0.34593812,0.33350039,1.62044609,1.69529355,0.30076820,0.33350039
1095,wss.2c1ecb41c0f0d2cd07c7bf20dae278a,Couch,0.48281574,0.51577401,0.14238709,0.13946199,0.01405752,0.01962900,1.82788169,2.08469033,0.93159610,0.86877954,0.96941519,0.98363042
1096,wss.74b141b5e4f5af166388b3cd824d9a9,Desk,0.03739666,0.02425300,0.02237134,0.01918300,0.11071179,0.13919498,1.24326146,1.10227489,0.56054032,0.49856529,0.80172485,1.10227489
1097,wss.8bd8c34158a3aa04f91663a74ccd2338,Chair,0.03149273,0.03801900,0.01825800,0.01866600,0.01243552,0.00518100,0.70564437,0.77540183,1.11879659,1.17004180,0.78714269,0.79399657
1098,wss.23eb57eaa1bbdd8444608b3255ca1886,_EvalSetInScenes,0.00650760,0.00002100,0.00183500,0.00002100,0.00823759,0.01126000,0.14193225,0.12027825,0.04546512,0.12027825,0.17751667,0.00105317
1099,wss.710a0a005ba7b0cd6a6b5838ef6b356,Chair,0.02339467,0.02291800,0.01663525,0.01625500,0.00518391,0.00310400,0.83642042,0.82742822,1.21606922,1.24144554,0.91630411,1.04278803
1100,wss.36633813dbc213c135836c728d324152,Vase,0.02045332,0.01788200,0.00435930,0.00278400,0.00949889,0.00306200,0.30958158,0.29428133,0.66240251,0.68794727,0.32879892,0.29428133
1101,wss.eed8823f3c060f7d1f933ebd223432ce,FoodItem,0.00859971,0.00025600,0.00220837,0.00004200,0.00795375,0.00247900,0.13731760,0.11430765,0.06812461,0.03966966,0.17930187,0.11179660
1102,wss.fe56059777b240bb833c6c72c4b62a4d,Couch,0.36715570,0.45462602,0.12500396,0.13993098,0.01229501,0.02380700,1.50456285,1.77360010,1.21977627,1.18359625,1.30147719,1.23356318
1103,wss.ade547855a0b32b16aa4c87a320ca9d7,Couch,0.04472351,0.07771300,0.02008272,0.04300000,0.02125769,0.05386800,1.06281400,1.25540161,0.35563031,0.31995538,1.05415726,0.96778488
1104,wss.34d280e8968c180cdf63d1c7e43c783f,Table,0.07581358,0.08560500,0.05717328,0.05988500,0.01589817,0.00350300,1.79508781,1.89408064,0.44225430,0.37798285,1.03247845,0.95810300
1105,wss.471b51bcbbce70c22f81cb887dc35578,Stapler,0.00716648,0.00025600,0.00190916,0.00006600,0.00685116,0.00807600,0.13881439,0.04822574,0.09236556,0.06343244,0.22804993,0.18466979
1106,wss.eda103cda545d90748e8405d6c51a908,Airplane,0.04627706,0.09027399,0.04047887,0.04020800,0.02562485,0.00491100,1.10660839,1.26360607,0.59918630,0.67541313,1.34890532,1.91087866
1107,wss.dfa26e8939042c3cf1c6425b93f63529,WallArt,0.03986835,0.04775499,0.01503579,0.01310500,0.03676703,0.05237300,0.88139236,0.91156888,0.88709307,0.91899872,0.10277338,0.05064262
1108,wss.c45a6447cc8b8c17716c439e724594ce,Lamp,0.03984345,0.01737700,0.01321912,0.02055300,0.00143810,0.00322400,0.33500344,0.27215227,1.48430967,1.71305966,0.29900849,0.29635146
1109,wss.e5c31d3b8bed5d1925c70fb1df3f879b,CellPhone,0.00248664,0.00050900,0.00052979,0.00011600,0.01144646,0.00152900,0.13416161,0.10226018,0.25713965,0.24479029,0.03573116,0.02068179
1110,wss.b319fed4dd2b4495f2a30e777184d6d2,Computer,0.01244858,0.00374500,0.00283634,0.00200400,0.09916174,0.12720798,0.42117265,0.41434085,0.31928298,0.31656024,0.35646510,0.37191257
1111,wss.244d019df47b3d3fa1580e4942a1e932,Desk,0.05038981,0.04315499,0.02989864,0.03970300,0.07684468,0.09330999,1.46069896,1.57155085,0.25860840,0.26851222,0.59436738,0.36975858
1112,wss.e780c768d46d62851080cf4f7a24941e,Computer,0.01470473,0.00211100,0.00322919,0.00176400,0.12096234,0.12970699,0.43026337,0.42480800,0.32088590,0.30811021,0.36917749,0.36717218
1113,wss.2780e6d3eba01ccb6d075d8d4fe1141,Chair,0.05499251,0.03658599,0.02416403,0.02489000,0.01745516,0.00523200,0.57998741,0.48227248,0.66330045,0.64942443,1.44276166,1.39574564
1114,wss.bebd2ba9dbe3e3fd2bfe1c7baa95295,Toilet,0.28373435,0.33837804,0.03518133,0.04338800,0.22440889,0.27137497,0.66929543,0.63022888,1.17930734,1.23864126,1.18867469,1.15468752
1115,wss.6963476f01b4482ae3f7a74e12a274ef,Lamp,0.01952146,0.02265800,0.00482298,0.00260600,0.02705467,0.02996100,0.37904316,0.51810837,0.59634495,0.56439805,0.41641954,0.27609727
1116,wss.ea99fc7937a35d86f1783a44a88d6274,ChestOfDrawers,0.61156303,0.60142398,0.10540789,0.09061700,0.01848377,0.01853300,1.32330394,1.51666987,1.28557217,1.31876051,0.53268182,0.36213580
1117,wss.9c5b246616974299f1783a44a88d6274,Chair,0.04699070,0.06381400,0.01866329,0.02569500,0.01348842,0.01203600,0.82396710,0.85745561,1.03171313,1.08339679,0.81726235,0.83368397
1118,wss.cb3302db1d7441716d07c55cf995503e,Computer,0.06271297,0.07054500,0.00434456,0.00469100,0.13003655,0.13302298,0.24145338,0.24642351,0.51712799,0.53150302,0.54698431,0.54218352
1119,wss.9791d9015b076a273d9408d05322e775,ChestOfDrawers,0.95900297,0.95120096,0.07790614,0.08817700,0.03838689,0.06074300,1.05961740,1.09821999,1.48261940,1.61832762,0.66297501,0.58777976
1120,wss.6f96857e279a38793525b6164e3f382b,Airplane,0.00465354,0.00010800,0.00077778,0.00005700,0.00768999,0.00012500,0.16975790,0.19281985,0.07421093,0.05838418,0.23343034,0.24572577
1121,wss.dc1cf643acd002596d548b8ddff7bfc2,LightSwitch,0.00593229,0.00183199,0.00148845,0.00038000,0.02078941,0.00650500,0.26610166,0.26845828,0.28272948,0.28075993,0.08370447,0.02852671
1122,wss.d1948365bbed9de270bb6bcb670ecdf5,Lamp,0.01382599,0.01581399,0.00318783,0.00477600,0.05715950,0.07103399,0.38105497,0.30537117,0.91298956,0.95955557,0.39775398,0.30537120
1123,wss.4fbc051d0905bb5bdaeb838d0771f3b5,Couch,0.75165856,0.67257005,0.17550950,0.19965698,0.07271189,0.13578999,2.02129292,2.07242537,0.65415382,0.61834681,1.13206720,1.17951357
1124,wss.4e15898f5e84edce4da5feafe6f1c8fc,Cabinet,0.55887359,0.64456105,0.11357022,0.13801400,0.36067864,0.34162596,0.69265389,0.64086521,1.47785413,1.53807628,0.60575461,0.72231066
1125,wss.14726c2482a092d3a9fe1734a6086750,CellPhone,0.00072761,0.00011500,0.00018207,0.00004900,0.00470951,0.00415900,0.08241779,0.05186865,0.24249361,0.25923765,0.04578107,0.03054867
1126,wss.eed2fa156d662c79b26e384cea2f274e,Table,0.05080330,0.05651600,0.01980266,0.01857600,0.02757231,0.02901300,0.85345393,1.07412171,0.61268383,0.63552272,1.09118176,1.07412434
1127,wss.c644689138389daa749ddac355b8e63d,Couch,0.59726804,0.56389201,0.13303319,0.12958398,0.01947343,0.12148199,1.88156319,1.89887702,0.54544437,0.52629954,1.08177280,1.47834945
1128,wss.a069fa41fb01fd06ac88fc1a919bbb85,Table,0.06039558,0.07017700,0.02640387,0.03244200,0.02047107,0.02884000,1.00889611,1.02700257,0.65480030,0.66364717,0.89915282,0.86273926
1129,wss.8fad924f79e60b1692048306732789ec,OutdoorTable,0.04420123,0.06541699,0.02629101,0.03670500,0.01503017,0.01626400,1.05451286,1.12917590,0.56853187,0.64784843,1.11489105,1.16597843
1130,wss.f3ea5b0e6035e56d467c1480246c0abd,Stool,0.03465323,0.02115399,0.00790813,0.01395100,0.17119399,0.18036398,0.56054819,0.48460135,0.96667451,1.01330471,0.55414724,0.60025853
1131,wss.d1fab6f92fb0682763a371f6fe9862af,Table,0.04654143,0.03723899,0.00977337,0.01080400,0.01083180,0.02680700,0.50931096,0.51988745,0.77625865,0.75039321,0.50898385,0.60031462
1132,wss.1d51d45265596b0af2dfc4763a0184f4,Computer,0.06223139,0.05182500,0.00420254,0.00409800,0.28354621,0.30107301,0.56477249,0.55153596,0.20046806,0.16970335,0.49829531,0.55153620
1133,wss.1dc28ae9dcfc3d773487ed70d4534caf,Computer,0.01372213,0.00274199,0.00312351,0.00178700,0.11846117,0.12307999,0.43579310,0.42311329,0.29628655,0.27150097,0.39496148,0.40055579
1134,wss.6a5f32168895eac2b0892e337a99f42d,Chair,0.10332067,0.10253300,0.02356330,0.02269500,0.00931451,0.00404700,0.75211644,0.80391622,1.12477708,1.16330385,0.77150464,0.77645475
1135,wss.3f8f1d7023ae4a1c73ffdca541f4749c,Couch,0.99251699,1.21790195,0.21682641,0.23265998,0.02507975,0.03136100,1.64823413,1.86960065,1.18187070,1.27014148,0.98749709,0.98137957
1136,wss.6713fd67e66aa1c4c3bef1f91a7d19a5,TV,0.03153669,0.03161300,0.00971673,0.01175300,0.10738965,0.11239199,0.78730887,0.83218324,0.65589958,0.68655580,0.27040175,0.22886658
1137,wss.4d79425941879243f7caac4574f766c5,ChestOfDrawers,0.87335092,0.96644497,0.06837267,0.08076099,0.04150709,0.01225900,1.09287155,1.15041506,1.43273854,1.58452559,0.60373533,0.58068573
1138,wss.49aa237148bd02733f7f3ed2c3c690fe,WallArt,0.00728798,0.00465499,0.00828119,0.00465500,0.01576785,0.00439100,0.57712007,0.52708620,1.00406039,1.06022835,0.05848906,0.00191580
