npz_path,obj_path,fullId,shape_id,class_name,category,split,solidVolume,surfaceVolume,supportSurfaceArea,aligned_dim_x,aligned_dim_y,aligned_dim_z
data/shapenetsem_regression/processed/Cabinet/ed71da3a76f022edc84afcc956efcdd6.npz,data/shapenetsem_regression/raw/models-OBJ/models/ed71da3a76f022edc84afcc956efcdd6.obj,wss.ed71da3a76f022edc84afcc956efcdd6,ed71da3a76f022edc84afcc956efcdd6,Cabinet,Cabinet,train,0.361523,0.045675,0.70526,1.6539505,0.62023247,0.42175846
data/shapenetsem_regression/processed/Bed/9725ec5429b19ba05ac28d2931a0cac6.npz,data/shapenetsem_regression/raw/models-OBJ/models/9725ec5429b19ba05ac28d2931a0cac6.obj,wss.9725ec5429b19ba05ac28d2931a0cac6,9725ec5429b19ba05ac28d2931a0cac6,Bed,"Bed,LoftBed",train,1.076845,0.343276,0.03854,2.1547556,1.8046054,1.5891296
data/shapenetsem_regression/processed/Couch/9cddb828b936db93c341afa383659322.npz,data/shapenetsem_regression/raw/models-OBJ/models/9cddb828b936db93c341afa383659322.obj,wss.9cddb828b936db93c341afa383659322,9cddb828b936db93c341afa383659322,Couch,Couch,train,1.280434,0.223229,0.041824,1.9298128,1.1490976000000002,1.0126423
data/shapenetsem_regression/processed/_StanfordSceneDBModels/703b223f0eed433df7386af29f199cb.npz,data/shapenetsem_regression/raw/models-OBJ/models/703b223f0eed433df7386af29f199cb.obj,wss.703b223f0eed433df7386af29f199cb,703b223f0eed433df7386af29f199cb,_StanfordSceneDBModels,"_StanfordSceneDBModels,Washer",train,1.642742,0.115722,1.041338,1.0224156,1.4200217000000002,1.1795953000000001
data/shapenetsem_regression/processed/Refrigerator/4936e33b44153cd9d931a373c2cb01f.npz,data/shapenetsem_regression/raw/models-OBJ/models/4936e33b44153cd9d931a373c2cb01f.obj,wss.4936e33b44153cd9d931a373c2cb01f,4936e33b44153cd9d931a373c2cb01f,Refrigerator,Refrigerator,train,1.904409,0.136157,1.02056,1.1986755,1.8004811,0.9027063
data/shapenetsem_regression/processed/ChestOfDrawers/dd14418f73ae8c04cab00c2a9198853b.npz,data/shapenetsem_regression/raw/models-OBJ/models/dd14418f73ae8c04cab00c2a9198853b.obj,wss.dd14418f73ae8c04cab00c2a9198853b,dd14418f73ae8c04cab00c2a9198853b,ChestOfDrawers,"ChestOfDrawers,Dresser",train,1.380191,0.112855,1.393416,1.3146164,1.04158165,1.1650963
data/shapenetsem_regression/processed/Bed/dabc3d84040ed47eec450dc726c8f43e.npz,data/shapenetsem_regression/raw/models-OBJ/models/dabc3d84040ed47eec450dc726c8f43e.obj,wss.dabc3d84040ed47eec450dc726c8f43e,dabc3d84040ed47eec450dc726c8f43e,Bed,"Bed,QueenBed",train,1.533138,0.360145,0.02398,1.7963054,1.00608284,2.4776626999999998
data/shapenetsem_regression/processed/Oven/6fe99039481ce154c13f6e8e2f6bde6.npz,data/shapenetsem_regression/raw/models-OBJ/models/6fe99039481ce154c13f6e8e2f6bde6.obj,wss.6fe99039481ce154c13f6e8e2f6bde6,6fe99039481ce154c13f6e8e2f6bde6,Oven,Oven,train,1.392166,0.133623,0.117131,1.7795471,1.0973874000000001,0.874944
data/shapenetsem_regression/processed/Bed/5359b4d9702ac4d975aa7f24a9b6003a.npz,data/shapenetsem_regression/raw/models-OBJ/models/5359b4d9702ac4d975aa7f24a9b6003a.obj,wss.5359b4d9702ac4d975aa7f24a9b6003a,5359b4d9702ac4d975aa7f24a9b6003a,Bed,"Bed,QueenBed",train,1.494893,0.238387,0.063912,2.0264334,1.7219012,1.8193726000000001
data/shapenetsem_regression/processed/Cabinet/12c3a4561242a6fe840045f49392aafa.npz,data/shapenetsem_regression/raw/models-OBJ/models/12c3a4561242a6fe840045f49392aafa.obj,wss.12c3a4561242a6fe840045f49392aafa,12c3a4561242a6fe840045f49392aafa,Cabinet,Cabinet,train,0.452364,0.101298,0.469154,1.5673459,0.8309144,0.38940285
data/shapenetsem_regression/processed/ChestOfDrawers/25b2d49ae986cd87b1508bbfb8b56edb.npz,data/shapenetsem_regression/raw/models-OBJ/models/25b2d49ae986cd87b1508bbfb8b56edb.obj,wss.25b2d49ae986cd87b1508bbfb8b56edb,25b2d49ae986cd87b1508bbfb8b56edb,ChestOfDrawers,"ChestOfDrawers,Dresser",train,1.104626,0.111323,0.605834,1.0559650999999999,1.6271559,0.6386376
data/shapenetsem_regression/processed/Bed/94855c7a018d53e3dbfdb9be425ff2e5.npz,data/shapenetsem_regression/raw/models-OBJ/models/94855c7a018d53e3dbfdb9be425ff2e5.obj,wss.94855c7a018d53e3dbfdb9be425ff2e5,94855c7a018d53e3dbfdb9be425ff2e5,Bed,"Bed,LoftBed",train,1.406166,0.374851,0.018477,1.5549472,1.3981638,2.4606226
data/shapenetsem_regression/processed/Truck/4c6d1d4d4f6bb4daafe717997470b28d.npz,data/shapenetsem_regression/raw/models-OBJ/models/4c6d1d4d4f6bb4daafe717997470b28d.obj,wss.4c6d1d4d4f6bb4daafe717997470b28d,4c6d1d4d4f6bb4daafe717997470b28d,Truck,Truck,train,4.477185,1.379605,0.262081,1.8845067,1.6195459,4.71682
data/shapenetsem_regression/processed/Couch/956c5ffbe1ad52976e3c8a33c4ddf2ef.npz,data/shapenetsem_regression/raw/models-OBJ/models/956c5ffbe1ad52976e3c8a33c4ddf2ef.obj,wss.956c5ffbe1ad52976e3c8a33c4ddf2ef,956c5ffbe1ad52976e3c8a33c4ddf2ef,Couch,Couch,train,1.541659,0.141835,1.566301,1.2959158,1.2959158,1.6461623
data/shapenetsem_regression/processed/Refrigerator/51d669647ab947ddec90ee40bdd19ed2.npz,data/shapenetsem_regression/raw/models-OBJ/models/51d669647ab947ddec90ee40bdd19ed2.obj,wss.51d669647ab947ddec90ee40bdd19ed2,51d669647ab947ddec90ee40bdd19ed2,Refrigerator,Refrigerator,train,1.028362,0.091983,0.597377,0.80268745,1.560153,0.8309512
data/shapenetsem_regression/processed/ChestOfDrawers/f56e461f5b1e8c5785a81e0d249341ee.npz,data/shapenetsem_regression/raw/models-OBJ/models/f56e461f5b1e8c5785a81e0d249341ee.obj,wss.f56e461f5b1e8c5785a81e0d249341ee,f56e461f5b1e8c5785a81e0d249341ee,ChestOfDrawers,"ChestOfDrawers,Dresser,_StanfordSceneDBModels",train,1.304166,0.091428,1.453304,1.5964975000000001,0.9046866,0.8980347000000001
data/shapenetsem_regression/processed/Fireplace/ea469a288c684e5df0c50b09a9d0cc65.npz,data/shapenetsem_regression/raw/models-OBJ/models/ea469a288c684e5df0c50b09a9d0cc65.obj,wss.ea469a288c684e5df0c50b09a9d0cc65,ea469a288c684e5df0c50b09a9d0cc65,Fireplace,Fireplace,train,1.709138,0.199226,1.161384,1.6603857,2.0547273,0.8717024999999999
data/shapenetsem_regression/processed/Vanity/eb5b11f0820f73acc5d9967b65588a28.npz,data/shapenetsem_regression/raw/models-OBJ/models/eb5b11f0820f73acc5d9967b65588a28.obj,wss.eb5b11f0820f73acc5d9967b65588a28,eb5b11f0820f73acc5d9967b65588a28,Vanity,Vanity,train,2.351031,0.489918,0.956979,1.9919151,2.8772073000000002,1.1287484
data/shapenetsem_regression/processed/ChestOfDrawers/b89f31ddcd0e5ed13c2e50348f23d3d.npz,data/shapenetsem_regression/raw/models-OBJ/models/b89f31ddcd0e5ed13c2e50348f23d3d.obj,wss.b89f31ddcd0e5ed13c2e50348f23d3d,b89f31ddcd0e5ed13c2e50348f23d3d,ChestOfDrawers,"ChestOfDrawers,Armoire",train,0.951563,0.091275,0.520235,1.1111005,1.7592501999999999,0.51851074
data/shapenetsem_regression/processed/Bed/337d1f0ec60cbee5cf1e0e71566de2b3.npz,data/shapenetsem_regression/raw/models-OBJ/models/337d1f0ec60cbee5cf1e0e71566de2b3.obj,wss.337d1f0ec60cbee5cf1e0e71566de2b3,337d1f0ec60cbee5cf1e0e71566de2b3,Bed,"Bed,LoftBed",train,1.350482,0.359665,0.002398,1.982056,1.8269997,1.7784439
data/shapenetsem_regression/processed/Refrigerator/370d4a1981e03fc6a721d862d52c3337.npz,data/shapenetsem_regression/raw/models-OBJ/models/370d4a1981e03fc6a721d862d52c3337.obj,wss.370d4a1981e03fc6a721d862d52c3337,370d4a1981e03fc6a721d862d52c3337,Refrigerator,Refrigerator,train,0.866305,0.071917,0.546621,0.9356253,1.5834242,0.6214804500000001
data/shapenetsem_regression/processed/Table/b17d02eaeb7dea4ff5257ed6d7deb09f.npz,data/shapenetsem_regression/raw/models-OBJ/models/b17d02eaeb7dea4ff5257ed6d7deb09f.obj,wss.b17d02eaeb7dea4ff5257ed6d7deb09f,b17d02eaeb7dea4ff5257ed6d7deb09f,Table,"Table,CoffeeTable",train,0.079076,0.061134,0.778073,1.2474562,0.51769463,0.6237265
data/shapenetsem_regression/processed/Chair/36d314f3b118caa9bb557fc9202b7772.npz,data/shapenetsem_regression/raw/models-OBJ/models/36d314f3b118caa9bb557fc9202b7772.obj,wss.36d314f3b118caa9bb557fc9202b7772,36d314f3b118caa9bb557fc9202b7772,Chair,Chair,train,0.293965,0.035801,0.619384,0.9191617,0.79008354,1.064588
data/shapenetsem_regression/processed/Desk/a6c192247329a32e6a19b0779ac03754.npz,data/shapenetsem_regression/raw/models-OBJ/models/a6c192247329a32e6a19b0779ac03754.obj,wss.a6c192247329a32e6a19b0779ac03754,a6c192247329a32e6a19b0779ac03754,Desk,Desk,train,0.171106,0.049697,1.061429,1.2771329500000002,0.4803452,0.9037632000000001
data/shapenetsem_regression/processed/Room/room04.npz,data/shapenetsem_regression/raw/models-OBJ/models/room04.obj,wss.room04,room04,Room,Room,train,16.586082,12.431315,8.639936,7.9248,4.953,7.3152
data/shapenetsem_regression/processed/ChestOfDrawers/c35d287217403cf3236641942dd4b3c.npz,data/shapenetsem_regression/raw/models-OBJ/models/c35d287217403cf3236641942dd4b3c.obj,wss.c35d287217403cf3236641942dd4b3c,c35d287217403cf3236641942dd4b3c,ChestOfDrawers,"ChestOfDrawers,Armoire",train,0.262246,0.180721,0.629755,1.6672156000000002,1.2967232000000002,0.37049232000000004
data/shapenetsem_regression/processed/Desk/5d10c947cde5f37f2e7ed79f4f48ff79.npz,data/shapenetsem_regression/raw/models-OBJ/models/5d10c947cde5f37f2e7ed79f4f48ff79.obj,wss.5d10c947cde5f37f2e7ed79f4f48ff79,5d10c947cde5f37f2e7ed79f4f48ff79,Desk,"Desk,_RandomSetStudyModels",train,0.911461,0.296787,0.99797,2.3078067,0.7115747,0.9904341
data/shapenetsem_regression/processed/Bed/5caef73c425faf325c79875cd8347ddf.npz,data/shapenetsem_regression/raw/models-OBJ/models/5caef73c425faf325c79875cd8347ddf.obj,wss.5caef73c425faf325c79875cd8347ddf,5caef73c425faf325c79875cd8347ddf,Bed,"Bed,CanopyBed,PosterBed",train,3.241721,0.412582,0.01303,2.2340478999999998,2.2817258000000002,2.3702704
data/shapenetsem_regression/processed/Couch/656925921cfaf668639c9ca4528de8f2.npz,data/shapenetsem_regression/raw/models-OBJ/models/656925921cfaf668639c9ca4528de8f2.obj,wss.656925921cfaf668639c9ca4528de8f2,656925921cfaf668639c9ca4528de8f2,Couch,Couch,train,0.590556,0.188852,1.719562,2.1351562000000004,0.42851562000000004,1.1510156
data/shapenetsem_regression/processed/Couch/2fca00b377269eebdb039d8689a74349.npz,data/shapenetsem_regression/raw/models-OBJ/models/2fca00b377269eebdb039d8689a74349.obj,wss.2fca00b377269eebdb039d8689a74349,2fca00b377269eebdb039d8689a74349,Couch,Couch,train,1.996401,0.205102,0.028561,1.5451560000000002,1.1371992,1.5451560000000002
data/shapenetsem_regression/processed/ChestOfDrawers/a248de70fda12c5af27383fc5a5a711c.npz,data/shapenetsem_regression/raw/models-OBJ/models/a248de70fda12c5af27383fc5a5a711c.obj,wss.a248de70fda12c5af27383fc5a5a711c,a248de70fda12c5af27383fc5a5a711c,ChestOfDrawers,"ChestOfDrawers,Dresser",train,0.724969,0.098572,0.87018,1.8000653,0.7800283,0.56741745
data/shapenetsem_regression/processed/ChestOfDrawers/7ffe6bb6e47960c621d25a6a55757584.npz,data/shapenetsem_regression/raw/models-OBJ/models/7ffe6bb6e47960c621d25a6a55757584.obj,wss.7ffe6bb6e47960c621d25a6a55757584,7ffe6bb6e47960c621d25a6a55757584,ChestOfDrawers,"ChestOfDrawers,Dresser,_Attributes",train,1.262159,0.102023,0.009835,1.5625078,1.0234767,0.8256045500000001
data/shapenetsem_regression/processed/ChestOfDrawers/b4f3e9f6ee2604c934580ff5342745d5.npz,data/shapenetsem_regression/raw/models-OBJ/models/b4f3e9f6ee2604c934580ff5342745d5.obj,wss.b4f3e9f6ee2604c934580ff5342745d5,b4f3e9f6ee2604c934580ff5342745d5,ChestOfDrawers,"ChestOfDrawers,Dresser,_AttributesTrain",train,0.680652,0.074751,0.780816,1.8328883,0.7637036,0.4773135
data/shapenetsem_regression/processed/Fireplace/1c7b7f43d91e474dabaf316e4a957cb1.npz,data/shapenetsem_regression/raw/models-OBJ/models/1c7b7f43d91e474dabaf316e4a957cb1.obj,wss.1c7b7f43d91e474dabaf316e4a957cb1,1c7b7f43d91e474dabaf316e4a957cb1,Fireplace,Fireplace,train,1.612746,0.225159,1.626128,2.1271758,1.6254163,0.756172
data/shapenetsem_regression/processed/Bed/57ca0a93f07cd504e3f7a74e12a274ef.npz,data/shapenetsem_regression/raw/models-OBJ/models/57ca0a93f07cd504e3f7a74e12a274ef.obj,wss.57ca0a93f07cd504e3f7a74e12a274ef,57ca0a93f07cd504e3f7a74e12a274ef,Bed,"Bed,QueenBed",train,1.25761,0.538334,0.004722,1.7428616,0.9447574000000001,2.5392007000000003
data/shapenetsem_regression/processed/TvStand/8dfed18ee7e3e2757399296c96c9fb89.npz,data/shapenetsem_regression/raw/models-OBJ/models/8dfed18ee7e3e2757399296c96c9fb89.obj,wss.8dfed18ee7e3e2757399296c96c9fb89,8dfed18ee7e3e2757399296c96c9fb89,TvStand,"TvStand,_StanfordSceneDBModels",train,0.117438,0.081784,0.560338,2.0119333,0.8382672,0.59164295
data/shapenetsem_regression/processed/Couch/66f193b8f45cd9525582003645829560.npz,data/shapenetsem_regression/raw/models-OBJ/models/66f193b8f45cd9525582003645829560.obj,wss.66f193b8f45cd9525582003645829560,66f193b8f45cd9525582003645829560,Couch,Couch,train,0.442181,0.119406,0.753463,2.1579230000000003,0.5920408,1.0310284
data/shapenetsem_regression/processed/Oven/902f4ee7655514ba109dc73fee74b150.npz,data/shapenetsem_regression/raw/models-OBJ/models/902f4ee7655514ba109dc73fee74b150.obj,wss.902f4ee7655514ba109dc73fee74b150,902f4ee7655514ba109dc73fee74b150,Oven,Oven,train,1.609032,0.137057,0.172902,1.4136336,1.5000200000000001,0.9424197
data/shapenetsem_regression/processed/ChestOfDrawers/22cbdf59fb7fdae277b4d8470453cb5.npz,data/shapenetsem_regression/raw/models-OBJ/models/22cbdf59fb7fdae277b4d8470453cb5.obj,wss.22cbdf59fb7fdae277b4d8470453cb5,22cbdf59fb7fdae277b4d8470453cb5,ChestOfDrawers,"ChestOfDrawers,Armoire",train,1.076093,0.082981,0.739136,1.4894148000000003,1.4503331,0.52587173
data/shapenetsem_regression/processed/Cabinet/3e2ce58b68081cfad3297386cf31f37f.npz,data/shapenetsem_regression/raw/models-OBJ/models/3e2ce58b68081cfad3297386cf31f37f.obj,wss.3e2ce58b68081cfad3297386cf31f37f,3e2ce58b68081cfad3297386cf31f37f,Cabinet,Cabinet,train,0.54338,0.093635,1.203697,0.9579861,1.4610990000000001,0.49560368
data/shapenetsem_regression/processed/_StanfordSceneDBModels/3fa70dfe100c92752c463e234a10f5ec.npz,data/shapenetsem_regression/raw/models-OBJ/models/3fa70dfe100c92752c463e234a10f5ec.obj,wss.3fa70dfe100c92752c463e234a10f5ec,3fa70dfe100c92752c463e234a10f5ec,_StanfordSceneDBModels,"_StanfordSceneDBModels,Cabinet",train,1.12183,0.121391,1.047643,1.6062303,1.0331415,0.6727670000000001
data/shapenetsem_regression/processed/Piano/a2dcfb6f77a72be8a2b299c40b68f70c.npz,data/shapenetsem_regression/raw/models-OBJ/models/a2dcfb6f77a72be8a2b299c40b68f70c.obj,wss.a2dcfb6f77a72be8a2b299c40b68f70c,a2dcfb6f77a72be8a2b299c40b68f70c,Piano,Piano,train,1.141605,0.136137,0.910899,1.8814586,1.1841992000000001,0.8102024
data/shapenetsem_regression/processed/Window/7cd08de4ee37957e9b750f592cca8f54.npz,data/shapenetsem_regression/raw/models-OBJ/models/7cd08de4ee37957e9b750f592cca8f54.obj,wss.7cd08de4ee37957e9b750f592cca8f54,7cd08de4ee37957e9b750f592cca8f54,Window,Window,train,45.407288,23.056551,3.291187,8.305811,10.1345996,2.3621921
data/shapenetsem_regression/processed/WallArt/b672af6f8a89afd65f846b933923d995.npz,data/shapenetsem_regression/raw/models-OBJ/models/b672af6f8a89afd65f846b933923d995.obj,wss.b672af6f8a89afd65f846b933923d995,b672af6f8a89afd65f846b933923d995,WallArt,"WallArt,Picture",train,0.003529,0.008005,0.907095,0.8068329,1.12956375,0.004841
data/shapenetsem_regression/processed/Fireplace/7d9f29727e55d2b19eeed882992d9dd.npz,data/shapenetsem_regression/raw/models-OBJ/models/7d9f29727e55d2b19eeed882992d9dd.obj,wss.7d9f29727e55d2b19eeed882992d9dd,7d9f29727e55d2b19eeed882992d9dd,Fireplace,Fireplace,train,0.896464,0.183723,1.531772,2.1776953,1.5766351,0.7145051
data/shapenetsem_regression/processed/Booth/1d2f91e94523cfbb4212ff51b27f0221.npz,data/shapenetsem_regression/raw/models-OBJ/models/1d2f91e94523cfbb4212ff51b27f0221.obj,wss.1d2f91e94523cfbb4212ff51b27f0221,1d2f91e94523cfbb4212ff51b27f0221,Booth,Booth,train,4.000349,0.767845,0.067976,2.7619214,1.3952426,2.0960498000000003
data/shapenetsem_regression/processed/ChestOfDrawers/a788cf0c1283d6fcd8c969a2b4bc71da.npz,data/shapenetsem_regression/raw/models-OBJ/models/a788cf0c1283d6fcd8c969a2b4bc71da.obj,wss.a788cf0c1283d6fcd8c969a2b4bc71da,a788cf0c1283d6fcd8c969a2b4bc71da,ChestOfDrawers,"ChestOfDrawers,Dresser",train,0.796503,0.078517,0.882576,1.770685,0.8572363000000001,0.5480691000000001
data/shapenetsem_regression/processed/Couch/9156988a1a8645e727eb00c151c6f711.npz,data/shapenetsem_regression/raw/models-OBJ/models/9156988a1a8645e727eb00c151c6f711.obj,wss.9156988a1a8645e727eb00c151c6f711,9156988a1a8645e727eb00c151c6f711,Couch,Couch,train,0.861036,0.175718,1.019922,2.1061804,0.93393196,0.87202774
data/shapenetsem_regression/processed/MediaStorage/361cc1c69bfd65e0f68a8e4ae5e6c1a0.npz,data/shapenetsem_regression/raw/models-OBJ/models/361cc1c69bfd65e0f68a8e4ae5e6c1a0.obj,wss.361cc1c69bfd65e0f68a8e4ae5e6c1a0,361cc1c69bfd65e0f68a8e4ae5e6c1a0,MediaStorage,"MediaStorage,WallUnit",train,1.342074,0.570317,0.067217,2.3291678,1.1967087,1.5527788000000002
data/shapenetsem_regression/processed/Refrigerator/5c35f06ca955d4f4e8058cf23f6382c1.npz,data/shapenetsem_regression/raw/models-OBJ/models/5c35f06ca955d4f4e8058cf23f6382c1.obj,wss.5c35f06ca955d4f4e8058cf23f6382c1,5c35f06ca955d4f4e8058cf23f6382c1,Refrigerator,"Refrigerator,_Attributes",train,0.801429,0.07109,0.485713,0.8663809000000001,1.6500055,0.54381073
data/shapenetsem_regression/processed/Couch/baa8760ca5fbbc4840b559ef47048b86.npz,data/shapenetsem_regression/raw/models-OBJ/models/baa8760ca5fbbc4840b559ef47048b86.obj,wss.baa8760ca5fbbc4840b559ef47048b86,baa8760ca5fbbc4840b559ef47048b86,Couch,Couch,train,1.294085,0.184897,0.020034,1.9204486,1.0881591000000002,1.0936436999999999
data/shapenetsem_regression/processed/Bed/e91c2df09de0d4b1ed4d676215f46734.npz,data/shapenetsem_regression/raw/models-OBJ/models/e91c2df09de0d4b1ed4d676215f46734.obj,wss.e91c2df09de0d4b1ed4d676215f46734,e91c2df09de0d4b1ed4d676215f46734,Bed,"Bed,_AttributesTrain,QueenBed",train,2.160213,0.636273,0.122493,1.7695996,1.0960149,2.4586473
data/shapenetsem_regression/processed/WallArt/6dc1cc10c1090df9426be911bc51c49.npz,data/shapenetsem_regression/raw/models-OBJ/models/6dc1cc10c1090df9426be911bc51c49.obj,wss.6dc1cc10c1090df9426be911bc51c49,6dc1cc10c1090df9426be911bc51c49,WallArt,"WallArt,Picture",train,0.013387,0.010544,0.935545,1.0998151,0.8459025,0.042075458
data/shapenetsem_regression/processed/ChestOfDrawers/f0fce14f8394ae7c118ddfdb81cc6068.npz,data/shapenetsem_regression/raw/models-OBJ/models/f0fce14f8394ae7c118ddfdb81cc6068.obj,wss.f0fce14f8394ae7c118ddfdb81cc6068,f0fce14f8394ae7c118ddfdb81cc6068,ChestOfDrawers,"ChestOfDrawers,_StanfordSceneDBModels",train,0.480299,0.03688,0.660249,1.0476432,0.790026,0.63116207
data/shapenetsem_regression/processed/Cabinet/b06b351b939e279bc5ff6d1af2135fc9.npz,data/shapenetsem_regression/raw/models-OBJ/models/b06b351b939e279bc5ff6d1af2135fc9.obj,wss.b06b351b939e279bc5ff6d1af2135fc9,b06b351b939e279bc5ff6d1af2135fc9,Cabinet,"Cabinet,CurioCabinet",train,1.507519,0.325716,0.171244,1.6658904,2.0433038,0.55891033
data/shapenetsem_regression/processed/ChestOfDrawers/5d784e37783642a4f3c4a5111f59c5e8.npz,data/shapenetsem_regression/raw/models-OBJ/models/5d784e37783642a4f3c4a5111f59c5e8.obj,wss.5d784e37783642a4f3c4a5111f59c5e8,5d784e37783642a4f3c4a5111f59c5e8,ChestOfDrawers,"ChestOfDrawers,Dresser",train,0.928879,0.083193,0.844099,1.5851389,1.1741794,0.52838013
data/shapenetsem_regression/processed/PianoKeyboard/d753c970fc0894c65b5e1e4d683754d9.npz,data/shapenetsem_regression/raw/models-OBJ/models/d753c970fc0894c65b5e1e4d683754d9.obj,wss.d753c970fc0894c65b5e1e4d683754d9,d753c970fc0894c65b5e1e4d683754d9,PianoKeyboard,PianoKeyboard,train,0.043525,0.015799,0.464496,1.1758761,0.11482656000000001,0.4083059
data/shapenetsem_regression/processed/Bed/59e9b9d7aee400b13df325aac2f73830.npz,data/shapenetsem_regression/raw/models-OBJ/models/59e9b9d7aee400b13df325aac2f73830.obj,wss.59e9b9d7aee400b13df325aac2f73830,59e9b9d7aee400b13df325aac2f73830,Bed,"Bed,SingleBed",train,1.136488,0.220502,2.910778,1.2296844500000002,0.6642669,2.34075
data/shapenetsem_regression/processed/Oven/917676329f834bed201769e59267569b.npz,data/shapenetsem_regression/raw/models-OBJ/models/917676329f834bed201769e59267569b.obj,wss.917676329f834bed201769e59267569b,917676329f834bed201769e59267569b,Oven,Oven,train,1.650876,0.112311,1.186298,1.1123836,1.631496,1.1123836
data/shapenetsem_regression/processed/SpaceShip/6241108a80393fe7f67e48c3abb079ea.npz,data/shapenetsem_regression/raw/models-OBJ/models/6241108a80393fe7f67e48c3abb079ea.obj,wss.6241108a80393fe7f67e48c3abb079ea,6241108a80393fe7f67e48c3abb079ea,SpaceShip,SpaceShip,train,10284.139648,5058.863281,47.563858,47.495967,22.848691,98.69690000000001
data/shapenetsem_regression/processed/MediaStorage/bb285a870031b534287005440c82669a.npz,data/shapenetsem_regression/raw/models-OBJ/models/bb285a870031b534287005440c82669a.obj,wss.bb285a870031b534287005440c82669a,bb285a870031b534287005440c82669a,MediaStorage,"MediaStorage,WallUnit",train,1.144406,0.599996,1.640272,2.5223532,1.5764706000000002,0.6486520400000001
data/shapenetsem_regression/processed/WallArt/8056dddbcffc8cdcd4730b65b6da481a.npz,data/shapenetsem_regression/raw/models-OBJ/models/8056dddbcffc8cdcd4730b65b6da481a.obj,wss.8056dddbcffc8cdcd4730b65b6da481a,8056dddbcffc8cdcd4730b65b6da481a,WallArt,"WallArt,Painting",train,0.082649,0.056175,2.01329,1.7515334999999999,1.1464319600000001,0.033279002
data/shapenetsem_regression/processed/Refrigerator/346ae461fcec80d390c29d8c96b5b82d.npz,data/shapenetsem_regression/raw/models-OBJ/models/346ae461fcec80d390c29d8c96b5b82d.obj,wss.346ae461fcec80d390c29d8c96b5b82d,346ae461fcec80d390c29d8c96b5b82d,Refrigerator,Refrigerator,train,0.860174,0.09186,0.492854,0.8215776,1.5965277,0.73823555
data/shapenetsem_regression/processed/WallArt/9a271298d383d32b7902653a0cadabe8.npz,data/shapenetsem_regression/raw/models-OBJ/models/9a271298d383d32b7902653a0cadabe8.obj,wss.9a271298d383d32b7902653a0cadabe8,9a271298d383d32b7902653a0cadabe8,WallArt,"WallArt,Poster,_StanfordSceneDBModels,_SceneGalleryModels",train,0.022776,0.009558,0.673463,0.8657907,0.7764105000000001,0.033514311000000005
data/shapenetsem_regression/processed/WallArt/320ef7589ebf4858c62ac18334863d36.npz,data/shapenetsem_regression/raw/models-OBJ/models/320ef7589ebf4858c62ac18334863d36.obj,wss.320ef7589ebf4858c62ac18334863d36,320ef7589ebf4858c62ac18334863d36,WallArt,"WallArt,Painting",train,0.019554,0.013668,1.021006,1.1489513,0.8853173,0.072215734
data/shapenetsem_regression/processed/WallArt/22f2c7aa2e81fe10fbceced242a33413.npz,data/shapenetsem_regression/raw/models-OBJ/models/22f2c7aa2e81fe10fbceced242a33413.obj,wss.22f2c7aa2e81fe10fbceced242a33413,22f2c7aa2e81fe10fbceced242a33413,WallArt,"WallArt,Picture",train,0.026507,0.011849,0.931772,1.1031809,0.8411766,0.048264103
data/shapenetsem_regression/processed/Bed/29f66488d7507b0c5a93c9a5a7a08569.npz,data/shapenetsem_regression/raw/models-OBJ/models/29f66488d7507b0c5a93c9a5a7a08569.obj,wss.29f66488d7507b0c5a93c9a5a7a08569,29f66488d7507b0c5a93c9a5a7a08569,Bed,"Bed,_AttributesTrain,DoubleBed",train,2.02796,0.21643,0.006175,1.6736703,1.0983464,2.1443958000000003
data/shapenetsem_regression/processed/ChestOfDrawers/dc883a77e7330d868c679deac078a24a.npz,data/shapenetsem_regression/raw/models-OBJ/models/dc883a77e7330d868c679deac078a24a.obj,wss.dc883a77e7330d868c679deac078a24a,dc883a77e7330d868c679deac078a24a,ChestOfDrawers,"ChestOfDrawers,Dresser",train,1.163535,0.086686,1.035407,1.5813304,1.1162341,0.6511365000000001
data/shapenetsem_regression/processed/Fireplace/b13dff579dd97f6168b24217426b180f.npz,data/shapenetsem_regression/raw/models-OBJ/models/b13dff579dd97f6168b24217426b180f.obj,wss.b13dff579dd97f6168b24217426b180f,b13dff579dd97f6168b24217426b180f,Fireplace,Fireplace,train,1.722355,0.205178,1.137046,2.2066147000000003,1.4944617,0.8013577
data/shapenetsem_regression/processed/Bed/b99f351f095673f67dde3eab9709537b.npz,data/shapenetsem_regression/raw/models-OBJ/models/b99f351f095673f67dde3eab9709537b.obj,wss.b99f351f095673f67dde3eab9709537b,b99f351f095673f67dde3eab9709537b,Bed,"Bed,_AttributesTrain,QueenBed",train,1.94063,0.303953,0.058521,2.2583353,1.176709,1.9730676
data/shapenetsem_regression/processed/Bed/b4736cc1abe8c521e885718e52a574ae.npz,data/shapenetsem_regression/raw/models-OBJ/models/b4736cc1abe8c521e885718e52a574ae.obj,wss.b4736cc1abe8c521e885718e52a574ae,b4736cc1abe8c521e885718e52a574ae,Bed,"Bed,KingBed",train,1.756194,0.45052,0.026186,2.3097339,0.9378935,2.5118358
data/shapenetsem_regression/processed/ChestOfDrawers/7bb11fb52bcba8ab68caf5ada882597a.npz,data/shapenetsem_regression/raw/models-OBJ/models/7bb11fb52bcba8ab68caf5ada882597a.obj,wss.7bb11fb52bcba8ab68caf5ada882597a,7bb11fb52bcba8ab68caf5ada882597a,ChestOfDrawers,"ChestOfDrawers,Dresser,_AttributesTrain",train,1.104206,0.1878,0.655237,1.0673961,1.6221059,0.6324532
data/shapenetsem_regression/processed/Bookcase/1ab8202a944a6ff1de650492e45fb14f.npz,data/shapenetsem_regression/raw/models-OBJ/models/1ab8202a944a6ff1de650492e45fb14f.obj,wss.1ab8202a944a6ff1de650492e45fb14f,1ab8202a944a6ff1de650492e45fb14f,Bookcase,"Bookcase,2Shelves",train,0.113446,0.078749,0.572408,1.290421,1.07535095,0.4391016
data/shapenetsem_regression/processed/Washer/5c9f3048f79110485b5b328c62af5142.npz,data/shapenetsem_regression/raw/models-OBJ/models/5c9f3048f79110485b5b328c62af5142.obj,wss.5c9f3048f79110485b5b328c62af5142,5c9f3048f79110485b5b328c62af5142,Washer,Washer,train,1.503546,0.145349,0.015164,1.1537507,1.634485,0.89992744
data/shapenetsem_regression/processed/Bed/dbd55846b5d8df8be03490202c0c1118.npz,data/shapenetsem_regression/raw/models-OBJ/models/dbd55846b5d8df8be03490202c0c1118.obj,wss.dbd55846b5d8df8be03490202c0c1118,dbd55846b5d8df8be03490202c0c1118,Bed,"Bed,QueenBed",train,1.394849,0.465118,0.233654,1.9252643,0.8803597000000001,2.4287018000000002
data/shapenetsem_regression/processed/Room/room08.npz,data/shapenetsem_regression/raw/models-OBJ/models/room08.obj,wss.room08,room08,Room,Room,train,8.630802,7.803492,2.097009,6.2483997,3.429,6.1722
data/shapenetsem_regression/processed/Bed/34292cd1143461a6bda4e7fc3e4df4d4.npz,data/shapenetsem_regression/raw/models-OBJ/models/34292cd1143461a6bda4e7fc3e4df4d4.obj,wss.34292cd1143461a6bda4e7fc3e4df4d4,34292cd1143461a6bda4e7fc3e4df4d4,Bed,"Bed,LoftBed",train,1.046774,0.325056,0.037973,2.1547531,1.8046057,1.5891306
data/shapenetsem_regression/processed/Bed/d4175a5d2373450698dd974bb058101.npz,data/shapenetsem_regression/raw/models-OBJ/models/d4175a5d2373450698dd974bb058101.obj,wss.d4175a5d2373450698dd974bb058101,d4175a5d2373450698dd974bb058101,Bed,"Bed,SingleBed",train,1.166902,0.306163,0.455318,1.2379982,0.6411409,2.3429218
data/shapenetsem_regression/processed/Room/room09.npz,data/shapenetsem_regression/raw/models-OBJ/models/room09.obj,wss.room09,room09,Room,Room,train,6.923719,6.76156,1.79199,6.2483997,3.429,6.1722
data/shapenetsem_regression/processed/ChestOfDrawers/9edead26059cae09e3f7a74e12a274ef.npz,data/shapenetsem_regression/raw/models-OBJ/models/9edead26059cae09e3f7a74e12a274ef.obj,wss.9edead26059cae09e3f7a74e12a274ef,9edead26059cae09e3f7a74e12a274ef,ChestOfDrawers,"ChestOfDrawers,Armoire",train,0.808987,0.148654,0.505427,0.9967522,1.7999438,0.6042120400000001
data/shapenetsem_regression/processed/Bed/e0bd1850ff5dd7e9485059ffe7a2f9c7.npz,data/shapenetsem_regression/raw/models-OBJ/models/e0bd1850ff5dd7e9485059ffe7a2f9c7.obj,wss.e0bd1850ff5dd7e9485059ffe7a2f9c7,e0bd1850ff5dd7e9485059ffe7a2f9c7,Bed,Bed,train,1.383422,0.305973,3.27519,1.4673657,1.3583356,2.5339789
data/shapenetsem_regression/processed/WallArt/ba3774ae9edf15e941e9f2e88806db63.npz,data/shapenetsem_regression/raw/models-OBJ/models/ba3774ae9edf15e941e9f2e88806db63.obj,wss.ba3774ae9edf15e941e9f2e88806db63,ba3774ae9edf15e941e9f2e88806db63,WallArt,"WallArt,Picture",train,0.025023,0.010774,0.941021,1.0975002999999999,0.8494516000000001,0.028953776000000004
data/shapenetsem_regression/processed/ChestOfDrawers/1aaba7b87e5d53f05b8768d6ebff04cd.npz,data/shapenetsem_regression/raw/models-OBJ/models/1aaba7b87e5d53f05b8768d6ebff04cd.obj,wss.1aaba7b87e5d53f05b8768d6ebff04cd,1aaba7b87e5d53f05b8768d6ebff04cd,ChestOfDrawers,ChestOfDrawers,train,0.826457,0.054136,0.635899,0.8291491999999999,1.1746314,0.8913370500000001
data/shapenetsem_regression/processed/Oven/5bff970bb47e6e53bf37a318b55c6a3c.npz,data/shapenetsem_regression/raw/models-OBJ/models/5bff970bb47e6e53bf37a318b55c6a3c.obj,wss.5bff970bb47e6e53bf37a318b55c6a3c,5bff970bb47e6e53bf37a318b55c6a3c,Oven,Oven,train,1.745193,0.137174,0.060131,1.3871562,1.329358,1.2022021
data/shapenetsem_regression/processed/Dryer/bb4d63e06443e46f545303bd1245f431.npz,data/shapenetsem_regression/raw/models-OBJ/models/bb4d63e06443e46f545303bd1245f431.obj,wss.bb4d63e06443e46f545303bd1245f431,bb4d63e06443e46f545303bd1245f431,Dryer,Dryer,train,0.50909,0.037952,0.460517,0.6858481999999999,0.9652,0.81149185
data/shapenetsem_regression/processed/PottedPlant/4f01add59ed0005366f19f26ac490096.npz,data/shapenetsem_regression/raw/models-OBJ/models/4f01add59ed0005366f19f26ac490096.obj,wss.4f01add59ed0005366f19f26ac490096,4f01add59ed0005366f19f26ac490096,PottedPlant,PottedPlant,train,0.578711,0.143409,1.409595,2.0574063000000002,0.5420804,0.7119349
data/shapenetsem_regression/processed/Cabinet/187f9c840611133b7fa41e06a7f4a88.npz,data/shapenetsem_regression/raw/models-OBJ/models/187f9c840611133b7fa41e06a7f4a88.obj,wss.187f9c840611133b7fa41e06a7f4a88,187f9c840611133b7fa41e06a7f4a88,Cabinet,Cabinet,train,0.851,0.061835,0.599166,0.8766592400000001,1.418464,0.7194081
data/shapenetsem_regression/processed/Bed/f5f8fe12a1afe7bc98d5fc0473d00a1c.npz,data/shapenetsem_regression/raw/models-OBJ/models/f5f8fe12a1afe7bc98d5fc0473d00a1c.obj,wss.f5f8fe12a1afe7bc98d5fc0473d00a1c,f5f8fe12a1afe7bc98d5fc0473d00a1c,Bed,"Bed,PosterBed",train,2.439984,0.573982,0.411286,2.4206573000000002,2.2607579,2.202893
data/shapenetsem_regression/processed/Sink/a2335fd4f7908369e8f13eeff0ac9066.npz,data/shapenetsem_regression/raw/models-OBJ/models/a2335fd4f7908369e8f13eeff0ac9066.obj,wss.a2335fd4f7908369e8f13eeff0ac9066,a2335fd4f7908369e8f13eeff0ac9066,Sink,Sink,train,1.389889,0.13097,1.090747,1.2957193,1.7100777,0.8708933000000001
data/shapenetsem_regression/processed/Violin/f875f7a33f4c06197d015af8929f0e88.npz,data/shapenetsem_regression/raw/models-OBJ/models/f875f7a33f4c06197d015af8929f0e88.obj,wss.f875f7a33f4c06197d015af8929f0e88,f875f7a33f4c06197d015af8929f0e88,Violin,Violin,train,21.246469,8.11995,21.288942,3.4008008000000003,12.793677,1.6266211000000002
data/shapenetsem_regression/processed/Bed/a1a36a3b844707846346116b45d830d0.npz,data/shapenetsem_regression/raw/models-OBJ/models/a1a36a3b844707846346116b45d830d0.obj,wss.a1a36a3b844707846346116b45d830d0,a1a36a3b844707846346116b45d830d0,Bed,"Bed,QueenBed",train,1.703836,0.334892,4.283028,1.8942177000000002,0.6409556000000001,2.5256276
data/shapenetsem_regression/processed/Refrigerator/3a183e5df9df3cf8241e46a406e96e16.npz,data/shapenetsem_regression/raw/models-OBJ/models/3a183e5df9df3cf8241e46a406e96e16.obj,wss.3a183e5df9df3cf8241e46a406e96e16,3a183e5df9df3cf8241e46a406e96e16,Refrigerator,"Refrigerator,_EvalSetNoScenesNoPrior",train,1.273021,0.118108,0.686597,0.9570903,1.8650514000000002,0.7614064
data/shapenetsem_regression/processed/PottedPlant/8d0d51aca855152f8c5f8653702e8d09.npz,data/shapenetsem_regression/raw/models-OBJ/models/8d0d51aca855152f8c5f8653702e8d09.obj,wss.8d0d51aca855152f8c5f8653702e8d09,8d0d51aca855152f8c5f8653702e8d09,PottedPlant,PottedPlant,train,0.305176,0.049789,0.545379,0.9088176,1.3210645,0.90910995
data/shapenetsem_regression/processed/ChestOfDrawers/e9e3f04bce3933a2c62986712894256b.npz,data/shapenetsem_regression/raw/models-OBJ/models/e9e3f04bce3933a2c62986712894256b.obj,wss.e9e3f04bce3933a2c62986712894256b,e9e3f04bce3933a2c62986712894256b,ChestOfDrawers,"ChestOfDrawers,Dresser",train,0.824637,0.075716,0.574663,1.1234192,1.626494,0.51283966
data/shapenetsem_regression/processed/Couch/a84ff0a6802b0661f345fb470303964a.npz,data/shapenetsem_regression/raw/models-OBJ/models/a84ff0a6802b0661f345fb470303964a.obj,wss.a84ff0a6802b0661f345fb470303964a,a84ff0a6802b0661f345fb470303964a,Couch,Couch,train,0.500003,0.150198,1.304668,1.8204555,0.56773376,1.559487
data/shapenetsem_regression/processed/Bed/e41ee5a5f2cbfd79f147e6443e4a3313.npz,data/shapenetsem_regression/raw/models-OBJ/models/e41ee5a5f2cbfd79f147e6443e4a3313.obj,wss.e41ee5a5f2cbfd79f147e6443e4a3313,e41ee5a5f2cbfd79f147e6443e4a3313,Bed,"Bed,_AttributesTrain,QueenBed",train,1.538579,0.360143,0.02398,1.7963033,1.0060817,2.4776599
data/shapenetsem_regression/processed/Bed/1a8d161d93764a8996cba1a88ab59678.npz,data/shapenetsem_regression/raw/models-OBJ/models/1a8d161d93764a8996cba1a88ab59678.obj,wss.1a8d161d93764a8996cba1a88ab59678,1a8d161d93764a8996cba1a88ab59678,Bed,"Bed,KingBed",train,2.279742,0.332199,0.032075,2.281026,1.6365256,2.1546535
data/shapenetsem_regression/processed/Table/828d1b43814fc98c93b89bfd41acaad0.npz,data/shapenetsem_regression/raw/models-OBJ/models/828d1b43814fc98c93b89bfd41acaad0.obj,wss.828d1b43814fc98c93b89bfd41acaad0,828d1b43814fc98c93b89bfd41acaad0,Table,"Table,AccentTable,RoundTable",train,0.736728,0.03616,0.796072,1.05447716,0.93513626,1.0544771
data/shapenetsem_regression/processed/Oven/78f52f765a71f1c289b54dca7e0e5156.npz,data/shapenetsem_regression/raw/models-OBJ/models/78f52f765a71f1c289b54dca7e0e5156.obj,wss.78f52f765a71f1c289b54dca7e0e5156,78f52f765a71f1c289b54dca7e0e5156,Oven,"Oven,_PilotStudyModels",train,0.762899,0.067796,0.998894,1.1034944,0.9801118,0.9026560000000001
data/shapenetsem_regression/processed/Bed/51223b1b770ff5e72f38f5bd71072746.npz,data/shapenetsem_regression/raw/models-OBJ/models/51223b1b770ff5e72f38f5bd71072746.obj,wss.51223b1b770ff5e72f38f5bd71072746,51223b1b770ff5e72f38f5bd71072746,Bed,"Bed,LoftBed",train,0.840642,0.306343,0.064165,2.5089938000000003,1.6599875,1.1722824
data/shapenetsem_regression/processed/Couch/a17f6d35f289433b5112295517941cf7.npz,data/shapenetsem_regression/raw/models-OBJ/models/a17f6d35f289433b5112295517941cf7.obj,wss.a17f6d35f289433b5112295517941cf7,a17f6d35f289433b5112295517941cf7,Couch,Couch,train,0.839108,0.173843,1.761568,2.1906757,0.7966089,0.79660614
data/shapenetsem_regression/processed/MediaStorage/99aeeb194e311ca2e18cb30f79057c27.npz,data/shapenetsem_regression/raw/models-OBJ/models/99aeeb194e311ca2e18cb30f79057c27.obj,wss.99aeeb194e311ca2e18cb30f79057c27,99aeeb194e311ca2e18cb30f79057c27,MediaStorage,"MediaStorage,WallUnit",train,1.266316,0.509929,0.284088,2.4181308,1.7238129000000002,0.6703717
data/shapenetsem_regression/processed/Table/c6e30f76334e5872822a33e080d0e71c.npz,data/shapenetsem_regression/raw/models-OBJ/models/c6e30f76334e5872822a33e080d0e71c.obj,wss.c6e30f76334e5872822a33e080d0e71c,c6e30f76334e5872822a33e080d0e71c,Table,"Table,AccentTable,RoundTable",train,0.592276,0.037654,0.564776,0.9355926,0.9801436,0.9355916000000001
data/shapenetsem_regression/processed/Refrigerator/ef388bb1346cfd61503a2b265212b08.npz,data/shapenetsem_regression/raw/models-OBJ/models/ef388bb1346cfd61503a2b265212b08.obj,wss.ef388bb1346cfd61503a2b265212b08,ef388bb1346cfd61503a2b265212b08,Refrigerator,Refrigerator,train,0.785694,0.072373,0.472012,0.69994354,1.6545392,0.7358316
data/shapenetsem_regression/processed/ChestOfDrawers/cfa75172f421c6715264cf6e905d8353.npz,data/shapenetsem_regression/raw/models-OBJ/models/cfa75172f421c6715264cf6e905d8353.obj,wss.cfa75172f421c6715264cf6e905d8353,cfa75172f421c6715264cf6e905d8353,ChestOfDrawers,"ChestOfDrawers,Dresser,_StanfordSceneDBModels",train,1.226597,0.094684,1.22551,1.658922,0.9611633,0.7964205
data/shapenetsem_regression/processed/ChestOfDrawers/b85c244cb81858c743638dabe1eb5336.npz,data/shapenetsem_regression/raw/models-OBJ/models/b85c244cb81858c743638dabe1eb5336.obj,wss.b85c244cb81858c743638dabe1eb5336,b85c244cb81858c743638dabe1eb5336,ChestOfDrawers,ChestOfDrawers,train,0.63059,0.175715,0.696362,1.1808584,0.86404274,0.8489635
data/shapenetsem_regression/processed/Piano/993bc92e7d12629f641a4c155e02ea5e.npz,data/shapenetsem_regression/raw/models-OBJ/models/993bc92e7d12629f641a4c155e02ea5e.obj,wss.993bc92e7d12629f641a4c155e02ea5e,993bc92e7d12629f641a4c155e02ea5e,Piano,Piano,train,0.786965,0.115834,0.875892,1.9415271000000003,0.8727971999999999,1.033125
data/shapenetsem_regression/processed/Table/5e56b6ec9af7236c2d1c73495e51ab45.npz,data/shapenetsem_regression/raw/models-OBJ/models/5e56b6ec9af7236c2d1c73495e51ab45.obj,wss.5e56b6ec9af7236c2d1c73495e51ab45,5e56b6ec9af7236c2d1c73495e51ab45,Table,"Table,DiningTable",train,0.105896,0.074179,1.598054,1.9112021,0.56211826,0.8244401000000001
data/shapenetsem_regression/processed/ChestOfDrawers/420e166451392664f45db6a75d78cb47.npz,data/shapenetsem_regression/raw/models-OBJ/models/420e166451392664f45db6a75d78cb47.obj,wss.420e166451392664f45db6a75d78cb47,420e166451392664f45db6a75d78cb47,ChestOfDrawers,"ChestOfDrawers,Dresser,_AttributesTrain",train,1.187727,0.085417,0.879359,1.1444751,1.3038367,1.07737854
data/shapenetsem_regression/processed/Bed/5bbcf08fabf2d50336b41ce3eef1f5be.npz,data/shapenetsem_regression/raw/models-OBJ/models/5bbcf08fabf2d50336b41ce3eef1f5be.obj,wss.5bbcf08fabf2d50336b41ce3eef1f5be,5bbcf08fabf2d50336b41ce3eef1f5be,Bed,"Bed,DoubleBed",train,2.060431,0.573736,0.006447,1.6005547000000002,1.3487823,2.055483
data/shapenetsem_regression/processed/Tank/971582976064edab2c4683dd00deec1.npz,data/shapenetsem_regression/raw/models-OBJ/models/971582976064edab2c4683dd00deec1.obj,wss.971582976064edab2c4683dd00deec1,971582976064edab2c4683dd00deec1,Tank,Tank,train,1.849307,0.436922,0.172239,1.7350290000000002,1.33142,2.924276
data/shapenetsem_regression/processed/Oven/3a78c8e5c361ff554a44340bf227e40.npz,data/shapenetsem_regression/raw/models-OBJ/models/3a78c8e5c361ff554a44340bf227e40.obj,wss.3a78c8e5c361ff554a44340bf227e40,3a78c8e5c361ff554a44340bf227e40,Oven,Oven,train,1.579179,0.199,0.042911,1.072173,1.7009474,1.0458477000000002
data/shapenetsem_regression/processed/Chair/e6c7e75046f8946b27bf2eac25b523a6.npz,data/shapenetsem_regression/raw/models-OBJ/models/e6c7e75046f8946b27bf2eac25b523a6.obj,wss.e6c7e75046f8946b27bf2eac25b523a6,e6c7e75046f8946b27bf2eac25b523a6,Chair,"Chair,_AttributesTrain",train,0.475713,0.052431,0.767485,1.02820786,0.8512662000000001,0.90611496
data/shapenetsem_regression/processed/ChestOfDrawers/de0fad3652fed03b60a7014d13663f.npz,data/shapenetsem_regression/raw/models-OBJ/models/de0fad3652fed03b60a7014d13663f.obj,wss.de0fad3652fed03b60a7014d13663f,de0fad3652fed03b60a7014d13663f,ChestOfDrawers,"ChestOfDrawers,Dresser",train,1.27213,0.119439,1.073503,1.4652664,1.1722139,0.8058945
data/shapenetsem_regression/processed/ChestOfDrawers/d917ca3f60dce05aaf31a22c7bed177d.npz,data/shapenetsem_regression/raw/models-OBJ/models/d917ca3f60dce05aaf31a22c7bed177d.obj,wss.d917ca3f60dce05aaf31a22c7bed177d,d917ca3f60dce05aaf31a22c7bed177d,ChestOfDrawers,"ChestOfDrawers,Armoire",train,0.804272,0.214182,0.5073,0.8834128,1.8695479000000002,0.5680957
data/shapenetsem_regression/processed/Sink/335dd90e9372933aeecf8839deaf1284.npz,data/shapenetsem_regression/raw/models-OBJ/models/335dd90e9372933aeecf8839deaf1284.obj,wss.335dd90e9372933aeecf8839deaf1284,335dd90e9372933aeecf8839deaf1284,Sink,Sink,train,0.050815,0.050369,1.072967,2.0732013,0.49517764999999997,0.9038208000000001
data/shapenetsem_regression/processed/ChestOfDrawers/5e8fce0c521c4f9ef1783a44a88d6274.npz,data/shapenetsem_regression/raw/models-OBJ/models/5e8fce0c521c4f9ef1783a44a88d6274.obj,wss.5e8fce0c521c4f9ef1783a44a88d6274,5e8fce0c521c4f9ef1783a44a88d6274,ChestOfDrawers,"ChestOfDrawers,Dresser",train,1.223796,0.095558,1.03757,1.4294103999999999,1.25924255,0.7359762000000001
data/shapenetsem_regression/processed/Bed/b923fd9c1ec49f935a7effaae4788573.npz,data/shapenetsem_regression/raw/models-OBJ/models/b923fd9c1ec49f935a7effaae4788573.obj,wss.b923fd9c1ec49f935a7effaae4788573,b923fd9c1ec49f935a7effaae4788573,Bed,"Bed,QueenBed",train,1.37045,0.422315,0.008136,1.9914250000000002,1.2145639,2.2219537
data/shapenetsem_regression/processed/Bed/1cc6b837baf41139fa6e1fd63f4a1c35.npz,data/shapenetsem_regression/raw/models-OBJ/models/1cc6b837baf41139fa6e1fd63f4a1c35.obj,wss.1cc6b837baf41139fa6e1fd63f4a1c35,1cc6b837baf41139fa6e1fd63f4a1c35,Bed,"Bed,QueenBed",train,2.005233,0.271464,3.910808,2.1761496,0.819988,2.2302397
data/shapenetsem_regression/processed/SpaceShip/761acea752546ee92e6b803d08c94bc8.npz,data/shapenetsem_regression/raw/models-OBJ/models/761acea752546ee92e6b803d08c94bc8.obj,wss.761acea752546ee92e6b803d08c94bc8,761acea752546ee92e6b803d08c94bc8,SpaceShip,SpaceShip,train,4463.665527,1094.67981,53.729954,20.154926,17.292645,61.204624
data/shapenetsem_regression/processed/Couch/48205c79d48ca2049f433921788191f3.npz,data/shapenetsem_regression/raw/models-OBJ/models/48205c79d48ca2049f433921788191f3.obj,wss.48205c79d48ca2049f433921788191f3,48205c79d48ca2049f433921788191f3,Couch,Couch,train,0.245144,0.077485,1.008577,2.1697562,0.4282905,1.08488174
data/shapenetsem_regression/processed/MediaStorage/f729d88f6d037e0a1bb8470720a752bf.npz,data/shapenetsem_regression/raw/models-OBJ/models/f729d88f6d037e0a1bb8470720a752bf.obj,wss.f729d88f6d037e0a1bb8470720a752bf,f729d88f6d037e0a1bb8470720a752bf,MediaStorage,"MediaStorage,WallUnit,TvStand",train,1.248399,0.52067,1.574697,2.679288,1.2662388,0.6973488600000001
data/shapenetsem_regression/processed/Bed/7778506f7d1fc4a6db93252e6cb8fe64.npz,data/shapenetsem_regression/raw/models-OBJ/models/7778506f7d1fc4a6db93252e6cb8fe64.obj,wss.7778506f7d1fc4a6db93252e6cb8fe64,7778506f7d1fc4a6db93252e6cb8fe64,Bed,"Bed,QueenBed",train,1.538559,0.360144,0.02398,1.7963007,1.0060822,2.4776611
data/shapenetsem_regression/processed/Truck/4e371e30a2ede35181d859baad7df728.npz,data/shapenetsem_regression/raw/models-OBJ/models/4e371e30a2ede35181d859baad7df728.obj,wss.4e371e30a2ede35181d859baad7df728,4e371e30a2ede35181d859baad7df728,Truck,Truck,train,3.250515,0.913182,0.234807,1.9719759,1.5283919000000001,3.9385803
data/shapenetsem_regression/processed/TV/ef429c963bd302e12e31522a5fff34b0.npz,data/shapenetsem_regression/raw/models-OBJ/models/ef429c963bd302e12e31522a5fff34b0.obj,wss.ef429c963bd302e12e31522a5fff34b0,ef429c963bd302e12e31522a5fff34b0,TV,TV,train,0.037124,0.009121,0.582281,0.8904453,0.6472361999999999,0.066783395
data/shapenetsem_regression/processed/Bed/8f5860b21585bfe86579b7572b7b21ae.npz,data/shapenetsem_regression/raw/models-OBJ/models/8f5860b21585bfe86579b7572b7b21ae.obj,wss.8f5860b21585bfe86579b7572b7b21ae,8f5860b21585bfe86579b7572b7b21ae,Bed,"Bed,QueenBed",train,1.820047,0.284544,0.264771,2.0924707000000002,1.0826725000000001,2.2040411
data/shapenetsem_regression/processed/ChestOfDrawers/328334ba77474aabb91b871e750ca615.npz,data/shapenetsem_regression/raw/models-OBJ/models/328334ba77474aabb91b871e750ca615.obj,wss.328334ba77474aabb91b871e750ca615,328334ba77474aabb91b871e750ca615,ChestOfDrawers,"ChestOfDrawers,Dresser,_RandomSetStudyModels,_AttributesTrain",train,1.379991,0.14476,1.237031,1.6502716000000002,1.0930281,0.8162104
data/shapenetsem_regression/processed/MediaStorage/2e7039f2a6d0ba43c2612d3d042201a0.npz,data/shapenetsem_regression/raw/models-OBJ/models/2e7039f2a6d0ba43c2612d3d042201a0.obj,wss.2e7039f2a6d0ba43c2612d3d042201a0,2e7039f2a6d0ba43c2612d3d042201a0,MediaStorage,"MediaStorage,WallUnit",train,2.291813,0.34078,1.064634,2.2636813,1.8392412,0.8724606
data/shapenetsem_regression/processed/MediaStorage/47cb4740e2e0cb8d11bf24e88933ed8f.npz,data/shapenetsem_regression/raw/models-OBJ/models/47cb4740e2e0cb8d11bf24e88933ed8f.obj,wss.47cb4740e2e0cb8d11bf24e88933ed8f,47cb4740e2e0cb8d11bf24e88933ed8f,MediaStorage,"MediaStorage,WallUnit,TvStand",train,1.05185,0.526953,0.048093,2.3895316,1.2634305000000001,1.4007599
data/shapenetsem_regression/processed/ArcadeMachine/c6e2eef8bba17061e587374bb9e30b3.npz,data/shapenetsem_regression/raw/models-OBJ/models/c6e2eef8bba17061e587374bb9e30b3.obj,wss.c6e2eef8bba17061e587374bb9e30b3,c6e2eef8bba17061e587374bb9e30b3,ArcadeMachine,ArcadeMachine,train,0.793445,0.149616,0.536388,0.83470535,1.5304062999999999,1.6316484
data/shapenetsem_regression/processed/Whiteboard/871dcd6740ed8d2891a7ac029a825f73.npz,data/shapenetsem_regression/raw/models-OBJ/models/871dcd6740ed8d2891a7ac029a825f73.obj,wss.871dcd6740ed8d2891a7ac029a825f73,871dcd6740ed8d2891a7ac029a825f73,Whiteboard,"Whiteboard,_OIMwhitelist",train,0.559508,0.290183,0.617772,2.6802084,1.992165,0.4764499
data/shapenetsem_regression/processed/Fireplace/475c53f4ca18cfcb6868df9ac74c844c.npz,data/shapenetsem_regression/raw/models-OBJ/models/475c53f4ca18cfcb6868df9ac74c844c.obj,wss.475c53f4ca18cfcb6868df9ac74c844c,475c53f4ca18cfcb6868df9ac74c844c,Fireplace,Fireplace,train,2.268143,0.2438,1.807538,2.1551602,1.4384677,1.0123001
data/shapenetsem_regression/processed/Couch/cdb7efad9942e4f9695ff9c22a7938c6.npz,data/shapenetsem_regression/raw/models-OBJ/models/cdb7efad9942e4f9695ff9c22a7938c6.obj,wss.cdb7efad9942e4f9695ff9c22a7938c6,cdb7efad9942e4f9695ff9c22a7938c6,Couch,Couch,train,1.057753,0.17314,2.159818,1.6562386,0.7629295,1.6562386
data/shapenetsem_regression/processed/Table/1df28e8bc4ececc398d5fc0473d00a1c.npz,data/shapenetsem_regression/raw/models-OBJ/models/1df28e8bc4ececc398d5fc0473d00a1c.obj,wss.1df28e8bc4ececc398d5fc0473d00a1c,1df28e8bc4ececc398d5fc0473d00a1c,Table,"Table,CoffeeTable",train,0.135695,0.031827,0.649863,1.2802594,0.40541462000000006,0.6401309000000001
data/shapenetsem_regression/processed/Bed/55c34ff622e87671d1a63a2e2039ff73.npz,data/shapenetsem_regression/raw/models-OBJ/models/55c34ff622e87671d1a63a2e2039ff73.obj,wss.55c34ff622e87671d1a63a2e2039ff73,55c34ff622e87671d1a63a2e2039ff73,Bed,"Bed,PosterBed",train,1.491479,0.415028,0.237212,2.1938725,2.0031263999999998,2.6438763
data/shapenetsem_regression/processed/Bed/4c4bea9ed3315cfe11fc2b865c2a185b.npz,data/shapenetsem_regression/raw/models-OBJ/models/4c4bea9ed3315cfe11fc2b865c2a185b.obj,wss.4c4bea9ed3315cfe11fc2b865c2a185b,4c4bea9ed3315cfe11fc2b865c2a185b,Bed,"Bed,_AttributesTrain,QueenBed",train,1.491583,0.441404,0.010168,1.8258475,0.7990285,2.5313084
data/shapenetsem_regression/processed/Couch/a7d4e0cce80267ac83f4566cf0664c43.npz,data/shapenetsem_regression/raw/models-OBJ/models/a7d4e0cce80267ac83f4566cf0664c43.obj,wss.a7d4e0cce80267ac83f4566cf0664c43,a7d4e0cce80267ac83f4566cf0664c43,Couch,"Couch,Sectional",train,0.136723,0.042718,0.701056,1.2443513,0.30302425,0.9872717000000001
data/shapenetsem_regression/processed/Dryer/1b3bca6f901a88b143c8f1cd479ffb1e.npz,data/shapenetsem_regression/raw/models-OBJ/models/1b3bca6f901a88b143c8f1cd479ffb1e.obj,wss.1b3bca6f901a88b143c8f1cd479ffb1e,1b3bca6f901a88b143c8f1cd479ffb1e,Dryer,Dryer,train,1169.496704,68.284271,88.091705,9.1551245,13.205079000000001,9.768675
data/shapenetsem_regression/processed/Bookcase/482f328d1a777c4bd810b14a81e12eca.npz,data/shapenetsem_regression/raw/models-OBJ/models/482f328d1a777c4bd810b14a81e12eca.obj,wss.482f328d1a777c4bd810b14a81e12eca,482f328d1a777c4bd810b14a81e12eca,Bookcase,"Bookcase,5Shelves",train,0.081268,0.072609,0.519007,1.01158516,1.1643767,0.50579258
data/shapenetsem_regression/processed/MediaStorage/79850ee3f51fa260d2383324d48cb302.npz,data/shapenetsem_regression/raw/models-OBJ/models/79850ee3f51fa260d2383324d48cb302.obj,wss.79850ee3f51fa260d2383324d48cb302,79850ee3f51fa260d2383324d48cb302,MediaStorage,"MediaStorage,WallUnit",train,2.56191,0.425965,2.183162,2.194997,1.8687135000000001,0.9788499500000001
data/shapenetsem_regression/processed/Table/c527f1e7ae2c7b8a4f7482420c2e91df.npz,data/shapenetsem_regression/raw/models-OBJ/models/c527f1e7ae2c7b8a4f7482420c2e91df.obj,wss.c527f1e7ae2c7b8a4f7482420c2e91df,c527f1e7ae2c7b8a4f7482420c2e91df,Table,"Table,AccentTable,RoundTable",train,0.131933,0.024787,0.460146,0.9339661,0.9832546000000001,0.9339661
data/shapenetsem_regression/processed/MediaStorage/1a62b83f912f6edb2d6a698a89d341f2.npz,data/shapenetsem_regression/raw/models-OBJ/models/1a62b83f912f6edb2d6a698a89d341f2.obj,wss.1a62b83f912f6edb2d6a698a89d341f2,1a62b83f912f6edb2d6a698a89d341f2,MediaStorage,"MediaStorage,WallUnit",train,1.365693,0.433556,0.024958,2.7518203999999997,0.9977360500000001,0.8368115
data/shapenetsem_regression/processed/Cabinet/5d757dab9d5b949f35836c728d324152.npz,data/shapenetsem_regression/raw/models-OBJ/models/5d757dab9d5b949f35836c728d324152.obj,wss.5d757dab9d5b949f35836c728d324152,5d757dab9d5b949f35836c728d324152,Cabinet,"Cabinet,Sideboard",train,0.373446,0.045433,0.576726,1.5959082000000002,0.6715432,0.3657943
data/shapenetsem_regression/processed/Refrigerator/cb77d8bee4e71ff2be3ff4383816107.npz,data/shapenetsem_regression/raw/models-OBJ/models/cb77d8bee4e71ff2be3ff4383816107.obj,wss.cb77d8bee4e71ff2be3ff4383816107,cb77d8bee4e71ff2be3ff4383816107,Refrigerator,Refrigerator,train,1.207705,0.082112,0.839795,0.8897302,1.4384206000000002,0.9529896999999999
data/shapenetsem_regression/processed/WallArt/ea1eec6774c299628542f96306060db4.npz,data/shapenetsem_regression/raw/models-OBJ/models/ea1eec6774c299628542f96306060db4.obj,wss.ea1eec6774c299628542f96306060db4,ea1eec6774c299628542f96306060db4,WallArt,"WallArt,Picture",train,0.024319,0.01657,0.911389,0.7937379,1.1385066000000001,0.026411543000000003
data/shapenetsem_regression/processed/SpaceShip/b000234d1f6f402e8cb981ad56902f1.npz,data/shapenetsem_regression/raw/models-OBJ/models/b000234d1f6f402e8cb981ad56902f1.obj,wss.b000234d1f6f402e8cb981ad56902f1,b000234d1f6f402e8cb981ad56902f1,SpaceShip,SpaceShip,train,3.582325,1.623659,0.301903,3.174248,1.5475966,6.831101
data/shapenetsem_regression/processed/Washer/2d17f0548116c3d143c8f1cd479ffb1e.npz,data/shapenetsem_regression/raw/models-OBJ/models/2d17f0548116c3d143c8f1cd479ffb1e.obj,wss.2d17f0548116c3d143c8f1cd479ffb1e,2d17f0548116c3d143c8f1cd479ffb1e,Washer,Washer,train,1.96815,0.126158,1.384047,1.12239555,1.4217009999999999,1.237558
data/shapenetsem_regression/processed/Rug/2605b0c6f426a401cd59b858322161b3.npz,data/shapenetsem_regression/raw/models-OBJ/models/2605b0c6f426a401cd59b858322161b3.obj,wss.2605b0c6f426a401cd59b858322161b3,2605b0c6f426a401cd59b858322161b3,Rug,Rug,train,0.066909,0.066909,3.736015,2.2923901,0.0024387005,1.6339287999999998
data/shapenetsem_regression/processed/Bed/215f72973cfa2c9a42c2142b4fb342c8.npz,data/shapenetsem_regression/raw/models-OBJ/models/215f72973cfa2c9a42c2142b4fb342c8.obj,wss.215f72973cfa2c9a42c2142b4fb342c8,215f72973cfa2c9a42c2142b4fb342c8,Bed,"Bed,_StanfordSceneDBModels,_AttributesTrain,QueenBed,_OIMwhitelist",train,2.548647,0.649758,0.028777,2.1419946,1.2951212,2.6727686
data/shapenetsem_regression/processed/Piano/ce4945cde785aecb478fa0ab37c461c6.npz,data/shapenetsem_regression/raw/models-OBJ/models/ce4945cde785aecb478fa0ab37c461c6.obj,wss.ce4945cde785aecb478fa0ab37c461c6,ce4945cde785aecb478fa0ab37c461c6,Piano,Piano,train,1.204965,0.142181,0.8691,1.7365283,1.3847318000000002,0.8158688
data/shapenetsem_regression/processed/SpaceShip/4e443288dbe5d0d494efd884f8677c71.npz,data/shapenetsem_regression/raw/models-OBJ/models/4e443288dbe5d0d494efd884f8677c71.obj,wss.4e443288dbe5d0d494efd884f8677c71,4e443288dbe5d0d494efd884f8677c71,SpaceShip,SpaceShip,train,4582845.5,2580110.25,96134.054688,419.99917999999997,105.05694,771.6775
data/shapenetsem_regression/processed/Piano/7f958d2487a826bcd11510e8e4b5518b.npz,data/shapenetsem_regression/raw/models-OBJ/models/7f958d2487a826bcd11510e8e4b5518b.obj,wss.7f958d2487a826bcd11510e8e4b5518b,7f958d2487a826bcd11510e8e4b5518b,Piano,Piano,train,0.849255,0.15536,0.657928,1.9125336,1.1234458999999999,0.8238653600000001
data/shapenetsem_regression/processed/Room/room14.npz,data/shapenetsem_regression/raw/models-OBJ/models/room14.obj,wss.room14,room14,Room,Room,train,249.195328,44.526466,78.454529,12.830663,3.1750000000000003,6.1026166
data/shapenetsem_regression/processed/Bookcase/bc2f72433daf9dab5dea31ce253437e6.npz,data/shapenetsem_regression/raw/models-OBJ/models/bc2f72433daf9dab5dea31ce253437e6.obj,wss.bc2f72433daf9dab5dea31ce253437e6,bc2f72433daf9dab5dea31ce253437e6,Bookcase,Bookcase,train,0.12594,0.068249,0.567266,1.0732984,1.0732984,0.5366492
data/shapenetsem_regression/processed/MediaStorage/e0604ccdb930f6cbbdf0d356dbefb032.npz,data/shapenetsem_regression/raw/models-OBJ/models/e0604ccdb930f6cbbdf0d356dbefb032.obj,wss.e0604ccdb930f6cbbdf0d356dbefb032,e0604ccdb930f6cbbdf0d356dbefb032,MediaStorage,"MediaStorage,WallUnit,TvStand",train,2.180559,0.524515,0.222834,2.3360793,1.7840146,0.79263855
data/shapenetsem_regression/processed/Rug/ea3abd5f59e85fc11fc2b865c2a185b.npz,data/shapenetsem_regression/raw/models-OBJ/models/ea3abd5f59e85fc11fc2b865c2a185b.obj,wss.ea3abd5f59e85fc11fc2b865c2a185b,ea3abd5f59e85fc11fc2b865c2a185b,Rug,Rug,train,0.066421,0.066421,3.561541,1.4920676000000002,0.007531448,2.3871461
data/shapenetsem_regression/processed/Cabinet/cedf1d984163b45073a9f6e515352191.npz,data/shapenetsem_regression/raw/models-OBJ/models/cedf1d984163b45073a9f6e515352191.obj,wss.cedf1d984163b45073a9f6e515352191,cedf1d984163b45073a9f6e515352191,Cabinet,"Cabinet,_StanfordSceneDBModels",train,2.474613,0.369432,0.175133,1.5542297,2.4867685,0.7771161
data/shapenetsem_regression/processed/Tank/ca1190ff827af8c4dbe62544818af5a6.npz,data/shapenetsem_regression/raw/models-OBJ/models/ca1190ff827af8c4dbe62544818af5a6.obj,wss.ca1190ff827af8c4dbe62544818af5a6,ca1190ff827af8c4dbe62544818af5a6,Tank,Tank,train,3.335263,0.95654,1.619474,2.143854,2.1254852,3.155356
data/shapenetsem_regression/processed/Fireplace/c55cd55a8c4d28a1ac51268fdb437a9e.npz,data/shapenetsem_regression/raw/models-OBJ/models/c55cd55a8c4d28a1ac51268fdb437a9e.obj,wss.c55cd55a8c4d28a1ac51268fdb437a9e,c55cd55a8c4d28a1ac51268fdb437a9e,Fireplace,Fireplace,train,3.00541,0.290584,1.972895,1.9560728,1.5571922,1.2196738
data/shapenetsem_regression/processed/Bed/432a5dc7998c61556ab1a912a88dca35.npz,data/shapenetsem_regression/raw/models-OBJ/models/432a5dc7998c61556ab1a912a88dca35.obj,wss.432a5dc7998c61556ab1a912a88dca35,432a5dc7998c61556ab1a912a88dca35,Bed,Bed,train,1.188636,0.354216,0.197735,1.3094775,2.2587325000000003,1.9028094
data/shapenetsem_regression/processed/Refrigerator/f5c41f256e06745a13417ec33fa0128e.npz,data/shapenetsem_regression/raw/models-OBJ/models/f5c41f256e06745a13417ec33fa0128e.obj,wss.f5c41f256e06745a13417ec33fa0128e,f5c41f256e06745a13417ec33fa0128e,Refrigerator,Refrigerator,train,0.978207,0.087598,0.634953,0.7483295,1.5443227,0.90789215
data/shapenetsem_regression/processed/ArcadeMachine/5d5e4a83b15cde8771d096a6914e7333.npz,data/shapenetsem_regression/raw/models-OBJ/models/5d5e4a83b15cde8771d096a6914e7333.obj,wss.5d5e4a83b15cde8771d096a6914e7333,5d5e4a83b15cde8771d096a6914e7333,ArcadeMachine,ArcadeMachine,train,1.285944,0.187897,0.628981,0.7444415,2.0388734,0.99480316
data/shapenetsem_regression/processed/Bed/593064cf774efd77e6d5242766a0c7bd.npz,data/shapenetsem_regression/raw/models-OBJ/models/593064cf774efd77e6d5242766a0c7bd.obj,wss.593064cf774efd77e6d5242766a0c7bd,593064cf774efd77e6d5242766a0c7bd,Bed,"Bed,ChildBed",train,1.941183,0.519033,2.417839,0.9723224,1.4862624,2.6808292000000002
data/shapenetsem_regression/processed/MediaStorage/44326970059930a7d9651cd1d591d64d.npz,data/shapenetsem_regression/raw/models-OBJ/models/44326970059930a7d9651cd1d591d64d.obj,wss.44326970059930a7d9651cd1d591d64d,44326970059930a7d9651cd1d591d64d,MediaStorage,"MediaStorage,WallUnit",train,0.43892,0.228202,0.739813,1.9529672,2.3011668000000003,0.39849670000000004
data/shapenetsem_regression/processed/Desk/7807caccf26f7845e5cf802ea0702182.npz,data/shapenetsem_regression/raw/models-OBJ/models/7807caccf26f7845e5cf802ea0702182.obj,wss.7807caccf26f7845e5cf802ea0702182,7807caccf26f7845e5cf802ea0702182,Desk,Desk,train,0.499577,0.168477,0.952904,1.8297927999999999,0.6024009300000001,1.5285925
data/shapenetsem_regression/processed/Bed/c413e1b31896c5753413a73da306e093.npz,data/shapenetsem_regression/raw/models-OBJ/models/c413e1b31896c5753413a73da306e093.obj,wss.c413e1b31896c5753413a73da306e093,c413e1b31896c5753413a73da306e093,Bed,"Bed,CanopyBed,PosterBed",train,3.232985,0.412583,0.01303,2.2340497,2.2817276,2.3702722
data/shapenetsem_regression/processed/Couch/11d5e99e8faa10ff3564590844406360.npz,data/shapenetsem_regression/raw/models-OBJ/models/11d5e99e8faa10ff3564590844406360.obj,wss.11d5e99e8faa10ff3564590844406360,11d5e99e8faa10ff3564590844406360,Couch,"Couch,_EvalSetWithPrior,_EvalSetExclude",train,1.739514,0.24509,0.15829,2.3848116,1.193041,1.0618329
data/shapenetsem_regression/processed/TvStand/1ab55626cc84c7e9f7aae5d18114e414.npz,data/shapenetsem_regression/raw/models-OBJ/models/1ab55626cc84c7e9f7aae5d18114e414.obj,wss.1ab55626cc84c7e9f7aae5d18114e414,1ab55626cc84c7e9f7aae5d18114e414,TvStand,TvStand,train,0.255601,0.048214,0.581673,1.5497574,0.5486343,0.37300930000000004
data/shapenetsem_regression/processed/MediaStorage/654f68a2471715a3c525fc212bb76836.npz,data/shapenetsem_regression/raw/models-OBJ/models/654f68a2471715a3c525fc212bb76836.obj,wss.654f68a2471715a3c525fc212bb76836,654f68a2471715a3c525fc212bb76836,MediaStorage,"MediaStorage,WallUnit",train,1.530958,0.521159,1.215358,2.5559628,1.4864479,0.7250983
data/shapenetsem_regression/processed/Rug/e550fa52bae8fd0cd3fc9cb9ea3915ea.npz,data/shapenetsem_regression/raw/models-OBJ/models/e550fa52bae8fd0cd3fc9cb9ea3915ea.obj,wss.e550fa52bae8fd0cd3fc9cb9ea3915ea,e550fa52bae8fd0cd3fc9cb9ea3915ea,Rug,Rug,train,0.067204,0.067204,3.746974,1.6291632000000003,0.012021854,2.29575
data/shapenetsem_regression/processed/Couch/f8519e593fdb348ab3d135d7fc8306a1.npz,data/shapenetsem_regression/raw/models-OBJ/models/f8519e593fdb348ab3d135d7fc8306a1.obj,wss.f8519e593fdb348ab3d135d7fc8306a1,f8519e593fdb348ab3d135d7fc8306a1,Couch,"Couch,Sectional",train,0.186571,0.043383,0.693193,1.4073697,0.3729314,0.70368484
data/shapenetsem_regression/processed/Truck/40597e0ca3a8eca9a1cba95c26616410.npz,data/shapenetsem_regression/raw/models-OBJ/models/40597e0ca3a8eca9a1cba95c26616410.obj,wss.40597e0ca3a8eca9a1cba95c26616410,40597e0ca3a8eca9a1cba95c26616410,Truck,"Truck,_Attributes",train,4.840178,2.23209,0.565146,1.8335443,1.9543655000000002,4.6083673
data/shapenetsem_regression/processed/Couch/c955e564c9a73650f78bdf37d618e97e.npz,data/shapenetsem_regression/raw/models-OBJ/models/c955e564c9a73650f78bdf37d618e97e.obj,wss.c955e564c9a73650f78bdf37d618e97e,c955e564c9a73650f78bdf37d618e97e,Couch,"Couch,_StanfordSceneDBModels,_OIMwhitelist",train,0.836158,0.127885,1.217219,1.906803,0.8500128,0.84944244
data/shapenetsem_regression/processed/Couch/49d6f351e82d186b366971e8a2cdf120.npz,data/shapenetsem_regression/raw/models-OBJ/models/49d6f351e82d186b366971e8a2cdf120.obj,wss.49d6f351e82d186b366971e8a2cdf120,49d6f351e82d186b366971e8a2cdf120,Couch,"Couch,Loveseat",train,0.947817,0.155895,1.513307,1.8057283000000002,0.9100378000000001,0.9457202
data/shapenetsem_regression/processed/Table/152e101f3ab53701d810b14a81e12eca.npz,data/shapenetsem_regression/raw/models-OBJ/models/152e101f3ab53701d810b14a81e12eca.obj,wss.152e101f3ab53701d810b14a81e12eca,152e101f3ab53701d810b14a81e12eca,Table,"Table,EndTable,RoundTable",train,0.108657,0.059301,0.893138,1.0603042999999999,0.6803619399999999,1.0603042999999999
data/shapenetsem_regression/processed/Bed/f5e751f8418b9afbd3a8e52c497d2a3d.npz,data/shapenetsem_regression/raw/models-OBJ/models/f5e751f8418b9afbd3a8e52c497d2a3d.obj,wss.f5e751f8418b9afbd3a8e52c497d2a3d,f5e751f8418b9afbd3a8e52c497d2a3d,Bed,"Bed,KingBed",train,2.52963,0.4244,0.037722,2.178594,1.469391,2.3703557
data/shapenetsem_regression/processed/Truck/929b988c79fcc34a8b9c5bfdb1fdd04e.npz,data/shapenetsem_regression/raw/models-OBJ/models/929b988c79fcc34a8b9c5bfdb1fdd04e.obj,wss.929b988c79fcc34a8b9c5bfdb1fdd04e,929b988c79fcc34a8b9c5bfdb1fdd04e,Truck,Truck,train,8.802358,2.054537,0.291601,1.8105601999999998,2.820227,4.14555
data/shapenetsem_regression/processed/Motorcycle/97bb8c467f0efadaf2b5d20b1742ee75.npz,data/shapenetsem_regression/raw/models-OBJ/models/97bb8c467f0efadaf2b5d20b1742ee75.obj,wss.97bb8c467f0efadaf2b5d20b1742ee75,97bb8c467f0efadaf2b5d20b1742ee75,Motorcycle,Motorcycle,train,11.005237,6.049268,0.658784,2.9763387999999997,3.0439417,7.7222217
data/shapenetsem_regression/processed/ChestOfDrawers/b12fd3c4e5912a7dd8b510632cc84b8c.npz,data/shapenetsem_regression/raw/models-OBJ/models/b12fd3c4e5912a7dd8b510632cc84b8c.obj,wss.b12fd3c4e5912a7dd8b510632cc84b8c,b12fd3c4e5912a7dd8b510632cc84b8c,ChestOfDrawers,"ChestOfDrawers,Dresser",train,0.390263,0.085754,0.466418,1.3120804000000001,1.518065,0.38009968
data/shapenetsem_regression/processed/StaplerWithStaples/af86178809689a7ab85c7e868de29408.npz,data/shapenetsem_regression/raw/models-OBJ/models/af86178809689a7ab85c7e868de29408.obj,wss.af86178809689a7ab85c7e868de29408,af86178809689a7ab85c7e868de29408,StaplerWithStaples,StaplerWithStaples,train,0.086289,0.046327,0.5164,0.8385709,0.508,1.2096624
data/shapenetsem_regression/processed/Suitcase/6eee2279c193892a8c80080da8fd52c9.npz,data/shapenetsem_regression/raw/models-OBJ/models/6eee2279c193892a8c80080da8fd52c9.obj,wss.6eee2279c193892a8c80080da8fd52c9,6eee2279c193892a8c80080da8fd52c9,Suitcase,Suitcase,train,0.057296,0.023504,0.524142,0.8274016000000001,0.6631802000000001,0.7733106
data/shapenetsem_regression/processed/MediaStorage/eaf341c056c79bec1a2c782fdbf60db6.npz,data/shapenetsem_regression/raw/models-OBJ/models/eaf341c056c79bec1a2c782fdbf60db6.obj,wss.eaf341c056c79bec1a2c782fdbf60db6,eaf341c056c79bec1a2c782fdbf60db6,MediaStorage,"MediaStorage,TvStand",train,0.54104,0.078812,0.582207,1.2332344000000002,1.0405415,0.4881553
data/shapenetsem_regression/processed/Sink/54aa3bb05e40bc0231db7bb8597f0256.npz,data/shapenetsem_regression/raw/models-OBJ/models/54aa3bb05e40bc0231db7bb8597f0256.obj,wss.54aa3bb05e40bc0231db7bb8597f0256,54aa3bb05e40bc0231db7bb8597f0256,Sink,Sink,train,1.145132,0.110771,0.822277,1.4630502,1.5559167,0.8940837
data/shapenetsem_regression/processed/ChestOfDrawers/5c8950ed647f8b95dea31ce253437e6.npz,data/shapenetsem_regression/raw/models-OBJ/models/5c8950ed647f8b95dea31ce253437e6.obj,wss.5c8950ed647f8b95dea31ce253437e6,5c8950ed647f8b95dea31ce253437e6,ChestOfDrawers,"ChestOfDrawers,Dresser",train,1.575639,0.105496,1.141428,1.25688354,1.25688354,1.0055069
data/shapenetsem_regression/processed/Table/6bfb122ded9082de7ff6ace05b36a5.npz,data/shapenetsem_regression/raw/models-OBJ/models/6bfb122ded9082de7ff6ace05b36a5.obj,wss.6bfb122ded9082de7ff6ace05b36a5,6bfb122ded9082de7ff6ace05b36a5,Table,"Table,CoffeeTable,RoundTable",train,0.175948,0.052859,0.473608,1.1073529000000002,0.50975384,1.1073529000000002
data/shapenetsem_regression/processed/ChestOfDrawers/d5021e45bd773870eca84aece683d4b2.npz,data/shapenetsem_regression/raw/models-OBJ/models/d5021e45bd773870eca84aece683d4b2.obj,wss.d5021e45bd773870eca84aece683d4b2,d5021e45bd773870eca84aece683d4b2,ChestOfDrawers,"ChestOfDrawers,Armoire",train,1.001537,0.105704,0.553118,0.98178444,1.8094048,0.6004309
data/shapenetsem_regression/processed/Violin/9fce3f213862967eebdcc459b19e43a6.npz,data/shapenetsem_regression/raw/models-OBJ/models/9fce3f213862967eebdcc459b19e43a6.obj,wss.9fce3f213862967eebdcc459b19e43a6,9fce3f213862967eebdcc459b19e43a6,Violin,Violin,train,26223.060547,8967.639648,356.77179,41.489785000000005,118.53825,20.877402000000004
data/shapenetsem_regression/processed/Couch/f0f42d26c4a0be52a53016a50348cce3.npz,data/shapenetsem_regression/raw/models-OBJ/models/f0f42d26c4a0be52a53016a50348cce3.obj,wss.f0f42d26c4a0be52a53016a50348cce3,f0f42d26c4a0be52a53016a50348cce3,Couch,Couch,train,0.345953,0.096217,1.188147,1.9512244,0.42867813,1.4412457
data/shapenetsem_regression/processed/Chair/b5a0c927213ba01dc39a00da16746b95.npz,data/shapenetsem_regression/raw/models-OBJ/models/b5a0c927213ba01dc39a00da16746b95.obj,wss.b5a0c927213ba01dc39a00da16746b95,b5a0c927213ba01dc39a00da16746b95,Chair,"Chair,BeanBag",train,0.368421,0.027112,1.026938,1.1356472,0.5978337,1.1305443
data/shapenetsem_regression/processed/Tank/9037fb8643165a0f543fc9b228fa4afd.npz,data/shapenetsem_regression/raw/models-OBJ/models/9037fb8643165a0f543fc9b228fa4afd.obj,wss.9037fb8643165a0f543fc9b228fa4afd,9037fb8643165a0f543fc9b228fa4afd,Tank,"Tank,_Attributes",train,10.08918,2.834009,2.517831,2.2641820999999998,2.2700894,5.922698400000001
data/shapenetsem_regression/processed/ChestOfDrawers/3d1a0d8cffd60a7ba24bd1faebd6fb35.npz,data/shapenetsem_regression/raw/models-OBJ/models/3d1a0d8cffd60a7ba24bd1faebd6fb35.obj,wss.3d1a0d8cffd60a7ba24bd1faebd6fb35,3d1a0d8cffd60a7ba24bd1faebd6fb35,ChestOfDrawers,"ChestOfDrawers,Armoire,Wardrobe,_PilotStudyModels",train,0.896422,0.177013,0.500412,1.10320526,1.7412880000000002,0.45109875000000005
data/shapenetsem_regression/processed/_StanfordSceneDBModels/647da84d655bc24dfb2295fcd7f882f8.npz,data/shapenetsem_regression/raw/models-OBJ/models/647da84d655bc24dfb2295fcd7f882f8.obj,wss.647da84d655bc24dfb2295fcd7f882f8,647da84d655bc24dfb2295fcd7f882f8,_StanfordSceneDBModels,"_StanfordSceneDBModels,Refrigerator",train,1.276819,0.12178,0.018545,0.7671384000000001,1.9018639,1.07079735
data/shapenetsem_regression/processed/Truck/a5decaa7fb7450a95194b1845116f6e1.npz,data/shapenetsem_regression/raw/models-OBJ/models/a5decaa7fb7450a95194b1845116f6e1.obj,wss.a5decaa7fb7450a95194b1845116f6e1,a5decaa7fb7450a95194b1845116f6e1,Truck,Truck,train,8.000691,2.547369,0.182523,1.7586342,1.7832062,4.7065356000000005
data/shapenetsem_regression/processed/Door/91a335e728bd8af2166ae904b6d1652b.npz,data/shapenetsem_regression/raw/models-OBJ/models/91a335e728bd8af2166ae904b6d1652b.obj,wss.91a335e728bd8af2166ae904b6d1652b,91a335e728bd8af2166ae904b6d1652b,Door,Door,train,0.144013,0.08887,1.290927,1.3296461,1.9944693000000002,0.073869233
data/shapenetsem_regression/processed/Boat/fbd9f050c1ddbb9871e397fe45dce6b.npz,data/shapenetsem_regression/raw/models-OBJ/models/fbd9f050c1ddbb9871e397fe45dce6b.obj,wss.fbd9f050c1ddbb9871e397fe45dce6b,fbd9f050c1ddbb9871e397fe45dce6b,Boat,Boat,train,19.482824,6.608159,3.193203,4.5095184,1.5897574,9.377019
data/shapenetsem_regression/processed/MediaStorage/4afb6dd55a1c4bb659ea5f21debb55d9.npz,data/shapenetsem_regression/raw/models-OBJ/models/4afb6dd55a1c4bb659ea5f21debb55d9.obj,wss.4afb6dd55a1c4bb659ea5f21debb55d9,4afb6dd55a1c4bb659ea5f21debb55d9,MediaStorage,"MediaStorage,WallUnit",train,1.778615,0.404164,0.026664,2.4297285,0.8439763000000001,1.6286105000000002
data/shapenetsem_regression/processed/Sink/67609f1b7fd636731085a6d70c973b41.npz,data/shapenetsem_regression/raw/models-OBJ/models/67609f1b7fd636731085a6d70c973b41.obj,wss.67609f1b7fd636731085a6d70c973b41,67609f1b7fd636731085a6d70c973b41,Sink,"Sink,_StanfordSceneDBModels",train,2.983335,0.538722,2.516966,2.8182614000000004,1.361963,1.1860189
data/shapenetsem_regression/processed/Couch/4106b3d95b6dc95caacb7aee27fab780.npz,data/shapenetsem_regression/raw/models-OBJ/models/4106b3d95b6dc95caacb7aee27fab780.obj,wss.4106b3d95b6dc95caacb7aee27fab780,4106b3d95b6dc95caacb7aee27fab780,Couch,Couch,train,1.025984,0.300141,1.553991,2.1192444,0.6703831,1.0632973
data/shapenetsem_regression/processed/ChestOfDrawers/7a4ec53b039f82a31397b32309fe2684.npz,data/shapenetsem_regression/raw/models-OBJ/models/7a4ec53b039f82a31397b32309fe2684.obj,wss.7a4ec53b039f82a31397b32309fe2684,7a4ec53b039f82a31397b32309fe2684,ChestOfDrawers,"ChestOfDrawers,Dresser",train,0.690176,0.153136,1.12815,1.4689406,1.108907,0.88496376
data/shapenetsem_regression/processed/Couch/8043ff469c9bed4d48c575435d16be7c.npz,data/shapenetsem_regression/raw/models-OBJ/models/8043ff469c9bed4d48c575435d16be7c.obj,wss.8043ff469c9bed4d48c575435d16be7c,8043ff469c9bed4d48c575435d16be7c,Couch,Couch,train,0.839104,0.173844,1.761569,2.1906757,0.7966101000000001,0.7966077
data/shapenetsem_regression/processed/Couch/1eb4bc0cea4ba47c8186c25526ebdaa6.npz,data/shapenetsem_regression/raw/models-OBJ/models/1eb4bc0cea4ba47c8186c25526ebdaa6.obj,wss.1eb4bc0cea4ba47c8186c25526ebdaa6,1eb4bc0cea4ba47c8186c25526ebdaa6,Couch,Couch,train,0.468091,0.109398,0.502497,1.6157289000000001,0.52109592,1.7849690000000002
data/shapenetsem_regression/processed/Couch/4ed802a4aa4b8a86b161f36d4e309050.npz,data/shapenetsem_regression/raw/models-OBJ/models/4ed802a4aa4b8a86b161f36d4e309050.obj,wss.4ed802a4aa4b8a86b161f36d4e309050,4ed802a4aa4b8a86b161f36d4e309050,Couch,"Couch,_AttributesTrain",train,1.380556,0.175368,0.00638,1.9321231,1.0474294,1.11357155
data/shapenetsem_regression/processed/Fireplace/7fbc172f2365fc6ac7c51d4ea74651a7.npz,data/shapenetsem_regression/raw/models-OBJ/models/7fbc172f2365fc6ac7c51d4ea74651a7.obj,wss.7fbc172f2365fc6ac7c51d4ea74651a7,7fbc172f2365fc6ac7c51d4ea74651a7,Fireplace,Fireplace,train,0.166622,0.104973,1.161264,2.0986185,1.726027,0.59605667
data/shapenetsem_regression/processed/Booth/1eb4920ad70d9138c92050bd9c811336.npz,data/shapenetsem_regression/raw/models-OBJ/models/1eb4920ad70d9138c92050bd9c811336.obj,wss.1eb4920ad70d9138c92050bd9c811336,1eb4920ad70d9138c92050bd9c811336,Booth,Booth,train,1.88308,0.302396,1.9084,2.1841956,1.4561304000000002,1.4561363
data/shapenetsem_regression/processed/ChestOfDrawers/648bdbefbe72c6e596d5fa1ee6ada8d1.npz,data/shapenetsem_regression/raw/models-OBJ/models/648bdbefbe72c6e596d5fa1ee6ada8d1.obj,wss.648bdbefbe72c6e596d5fa1ee6ada8d1,648bdbefbe72c6e596d5fa1ee6ada8d1,ChestOfDrawers,"ChestOfDrawers,Armoire",train,1.039836,0.172213,0.615252,0.8952728999999999,1.81559,0.7074536
data/shapenetsem_regression/processed/PianoKeyboard/f62315610759fc43226bd8f2c3d7bd55.npz,data/shapenetsem_regression/raw/models-OBJ/models/f62315610759fc43226bd8f2c3d7bd55.obj,wss.f62315610759fc43226bd8f2c3d7bd55,f62315610759fc43226bd8f2c3d7bd55,PianoKeyboard,PianoKeyboard,train,0.02788,0.013315,0.548767,1.15190704,0.07355803,0.47994422999999997
data/shapenetsem_regression/processed/Refrigerator/406851878e4d1ff4a4ca952caefe2daf.npz,data/shapenetsem_regression/raw/models-OBJ/models/406851878e4d1ff4a4ca952caefe2daf.obj,wss.406851878e4d1ff4a4ca952caefe2daf,406851878e4d1ff4a4ca952caefe2daf,Refrigerator,Refrigerator,train,0.903917,0.074763,0.557396,0.7092388,1.6211172,0.7986387
data/shapenetsem_regression/processed/ChestOfDrawers/1997e441f11cc183eacb155f400b9076.npz,data/shapenetsem_regression/raw/models-OBJ/models/1997e441f11cc183eacb155f400b9076.obj,wss.1997e441f11cc183eacb155f400b9076,1997e441f11cc183eacb155f400b9076,ChestOfDrawers,"ChestOfDrawers,Dresser",train,1.441984,0.219398,0.880664,1.3730013,1.25471466,0.8432768
data/shapenetsem_regression/processed/ToyFigure/67d830f9ed40d19077e21aa92afd81b0.npz,data/shapenetsem_regression/raw/models-OBJ/models/67d830f9ed40d19077e21aa92afd81b0.obj,wss.67d830f9ed40d19077e21aa92afd81b0,67d830f9ed40d19077e21aa92afd81b0,ToyFigure,ToyFigure,train,1052.265503,570.568359,47.587112,16.926976,31.336057,10.609783
data/shapenetsem_regression/processed/ChestOfDrawers/e136d3d12c9b6230b9ed7086c372604a.npz,data/shapenetsem_regression/raw/models-OBJ/models/e136d3d12c9b6230b9ed7086c372604a.obj,wss.e136d3d12c9b6230b9ed7086c372604a,e136d3d12c9b6230b9ed7086c372604a,ChestOfDrawers,"ChestOfDrawers,Dresser",train,1.333316,0.092676,1.453671,1.5347037000000001,0.9208176400000001,0.9835687000000001
data/shapenetsem_regression/processed/Bed/a85aca725266c9888c4f202fffc87396.npz,data/shapenetsem_regression/raw/models-OBJ/models/a85aca725266c9888c4f202fffc87396.obj,wss.a85aca725266c9888c4f202fffc87396,a85aca725266c9888c4f202fffc87396,Bed,"Bed,QueenBed",train,2.419845,0.488738,0.033903,1.8718396000000002,1.5706241,2.0996252
data/shapenetsem_regression/processed/_StanfordSceneDBModels/74a9606306cf0118527017889e7564ab.npz,data/shapenetsem_regression/raw/models-OBJ/models/74a9606306cf0118527017889e7564ab.obj,wss.74a9606306cf0118527017889e7564ab,74a9606306cf0118527017889e7564ab,_StanfordSceneDBModels,"_StanfordSceneDBModels,Rug",train,0.049242,0.049242,3.089341,2.0402158,1.85292e-16,1.5171837
data/shapenetsem_regression/processed/ChestOfDrawers/dca4c8bdab8bdfe739e1d6694e046e01.npz,data/shapenetsem_regression/raw/models-OBJ/models/dca4c8bdab8bdfe739e1d6694e046e01.obj,wss.dca4c8bdab8bdfe739e1d6694e046e01,dca4c8bdab8bdfe739e1d6694e046e01,ChestOfDrawers,"ChestOfDrawers,Dresser",train,1.262159,0.102023,0.009835,1.5625078,1.0234767,0.8256045500000001
data/shapenetsem_regression/processed/MediaStorage/4503034a227be553363b0d1ba5c479df.npz,data/shapenetsem_regression/raw/models-OBJ/models/4503034a227be553363b0d1ba5c479df.obj,wss.4503034a227be553363b0d1ba5c479df,4503034a227be553363b0d1ba5c479df,MediaStorage,"MediaStorage,WallUnit",train,0.873223,0.455722,0.323932,2.7112439999999998,1.1135467000000001,0.8230541
data/shapenetsem_regression/processed/Couch/8bad639b9a650908de650492e45fb14f.npz,data/shapenetsem_regression/raw/models-OBJ/models/8bad639b9a650908de650492e45fb14f.obj,wss.8bad639b9a650908de650492e45fb14f,8bad639b9a650908de650492e45fb14f,Couch,Couch,train,1.453967,0.189291,0.104048,1.7510132999999999,1.1266545000000001,1.3163733
data/shapenetsem_regression/processed/Truck/5502f76ce18c9059578b14cd14f51f45.npz,data/shapenetsem_regression/raw/models-OBJ/models/5502f76ce18c9059578b14cd14f51f45.obj,wss.5502f76ce18c9059578b14cd14f51f45,5502f76ce18c9059578b14cd14f51f45,Truck,"Truck,_Attributes",train,1.810871,0.838556,0.294996,1.2832591,1.4065146,3.3604376000000005
data/shapenetsem_regression/processed/Bed/a9d5dfb8d39e7f813283ea69e022bdc8.npz,data/shapenetsem_regression/raw/models-OBJ/models/a9d5dfb8d39e7f813283ea69e022bdc8.obj,wss.a9d5dfb8d39e7f813283ea69e022bdc8,a9d5dfb8d39e7f813283ea69e022bdc8,Bed,"Bed,LoftBed",train,1.488551,0.365976,0.037628,2.1611273,1.8030690000000003,1.5877766
data/shapenetsem_regression/processed/Bed/60e714b056488ba3377b9297f3055210.npz,data/shapenetsem_regression/raw/models-OBJ/models/60e714b056488ba3377b9297f3055210.obj,wss.60e714b056488ba3377b9297f3055210,60e714b056488ba3377b9297f3055210,Bed,"Bed,PosterBed",train,2.275709,0.647532,0.018613,2.4216829,2.2230122,2.2403607
data/shapenetsem_regression/processed/MediaStorage/e7627c6faadd4e4632d296813e367a08.npz,data/shapenetsem_regression/raw/models-OBJ/models/e7627c6faadd4e4632d296813e367a08.obj,wss.e7627c6faadd4e4632d296813e367a08,e7627c6faadd4e4632d296813e367a08,MediaStorage,"MediaStorage,WallUnit",train,1.456971,0.312623,1.270369,2.5008249,1.6639291,0.49543346
data/shapenetsem_regression/processed/Couch/161f92c3330d111ffc2dd24b885b9c05.npz,data/shapenetsem_regression/raw/models-OBJ/models/161f92c3330d111ffc2dd24b885b9c05.obj,wss.161f92c3330d111ffc2dd24b885b9c05,161f92c3330d111ffc2dd24b885b9c05,Couch,Couch,train,0.524459,0.096419,1.653528,1.6287868,0.45823975,1.790342
data/shapenetsem_regression/processed/Cabinet/a5b0aa0232ecc6dbd2f1945599cd5176.npz,data/shapenetsem_regression/raw/models-OBJ/models/a5b0aa0232ecc6dbd2f1945599cd5176.obj,wss.a5b0aa0232ecc6dbd2f1945599cd5176,a5b0aa0232ecc6dbd2f1945599cd5176,Cabinet,"Cabinet,_StanfordSceneDBModels,_EvalSetWithPrior",train,1.482175,0.41888,0.029424,2.662589,1.1094106,0.7072381600000001
data/shapenetsem_regression/processed/Bed/fd9381b7c4fcc7a0f11c3739edd52fa3.npz,data/shapenetsem_regression/raw/models-OBJ/models/fd9381b7c4fcc7a0f11c3739edd52fa3.obj,wss.fd9381b7c4fcc7a0f11c3739edd52fa3,fd9381b7c4fcc7a0f11c3739edd52fa3,Bed,"Bed,QueenBed",train,2.15634,0.412301,0.014054,1.6666762,1.4085289,2.3698051
data/shapenetsem_regression/processed/Oven/5fe763072d69fc9455b2aedb5bd199c6.npz,data/shapenetsem_regression/raw/models-OBJ/models/5fe763072d69fc9455b2aedb5bd199c6.obj,wss.5fe763072d69fc9455b2aedb5bd199c6,5fe763072d69fc9455b2aedb5bd199c6,Oven,Oven,train,1.792083,0.205951,1.524116,1.3832915000000001,1.2518374,1.2868496999999999
data/shapenetsem_regression/processed/Bookcase/df03b94777b1f0f9e4e3c2d62691be9.npz,data/shapenetsem_regression/raw/models-OBJ/models/df03b94777b1f0f9e4e3c2d62691be9.obj,wss.df03b94777b1f0f9e4e3c2d62691be9,df03b94777b1f0f9e4e3c2d62691be9,Bookcase,"Bookcase,_StanfordSceneDBModels,_SceneGalleryModels,2Shelves",train,0.02903,0.018638,0.455327,0.9469128000000001,0.47727455,0.47345640000000005
data/shapenetsem_regression/processed/Piano/b3fd350781a29073e17ba0988d421c23.npz,data/shapenetsem_regression/raw/models-OBJ/models/b3fd350781a29073e17ba0988d421c23.obj,wss.b3fd350781a29073e17ba0988d421c23,b3fd350781a29073e17ba0988d421c23,Piano,Piano,train,0.827346,0.130688,0.584209,1.535056,1.3327617,1.21079025
data/shapenetsem_regression/processed/Refrigerator/40a8889a2be03fada973d654bf4e5d9.npz,data/shapenetsem_regression/raw/models-OBJ/models/40a8889a2be03fada973d654bf4e5d9.obj,wss.40a8889a2be03fada973d654bf4e5d9,40a8889a2be03fada973d654bf4e5d9,Refrigerator,Refrigerator,train,0.934856,0.081714,0.604634,0.8149585,1.5733228,0.7933166500000001
data/shapenetsem_regression/processed/TV/69564c89cb5e55e452e2d18963a75b4d.npz,data/shapenetsem_regression/raw/models-OBJ/models/69564c89cb5e55e452e2d18963a75b4d.obj,wss.69564c89cb5e55e452e2d18963a75b4d,69564c89cb5e55e452e2d18963a75b4d,TV,TV,train,0.00811,0.004662,0.56567,0.9175659,0.61171112,0.012234223
data/shapenetsem_regression/processed/Oven/8abec81d44c164198a94168388287ad5.npz,data/shapenetsem_regression/raw/models-OBJ/models/8abec81d44c164198a94168388287ad5.obj,wss.8abec81d44c164198a94168388287ad5,8abec81d44c164198a94168388287ad5,Oven,Oven,train,1.80615,0.126213,1.004598,0.9383984,1.6904208,1.1825604
data/shapenetsem_regression/processed/Room/room00.npz,data/shapenetsem_regression/raw/models-OBJ/models/room00.obj,wss.room00,room00,Room,Room,train,8.428123,7.853202,1.796034,6.2388745,3.429,6.1722
data/shapenetsem_regression/processed/ChestOfDrawers/8c954e77ad60a1cf1397b32309fe2684.npz,data/shapenetsem_regression/raw/models-OBJ/models/8c954e77ad60a1cf1397b32309fe2684.obj,wss.8c954e77ad60a1cf1397b32309fe2684,8c954e77ad60a1cf1397b32309fe2684,ChestOfDrawers,"ChestOfDrawers,Dresser",train,0.690186,0.15314,1.128161,1.4689484,1.1089142,0.8849692
data/shapenetsem_regression/processed/Cabinet/3d95c4ebb88f94b3d2f054448bd437d6.npz,data/shapenetsem_regression/raw/models-OBJ/models/3d95c4ebb88f94b3d2f054448bd437d6.obj,wss.3d95c4ebb88f94b3d2f054448bd437d6,3d95c4ebb88f94b3d2f054448bd437d6,Cabinet,Cabinet,train,0.851979,0.063197,0.612363,0.7088363,1.4176761,0.88649124
data/shapenetsem_regression/processed/Couch/60fc7123d6360e6d620ef1b4a95dca08.npz,data/shapenetsem_regression/raw/models-OBJ/models/60fc7123d6360e6d620ef1b4a95dca08.obj,wss.60fc7123d6360e6d620ef1b4a95dca08,60fc7123d6360e6d620ef1b4a95dca08,Couch,Couch,train,0.579941,0.138658,1.746912,2.0859244,0.55847565,1.1857867400000002
data/shapenetsem_regression/processed/SpaceShip/c2cac30ed2d7a0dc5283741301b91746.npz,data/shapenetsem_regression/raw/models-OBJ/models/c2cac30ed2d7a0dc5283741301b91746.obj,wss.c2cac30ed2d7a0dc5283741301b91746,c2cac30ed2d7a0dc5283741301b91746,SpaceShip,SpaceShip,train,1906372480.0,684381952.0,69140.945313,3183.6694,1420.5706,3547.7772
data/shapenetsem_regression/processed/Refrigerator/f31f7799f0333069b0d7b0d4230df8ca.npz,data/shapenetsem_regression/raw/models-OBJ/models/f31f7799f0333069b0d7b0d4230df8ca.obj,wss.f31f7799f0333069b0d7b0d4230df8ca,f31f7799f0333069b0d7b0d4230df8ca,Refrigerator,Refrigerator,train,0.960945,0.076096,0.616237,0.9158607999999999,1.5543457,0.7169884000000001
data/shapenetsem_regression/processed/Cabinet/bb887551195acd7d5aa97bf496cfddb2.npz,data/shapenetsem_regression/raw/models-OBJ/models/bb887551195acd7d5aa97bf496cfddb2.obj,wss.bb887551195acd7d5aa97bf496cfddb2,bb887551195acd7d5aa97bf496cfddb2,Cabinet,Cabinet,train,1.08097,0.06678,1.108261,1.0945947,0.90304085,1.13336
data/shapenetsem_regression/processed/Sink/4438eb51cf64c0bffa968b63b8c12baa.npz,data/shapenetsem_regression/raw/models-OBJ/models/4438eb51cf64c0bffa968b63b8c12baa.obj,wss.4438eb51cf64c0bffa968b63b8c12baa,4438eb51cf64c0bffa968b63b8c12baa,Sink,Sink,train,0.38861,0.085632,0.576227,1.7353534,1.4679533,0.44042645
data/shapenetsem_regression/processed/Couch/b714755fb21264c73f89a402a2f2d0aa.npz,data/shapenetsem_regression/raw/models-OBJ/models/b714755fb21264c73f89a402a2f2d0aa.obj,wss.b714755fb21264c73f89a402a2f2d0aa,b714755fb21264c73f89a402a2f2d0aa,Couch,"Couch,_AttributesTrain",train,1.230957,0.274647,0.035206,2.001419,1.0905626,0.9356945000000001
data/shapenetsem_regression/processed/Cabinet/28e3c29f3cca7404ce5d6e9371bb5c33.npz,data/shapenetsem_regression/raw/models-OBJ/models/28e3c29f3cca7404ce5d6e9371bb5c33.obj,wss.28e3c29f3cca7404ce5d6e9371bb5c33,28e3c29f3cca7404ce5d6e9371bb5c33,Cabinet,Cabinet,train,0.789957,0.124116,0.502019,0.59657265,1.372236,1.029177
data/shapenetsem_regression/processed/Bed/4cd18b8c953fbcf2d68b4f303fa1b6e3.npz,data/shapenetsem_regression/raw/models-OBJ/models/4cd18b8c953fbcf2d68b4f303fa1b6e3.obj,wss.4cd18b8c953fbcf2d68b4f303fa1b6e3,4cd18b8c953fbcf2d68b4f303fa1b6e3,Bed,"Bed,LoftBed",train,0.501053,0.312531,0.014074,2.1917668,1.886444,1.436098
data/shapenetsem_regression/processed/Cabinet/2f0fd2a5e181b82a4267f85fb94fa2e7.npz,data/shapenetsem_regression/raw/models-OBJ/models/2f0fd2a5e181b82a4267f85fb94fa2e7.obj,wss.2f0fd2a5e181b82a4267f85fb94fa2e7,2f0fd2a5e181b82a4267f85fb94fa2e7,Cabinet,Cabinet,train,0.378409,0.098447,0.478872,1.5658304,0.8514505,0.34832066
data/shapenetsem_regression/processed/Refrigerator/f092731f2f62c5f922d3f170937c6a0b.npz,data/shapenetsem_regression/raw/models-OBJ/models/f092731f2f62c5f922d3f170937c6a0b.obj,wss.f092731f2f62c5f922d3f170937c6a0b,f092731f2f62c5f922d3f170937c6a0b,Refrigerator,Refrigerator,train,0.801431,0.07109,0.485714,0.8663765,1.6500067000000003,0.5438144
data/shapenetsem_regression/processed/ChestOfDrawers/e0b884b0d415d9a9ac697a09c04ec861.npz,data/shapenetsem_regression/raw/models-OBJ/models/e0b884b0d415d9a9ac697a09c04ec861.obj,wss.e0b884b0d415d9a9ac697a09c04ec861,e0b884b0d415d9a9ac697a09c04ec861,ChestOfDrawers,"ChestOfDrawers,Dresser",train,1.070186,0.087565,1.395862,1.670845,0.74947975,0.9039469
data/shapenetsem_regression/processed/Cabinet/a3f8c5988c3b3c495b8768d6ebff04cd.npz,data/shapenetsem_regression/raw/models-OBJ/models/a3f8c5988c3b3c495b8768d6ebff04cd.obj,wss.a3f8c5988c3b3c495b8768d6ebff04cd,a3f8c5988c3b3c495b8768d6ebff04cd,Cabinet,Cabinet,train,1.006368,0.06801,0.845386,1.2345349,1.06103546,0.8051379000000001
data/shapenetsem_regression/processed/Refrigerator/28ab2b0d2d8c918b77e1c4f3e3547f0c.npz,data/shapenetsem_regression/raw/models-OBJ/models/28ab2b0d2d8c918b77e1c4f3e3547f0c.obj,wss.28ab2b0d2d8c918b77e1c4f3e3547f0c,28ab2b0d2d8c918b77e1c4f3e3547f0c,Refrigerator,"Refrigerator,_Attributes",train,1.123761,0.076903,0.753727,0.7658343000000001,1.5015703,0.9631453000000001
data/shapenetsem_regression/processed/ChestOfDrawers/504949a3b05dd13e3f7a74e12a274ef.npz,data/shapenetsem_regression/raw/models-OBJ/models/504949a3b05dd13e3f7a74e12a274ef.obj,wss.504949a3b05dd13e3f7a74e12a274ef,504949a3b05dd13e3f7a74e12a274ef,ChestOfDrawers,"ChestOfDrawers,Armoire",train,1.483001,0.311577,0.871304,1.3906952000000001,1.9454001,0.6498138400000001
data/shapenetsem_regression/processed/MediaStorage/bce5b61e84c797b34d724d9ce5af6d8e.npz,data/shapenetsem_regression/raw/models-OBJ/models/bce5b61e84c797b34d724d9ce5af6d8e.obj,wss.bce5b61e84c797b34d724d9ce5af6d8e,bce5b61e84c797b34d724d9ce5af6d8e,MediaStorage,"MediaStorage,WallUnit",train,1.530962,0.52116,1.21536,2.555965,1.4864479,0.7250964000000001
data/shapenetsem_regression/processed/Piano/1d139c80e904584b4243f79fcf368f62.npz,data/shapenetsem_regression/raw/models-OBJ/models/1d139c80e904584b4243f79fcf368f62.obj,wss.1d139c80e904584b4243f79fcf368f62,1d139c80e904584b4243f79fcf368f62,Piano,"Piano,_AttributesTrain",train,0.907066,0.177695,0.666196,1.7110907,1.481987,0.6888745000000001
data/shapenetsem_regression/processed/MediaStorage/9cea55feee857706e75e49e6ac98ae01.npz,data/shapenetsem_regression/raw/models-OBJ/models/9cea55feee857706e75e49e6ac98ae01.obj,wss.9cea55feee857706e75e49e6ac98ae01,9cea55feee857706e75e49e6ac98ae01,MediaStorage,"MediaStorage,WallUnit",train,2.156741,0.476735,2.102365,2.1921236,1.878963,0.9655782
data/shapenetsem_regression/processed/Rug/6d5cf2fa099dab738f60c56accc0869a.npz,data/shapenetsem_regression/raw/models-OBJ/models/6d5cf2fa099dab738f60c56accc0869a.obj,wss.6d5cf2fa099dab738f60c56accc0869a,6d5cf2fa099dab738f60c56accc0869a,Rug,"Rug,_Attributes",train,0.067451,0.067451,3.68604,1.5615086,0.01673045,2.342264
data/shapenetsem_regression/processed/ChestOfDrawers/d769336a0206d614dab72035db8eafd.npz,data/shapenetsem_regression/raw/models-OBJ/models/d769336a0206d614dab72035db8eafd.obj,wss.d769336a0206d614dab72035db8eafd,d769336a0206d614dab72035db8eafd,ChestOfDrawers,"ChestOfDrawers,Dresser",train,1.281426,0.09012,1.053559,1.1823366,1.17248375,1.1823366
data/shapenetsem_regression/processed/Couch/ddc8bdf6ac3786f493b55327c66a07aa.npz,data/shapenetsem_regression/raw/models-OBJ/models/ddc8bdf6ac3786f493b55327c66a07aa.obj,wss.ddc8bdf6ac3786f493b55327c66a07aa,ddc8bdf6ac3786f493b55327c66a07aa,Couch,Couch,train,1.293676,0.138624,1.865233,1.6068451,0.9511261000000001,1.6068454
data/shapenetsem_regression/processed/Refrigerator/7ea4c3a2e779ce3274a9a428079a0374.npz,data/shapenetsem_regression/raw/models-OBJ/models/7ea4c3a2e779ce3274a9a428079a0374.obj,wss.7ea4c3a2e779ce3274a9a428079a0374,7ea4c3a2e779ce3274a9a428079a0374,Refrigerator,Refrigerator,train,0.938212,0.10579,0.51975,0.8116338000000001,1.5751918,0.7930189
data/shapenetsem_regression/processed/Couch/e3ce79fd03b7a78d98661b9abac3e1f9.npz,data/shapenetsem_regression/raw/models-OBJ/models/e3ce79fd03b7a78d98661b9abac3e1f9.obj,wss.e3ce79fd03b7a78d98661b9abac3e1f9,e3ce79fd03b7a78d98661b9abac3e1f9,Couch,"Couch,_AttributesTrain",train,0.736462,0.14614,1.710365,2.2563953000000003,0.65207504,0.7427772
data/shapenetsem_regression/processed/Rug/1166c209e067833ea44b6af22454453b.npz,data/shapenetsem_regression/raw/models-OBJ/models/1166c209e067833ea44b6af22454453b.obj,wss.1166c209e067833ea44b6af22454453b,1166c209e067833ea44b6af22454453b,Rug,Rug,train,0.127513,0.127513,3.266709,1.2971548000000002,0.035990727,2.498175
data/shapenetsem_regression/processed/Washer/36594769b62b24d63b1e413ac12356ae.npz,data/shapenetsem_regression/raw/models-OBJ/models/36594769b62b24d63b1e413ac12356ae.obj,wss.36594769b62b24d63b1e413ac12356ae,36594769b62b24d63b1e413ac12356ae,Washer,Washer,train,1.488534,0.105798,1.068092,1.0459216,1.6435912,1.00856735
data/shapenetsem_regression/processed/Bed/bf7c529d88c445b5ba5661af6811c573.npz,data/shapenetsem_regression/raw/models-OBJ/models/bf7c529d88c445b5ba5661af6811c573.obj,wss.bf7c529d88c445b5ba5661af6811c573,bf7c529d88c445b5ba5661af6811c573,Bed,"Bed,CanopyBed,PosterBed",train,2.691067,0.543934,0.016196,2.084114,2.4841379,2.302374
data/shapenetsem_regression/processed/Refrigerator/e33b8fbee3d9b8975eead856a4605937.npz,data/shapenetsem_regression/raw/models-OBJ/models/e33b8fbee3d9b8975eead856a4605937.obj,wss.e33b8fbee3d9b8975eead856a4605937,e33b8fbee3d9b8975eead856a4605937,Refrigerator,Refrigerator,train,0.565833,0.121341,0.493064,0.7364267,1.6091042,0.7983257
data/shapenetsem_regression/processed/ChestOfDrawers/891e56eed3fe1debeca22c501ad0a77a.npz,data/shapenetsem_regression/raw/models-OBJ/models/891e56eed3fe1debeca22c501ad0a77a.obj,wss.891e56eed3fe1debeca22c501ad0a77a,891e56eed3fe1debeca22c501ad0a77a,ChestOfDrawers,"ChestOfDrawers,Armoire",train,0.722147,0.179399,0.57374,1.7139278999999998,1.2464955,0.32720570000000004
data/shapenetsem_regression/processed/Oven/266d79dedd75b3e1c8b7b6fe706a520.npz,data/shapenetsem_regression/raw/models-OBJ/models/266d79dedd75b3e1c8b7b6fe706a520.obj,wss.266d79dedd75b3e1c8b7b6fe706a520,266d79dedd75b3e1c8b7b6fe706a520,Oven,Oven,train,1.642322,0.110913,1.718262,1.1370361,1.1556429,1.583729
data/shapenetsem_regression/processed/Rug/32f5a291682a2c91d9cc9318f4254eef.npz,data/shapenetsem_regression/raw/models-OBJ/models/32f5a291682a2c91d9cc9318f4254eef.obj,wss.32f5a291682a2c91d9cc9318f4254eef,32f5a291682a2c91d9cc9318f4254eef,Rug,"Rug,_StanfordSceneDBModels",train,0.295704,0.295704,8.65867,1.9547238,0.033634317000000004,4.3713602
data/shapenetsem_regression/processed/ChestOfDrawers/3c7529e52643cb9c46407779dbd69b2d.npz,data/shapenetsem_regression/raw/models-OBJ/models/3c7529e52643cb9c46407779dbd69b2d.obj,wss.3c7529e52643cb9c46407779dbd69b2d,3c7529e52643cb9c46407779dbd69b2d,ChestOfDrawers,"ChestOfDrawers,Dresser",train,0.734816,0.067657,0.516799,0.968038,1.4207085000000002,0.6824548
data/shapenetsem_regression/processed/ChestOfDrawers/66a82a157f4a1c9a22e05b27cb30bde.npz,data/shapenetsem_regression/raw/models-OBJ/models/66a82a157f4a1c9a22e05b27cb30bde.obj,wss.66a82a157f4a1c9a22e05b27cb30bde,66a82a157f4a1c9a22e05b27cb30bde,ChestOfDrawers,"ChestOfDrawers,Armoire,Wardrobe",train,0.760823,0.192225,0.45568,1.2805823,1.6718726000000002,0.3886231
data/shapenetsem_regression/processed/Room/room02.npz,data/shapenetsem_regression/raw/models-OBJ/models/room02.obj,wss.room02,room02,Room,Room,train,13.168656,8.007411,2.421763,6.2864996,3.429,6.2102997
data/shapenetsem_regression/processed/Tank/681ab828f572596716b34c3751bc447d.npz,data/shapenetsem_regression/raw/models-OBJ/models/681ab828f572596716b34c3751bc447d.obj,wss.681ab828f572596716b34c3751bc447d,681ab828f572596716b34c3751bc447d,Tank,Tank,train,3.404902,0.808066,1.85676,2.4059836000000003,1.3723383000000002,3.3710382
data/shapenetsem_regression/processed/Chair/d19cc9f2d1528bacb822d48a43773c62.npz,data/shapenetsem_regression/raw/models-OBJ/models/d19cc9f2d1528bacb822d48a43773c62.obj,wss.d19cc9f2d1528bacb822d48a43773c62,d19cc9f2d1528bacb822d48a43773c62,Chair,"Chair,Chaise",train,0.338244,0.093393,0.968437,0.6608154,0.7437336999999999,1.9281177
data/shapenetsem_regression/processed/Couch/b2cfba8ee63abd118fac6a8030e15671.npz,data/shapenetsem_regression/raw/models-OBJ/models/b2cfba8ee63abd118fac6a8030e15671.obj,wss.b2cfba8ee63abd118fac6a8030e15671,b2cfba8ee63abd118fac6a8030e15671,Couch,Couch,train,0.855351,0.133732,1.775649,2.222821,0.7151685000000001,0.7847525000000001
data/shapenetsem_regression/processed/Room/room17.npz,data/shapenetsem_regression/raw/models-OBJ/models/room17.obj,wss.room17,room17,Room,Room,train,11.495542,8.504127,1.618533,6.2483997,3.429,6.7212760000000005
data/shapenetsem_regression/processed/Bed/189064a8df83ddc77a89a0a7fbbe0a6f.npz,data/shapenetsem_regression/raw/models-OBJ/models/189064a8df83ddc77a89a0a7fbbe0a6f.obj,wss.189064a8df83ddc77a89a0a7fbbe0a6f,189064a8df83ddc77a89a0a7fbbe0a6f,Bed,"Bed,PosterBed",train,3.147932,0.675787,0.067871,2.31842,2.0659775,2.4855113
data/shapenetsem_regression/processed/Bed/3dbda863da1b282654a29524abf83a72.npz,data/shapenetsem_regression/raw/models-OBJ/models/3dbda863da1b282654a29524abf83a72.obj,wss.3dbda863da1b282654a29524abf83a72,3dbda863da1b282654a29524abf83a72,Bed,"Bed,QueenBed",train,2.529942,0.604966,4.239581,1.8093205,1.18053215,2.389644
data/shapenetsem_regression/processed/ChestOfDrawers/df9abc0aeefbf80a82c2ee15a3a969ec.npz,data/shapenetsem_regression/raw/models-OBJ/models/df9abc0aeefbf80a82c2ee15a3a969ec.obj,wss.df9abc0aeefbf80a82c2ee15a3a969ec,df9abc0aeefbf80a82c2ee15a3a969ec,ChestOfDrawers,"ChestOfDrawers,Dresser",train,1.092998,0.088841,0.920765,1.550891,1.1631681,0.64215576
data/shapenetsem_regression/processed/Rack/70c7e00ae9ad2895650fab339c10ffb5.npz,data/shapenetsem_regression/raw/models-OBJ/models/70c7e00ae9ad2895650fab339c10ffb5.obj,wss.70c7e00ae9ad2895650fab339c10ffb5,70c7e00ae9ad2895650fab339c10ffb5,Rack,Rack,train,0.062827,0.029096,0.674412,1.6173752,0.34369328000000005,0.40434483
data/shapenetsem_regression/processed/Truck/ac456ecedaaf35129e0514c338f86927.npz,data/shapenetsem_regression/raw/models-OBJ/models/ac456ecedaaf35129e0514c338f86927.obj,wss.ac456ecedaaf35129e0514c338f86927,ac456ecedaaf35129e0514c338f86927,Truck,Truck,train,7.063633,1.723138,0.326365,2.6028638,1.8441829,4.2866217
data/shapenetsem_regression/processed/Bed/8031a85ece37f223b5edf94cfe57f2d.npz,data/shapenetsem_regression/raw/models-OBJ/models/8031a85ece37f223b5edf94cfe57f2d.obj,wss.8031a85ece37f223b5edf94cfe57f2d,8031a85ece37f223b5edf94cfe57f2d,Bed,"Bed,KingBed",train,2.699395,0.529959,0.181127,2.0961295,1.6039948000000002,2.3573862
data/shapenetsem_regression/processed/Couch/a627a11941892ada3707a503164f0d91.npz,data/shapenetsem_regression/raw/models-OBJ/models/a627a11941892ada3707a503164f0d91.obj,wss.a627a11941892ada3707a503164f0d91,a627a11941892ada3707a503164f0d91,Couch,Couch,train,0.504203,0.147112,1.756704,1.8168787000000002,0.48738729999999997,1.5905176
data/shapenetsem_regression/processed/Bed/f91901c11c49fc82d810b14a81e12eca.npz,data/shapenetsem_regression/raw/models-OBJ/models/f91901c11c49fc82d810b14a81e12eca.obj,wss.f91901c11c49fc82d810b14a81e12eca,f91901c11c49fc82d810b14a81e12eca,Bed,"Bed,QueenBed",train,2.060993,0.599648,0.129618,2.1495378,0.9172241,2.217175
data/shapenetsem_regression/processed/Couch/7a92d499a6f3460a4dc2316a7e66d36.npz,data/shapenetsem_regression/raw/models-OBJ/models/7a92d499a6f3460a4dc2316a7e66d36.obj,wss.7a92d499a6f3460a4dc2316a7e66d36,7a92d499a6f3460a4dc2316a7e66d36,Couch,Couch,train,1.692721,0.204351,0.034569,1.5901201,1.2151572400000001,1.4364378
data/shapenetsem_regression/processed/Oven/722b0b83caf2f60e281a6cdf4a802675.npz,data/shapenetsem_regression/raw/models-OBJ/models/722b0b83caf2f60e281a6cdf4a802675.obj,wss.722b0b83caf2f60e281a6cdf4a802675,722b0b83caf2f60e281a6cdf4a802675,Oven,Oven,train,1.40575,0.202134,1.06709,1.0865208,1.6659985000000002,1.0865208
data/shapenetsem_regression/processed/Bed/74f19b23b62ea30ae3f7a74e12a274ef.npz,data/shapenetsem_regression/raw/models-OBJ/models/74f19b23b62ea30ae3f7a74e12a274ef.obj,wss.74f19b23b62ea30ae3f7a74e12a274ef,74f19b23b62ea30ae3f7a74e12a274ef,Bed,"Bed,QueenBed,_OIMwhitelist",train,2.56106,0.490022,0.08734,1.9001723000000001,0.8877132000000001,2.4469116
data/shapenetsem_regression/processed/Couch/a4c8e8816a1c5f54e6e3ac4cbdf2e092.npz,data/shapenetsem_regression/raw/models-OBJ/models/a4c8e8816a1c5f54e6e3ac4cbdf2e092.obj,wss.a4c8e8816a1c5f54e6e3ac4cbdf2e092,a4c8e8816a1c5f54e6e3ac4cbdf2e092,Couch,"Couch,_AttributesTrain",train,0.771041,0.154693,0.601395,2.174929,0.66089096,0.94928314
data/shapenetsem_regression/processed/Booth/17cba19c6eb02655086f69b146d7b59.npz,data/shapenetsem_regression/raw/models-OBJ/models/17cba19c6eb02655086f69b146d7b59.obj,wss.17cba19c6eb02655086f69b146d7b59,17cba19c6eb02655086f69b146d7b59,Booth,Booth,train,3.821349,0.469467,0.204636,2.6051780000000004,1.0537794,2.4579294
data/shapenetsem_regression/processed/Sink/b5c707edd377fb4a5c6eb4e85d341904.npz,data/shapenetsem_regression/raw/models-OBJ/models/b5c707edd377fb4a5c6eb4e85d341904.obj,wss.b5c707edd377fb4a5c6eb4e85d341904,b5c707edd377fb4a5c6eb4e85d341904,Sink,Sink,train,1.84647,0.110446,1.33817,1.4963387000000001,1.4513874999999998,1.0073269
data/shapenetsem_regression/processed/Couch/fa1e1a91e66faf411de55fee5ac2c5c2.npz,data/shapenetsem_regression/raw/models-OBJ/models/fa1e1a91e66faf411de55fee5ac2c5c2.obj,wss.fa1e1a91e66faf411de55fee5ac2c5c2,fa1e1a91e66faf411de55fee5ac2c5c2,Couch,Couch,train,0.792462,0.181244,1.584853,1.992275,0.6409936,1.2993091
data/shapenetsem_regression/processed/Bed/6142925c3bce003ff1783a44a88d6274.npz,data/shapenetsem_regression/raw/models-OBJ/models/6142925c3bce003ff1783a44a88d6274.obj,wss.6142925c3bce003ff1783a44a88d6274,6142925c3bce003ff1783a44a88d6274,Bed,"Bed,QueenBed",train,1.678296,0.370312,0.016026,1.6823091,1.2569822000000002,2.4428514000000003
data/shapenetsem_regression/processed/Oven/84fbbbbd32a62581727ae3c2f4a1a1.npz,data/shapenetsem_regression/raw/models-OBJ/models/84fbbbbd32a62581727ae3c2f4a1a1.obj,wss.84fbbbbd32a62581727ae3c2f4a1a1,84fbbbbd32a62581727ae3c2f4a1a1,Oven,Oven,train,1.403439,0.09975,0.021393,1.3067297,1.5086220000000001,1.0738531500000001
data/shapenetsem_regression/processed/Bed/bbd23cc1e56a24204e649bb31ff339dd.npz,data/shapenetsem_regression/raw/models-OBJ/models/bbd23cc1e56a24204e649bb31ff339dd.obj,wss.bbd23cc1e56a24204e649bb31ff339dd,bbd23cc1e56a24204e649bb31ff339dd,Bed,"Bed,SingleBed",train,1.160049,0.186785,3.300375,1.5136931999999998,0.6688412499999999,2.1665335
data/shapenetsem_regression/processed/Counter/115136d967aafb7d58a311513e993aad.npz,data/shapenetsem_regression/raw/models-OBJ/models/115136d967aafb7d58a311513e993aad.obj,wss.115136d967aafb7d58a311513e993aad,115136d967aafb7d58a311513e993aad,Counter,"Counter,Oven",train,1.462334,0.101605,1.651238,1.3799021999999999,0.8753564500000001,1.22185165
data/shapenetsem_regression/processed/ChestOfDrawers/cca88978344ad1a360fe7f3536df936c.npz,data/shapenetsem_regression/raw/models-OBJ/models/cca88978344ad1a360fe7f3536df936c.obj,wss.cca88978344ad1a360fe7f3536df936c,cca88978344ad1a360fe7f3536df936c,ChestOfDrawers,"ChestOfDrawers,Dresser",train,0.80091,0.086159,1.29235,1.5277367000000002,0.6016718,0.9132680000000001
data/shapenetsem_regression/processed/Couch/354c37c168778a0bd4830313df3656b.npz,data/shapenetsem_regression/raw/models-OBJ/models/354c37c168778a0bd4830313df3656b.obj,wss.354c37c168778a0bd4830313df3656b,354c37c168778a0bd4830313df3656b,Couch,Couch,train,0.835551,0.187851,1.715514,1.9551262,0.7001361,1.3249625
data/shapenetsem_regression/processed/Fireplace/2cb7486cd0d713894c324889334fe6fb.npz,data/shapenetsem_regression/raw/models-OBJ/models/2cb7486cd0d713894c324889334fe6fb.obj,wss.2cb7486cd0d713894c324889334fe6fb,2cb7486cd0d713894c324889334fe6fb,Fireplace,Fireplace,train,0.522234,0.306788,0.208767,0.8449985,2.5121254,0.84489716
data/shapenetsem_regression/processed/Cabinet/bed9025513a46a09bb1a97f41fc4e5e0.npz,data/shapenetsem_regression/raw/models-OBJ/models/bed9025513a46a09bb1a97f41fc4e5e0.obj,wss.bed9025513a46a09bb1a97f41fc4e5e0,bed9025513a46a09bb1a97f41fc4e5e0,Cabinet,Cabinet,train,0.672667,0.162694,0.467495,0.5785830700000001,1.3536618000000002,1.0637398
data/shapenetsem_regression/processed/Couch/21f76612b56d67edf54efb4962ed3879.npz,data/shapenetsem_regression/raw/models-OBJ/models/21f76612b56d67edf54efb4962ed3879.obj,wss.21f76612b56d67edf54efb4962ed3879,21f76612b56d67edf54efb4962ed3879,Couch,"Couch,_StanfordSceneDBModels",train,0.588777,0.157774,0.950923,1.9132944,0.7201298,0.64141655
data/shapenetsem_regression/processed/MediaStorage/12238fe70f20f94613048bc4381266fe.npz,data/shapenetsem_regression/raw/models-OBJ/models/12238fe70f20f94613048bc4381266fe.obj,wss.12238fe70f20f94613048bc4381266fe,12238fe70f20f94613048bc4381266fe,MediaStorage,"MediaStorage,WallUnit",train,1.034203,0.259151,1.305365,2.6385503999999997,1.4392093,0.48473370000000005
data/shapenetsem_regression/processed/ChestOfDrawers/b17af9f7776ac230321f8a5ee5ac2582.npz,data/shapenetsem_regression/raw/models-OBJ/models/b17af9f7776ac230321f8a5ee5ac2582.obj,wss.b17af9f7776ac230321f8a5ee5ac2582,b17af9f7776ac230321f8a5ee5ac2582,ChestOfDrawers,"ChestOfDrawers,Dresser",train,1.080862,0.08545,0.65149,1.0609388,1.6166687,0.6567716
data/shapenetsem_regression/processed/Couch/2c12a9ba6d4d25df8af30108ea9ccb6c.npz,data/shapenetsem_regression/raw/models-OBJ/models/2c12a9ba6d4d25df8af30108ea9ccb6c.obj,wss.2c12a9ba6d4d25df8af30108ea9ccb6c,2c12a9ba6d4d25df8af30108ea9ccb6c,Couch,"Couch,_AttributesTrain",train,1.404536,0.172446,0.040219,1.9186758000000002,1.0864712,1.0984057600000001
data/shapenetsem_regression/processed/WallArt/328e22b37cdcc3421a0b944593ce0cfb.npz,data/shapenetsem_regression/raw/models-OBJ/models/328e22b37cdcc3421a0b944593ce0cfb.obj,wss.328e22b37cdcc3421a0b944593ce0cfb,328e22b37cdcc3421a0b944593ce0cfb,WallArt,"WallArt,Poster",train,0.007854,0.008768,0.68518,0.9037443500000001,0.9043251,0.013960825999999999
data/shapenetsem_regression/processed/Bed/a05b113b6f46b10e1c75d484f9069623.npz,data/shapenetsem_regression/raw/models-OBJ/models/a05b113b6f46b10e1c75d484f9069623.obj,wss.a05b113b6f46b10e1c75d484f9069623,a05b113b6f46b10e1c75d484f9069623,Bed,"Bed,PosterBed",train,3.553734,0.682326,0.108176,2.1560873000000003,2.5526459,2.156571
data/shapenetsem_regression/processed/Bed/9346c376015970633d3564ded6ce9f9c.npz,data/shapenetsem_regression/raw/models-OBJ/models/9346c376015970633d3564ded6ce9f9c.obj,wss.9346c376015970633d3564ded6ce9f9c,9346c376015970633d3564ded6ce9f9c,Bed,"Bed,KingBed",train,3.546736,0.372287,0.008542,2.4148328,1.1793369,2.302515
data/shapenetsem_regression/processed/ChestOfDrawers/d81d3191fcbcb111cab5175e3d716816.npz,data/shapenetsem_regression/raw/models-OBJ/models/d81d3191fcbcb111cab5175e3d716816.obj,wss.d81d3191fcbcb111cab5175e3d716816,d81d3191fcbcb111cab5175e3d716816,ChestOfDrawers,"ChestOfDrawers,Dresser",train,1.415395,0.158994,1.073188,1.3186494,1.3186494,0.8323969
data/shapenetsem_regression/processed/Chair/3f4e88498f4e54993f7e27638e63d848.npz,data/shapenetsem_regression/raw/models-OBJ/models/3f4e88498f4e54993f7e27638e63d848.obj,wss.3f4e88498f4e54993f7e27638e63d848,3f4e88498f4e54993f7e27638e63d848,Chair,"Chair,Recliner,_AttributesTrain,rankChairs",train,0.694916,0.125276,0.851907,1.1320676,0.8526846,1.0799541000000001
data/shapenetsem_regression/processed/Fireplace/82a0ba979f437d0730d32956603b1f19.npz,data/shapenetsem_regression/raw/models-OBJ/models/82a0ba979f437d0730d32956603b1f19.obj,wss.82a0ba979f437d0730d32956603b1f19,82a0ba979f437d0730d32956603b1f19,Fireplace,Fireplace,train,1.106312,0.328632,1.547236,2.3396494000000003,1.1751167,0.940094
data/shapenetsem_regression/processed/ChestOfDrawers/b60bf64c7402978555a060c097fa68cc.npz,data/shapenetsem_regression/raw/models-OBJ/models/b60bf64c7402978555a060c097fa68cc.obj,wss.b60bf64c7402978555a060c097fa68cc,b60bf64c7402978555a060c097fa68cc,ChestOfDrawers,"ChestOfDrawers,Dresser,_AttributesTrain",train,0.873564,0.103802,0.935985,1.7306511,0.9305684,0.55628075
data/shapenetsem_regression/processed/Bench/a84f517e79d80d482e23b5f9fd46e1e.npz,data/shapenetsem_regression/raw/models-OBJ/models/a84f517e79d80d482e23b5f9fd46e1e.obj,wss.a84f517e79d80d482e23b5f9fd46e1e,a84f517e79d80d482e23b5f9fd46e1e,Bench,Bench,train,0.204857,0.028958,0.5446,0.7301721000000001,1.04962234,0.7301721000000001
data/shapenetsem_regression/processed/Cabinet/31a7cd3b7990834cde650492e45fb14f.npz,data/shapenetsem_regression/raw/models-OBJ/models/31a7cd3b7990834cde650492e45fb14f.obj,wss.31a7cd3b7990834cde650492e45fb14f,31a7cd3b7990834cde650492e45fb14f,Cabinet,Cabinet,train,0.873263,0.149711,0.797197,1.3498753,0.9702229,0.7311853
data/shapenetsem_regression/processed/Helicopter/8f919e79a2b741d36252573e97057236.npz,data/shapenetsem_regression/raw/models-OBJ/models/8f919e79a2b741d36252573e97057236.obj,wss.8f919e79a2b741d36252573e97057236,8f919e79a2b741d36252573e97057236,Helicopter,"Helicopter,_Attributes",train,1.704675,1.134414,0.102286,4.6779404,1.5401357999999998,5.73235
data/shapenetsem_regression/processed/Microwave/b3bf04a02a596b139220647403cfb896.npz,data/shapenetsem_regression/raw/models-OBJ/models/b3bf04a02a596b139220647403cfb896.obj,wss.b3bf04a02a596b139220647403cfb896,b3bf04a02a596b139220647403cfb896,Microwave,Microwave,train,0.156893,0.010202,0.486582,0.6823911,0.32056514999999997,0.7115911
data/shapenetsem_regression/processed/Bed/abd7d9614d770afa4995ad4994ba77fe.npz,data/shapenetsem_regression/raw/models-OBJ/models/abd7d9614d770afa4995ad4994ba77fe.obj,wss.abd7d9614d770afa4995ad4994ba77fe,abd7d9614d770afa4995ad4994ba77fe,Bed,"Bed,LoftBed",train,1.736873,0.432054,0.002399,1.9824673000000002,1.8273787,1.7788130000000002
data/shapenetsem_regression/processed/Bicycle/d66716bdcc536ee8614a57e46b2dd4e0.npz,data/shapenetsem_regression/raw/models-OBJ/models/d66716bdcc536ee8614a57e46b2dd4e0.obj,wss.d66716bdcc536ee8614a57e46b2dd4e0,d66716bdcc536ee8614a57e46b2dd4e0,Bicycle,"Bicycle,_Attributes",train,3.396189,2.248669,0.176038,2.4272998,5.3110205,9.077782
data/shapenetsem_regression/processed/ChestOfDrawers/ed962adb28a752239d83b0c6628c5e37.npz,data/shapenetsem_regression/raw/models-OBJ/models/ed962adb28a752239d83b0c6628c5e37.obj,wss.ed962adb28a752239d83b0c6628c5e37,ed962adb28a752239d83b0c6628c5e37,ChestOfDrawers,"ChestOfDrawers,Dresser",train,0.894612,0.305017,0.005845,1.2034206,1.5100252,0.6650151
data/shapenetsem_regression/processed/ChestOfDrawers/72fce009015254f2aaabf927688d21ae.npz,data/shapenetsem_regression/raw/models-OBJ/models/72fce009015254f2aaabf927688d21ae.obj,wss.72fce009015254f2aaabf927688d21ae,72fce009015254f2aaabf927688d21ae,ChestOfDrawers,"ChestOfDrawers,Dresser",train,1.217431,0.103248,0.827338,1.2337765,1.4710434000000001,0.6959796
data/shapenetsem_regression/processed/Room/room07.npz,data/shapenetsem_regression/raw/models-OBJ/models/room07.obj,wss.room07,room07,Room,Room,train,12.365352,9.274014,1.107862,6.69859,3.429,7.0230999999999995
data/shapenetsem_regression/processed/TV/dbe4f9efc898ddd699dd0ef90f38e14f.npz,data/shapenetsem_regression/raw/models-OBJ/models/dbe4f9efc898ddd699dd0ef90f38e14f.obj,wss.dbe4f9efc898ddd699dd0ef90f38e14f,dbe4f9efc898ddd699dd0ef90f38e14f,TV,TV,train,0.031258,0.008892,0.523393,0.9151111000000001,0.60391346,0.11886551000000001
data/shapenetsem_regression/processed/Helicopter/fdb1c62b75eb7fe8989a4a13be837150.npz,data/shapenetsem_regression/raw/models-OBJ/models/fdb1c62b75eb7fe8989a4a13be837150.obj,wss.fdb1c62b75eb7fe8989a4a13be837150,fdb1c62b75eb7fe8989a4a13be837150,Helicopter,Helicopter,train,1.928959,0.912037,0.037537,3.9179895,1.7993692,6.1998486
data/shapenetsem_regression/processed/Whiteboard/3b3b504c2c9239a011636a880a1a329e.npz,data/shapenetsem_regression/raw/models-OBJ/models/3b3b504c2c9239a011636a880a1a329e.obj,wss.3b3b504c2c9239a011636a880a1a329e,3b3b504c2c9239a011636a880a1a329e,Whiteboard,Whiteboard,train,0.207672,0.108923,4.334308,3.0664710000000004,1.4054662,0.025553937000000002
data/shapenetsem_regression/processed/Rug/da2d59b776bbbb3ef398782dc604985a.npz,data/shapenetsem_regression/raw/models-OBJ/models/da2d59b776bbbb3ef398782dc604985a.obj,wss.da2d59b776bbbb3ef398782dc604985a,da2d59b776bbbb3ef398782dc604985a,Rug,Rug,train,0.066649,0.066649,3.569693,2.3898763,7.740666000000001e-16,1.4877150000000001
data/shapenetsem_regression/processed/Bed/d3e6e58d0e3f9d133dd0bb3e608c7548.npz,data/shapenetsem_regression/raw/models-OBJ/models/d3e6e58d0e3f9d133dd0bb3e608c7548.obj,wss.d3e6e58d0e3f9d133dd0bb3e608c7548,d3e6e58d0e3f9d133dd0bb3e608c7548,Bed,"Bed,DoubleBed",train,1.542245,0.276399,2.699569,1.7206937,0.8303128,2.2261432
data/shapenetsem_regression/processed/Couch/7669de4a8474b6f4b53857b83094d3a9.npz,data/shapenetsem_regression/raw/models-OBJ/models/7669de4a8474b6f4b53857b83094d3a9.obj,wss.7669de4a8474b6f4b53857b83094d3a9,7669de4a8474b6f4b53857b83094d3a9,Couch,Couch,train,1.451704,0.189291,0.104048,1.7510151999999999,1.12665565,1.3163782000000002
data/shapenetsem_regression/processed/Cabinet/68aa1ed740374787de650492e45fb14f.npz,data/shapenetsem_regression/raw/models-OBJ/models/68aa1ed740374787de650492e45fb14f.obj,wss.68aa1ed740374787de650492e45fb14f,68aa1ed740374787de650492e45fb14f,Cabinet,Cabinet,train,1.016649,0.140384,0.788754,1.1602324,1.11188934,0.846006
data/shapenetsem_regression/processed/Helicopter/6a3f24e06c205f57f2303fb6f4f97c22.npz,data/shapenetsem_regression/raw/models-OBJ/models/6a3f24e06c205f57f2303fb6f4f97c22.obj,wss.6a3f24e06c205f57f2303fb6f4f97c22,6a3f24e06c205f57f2303fb6f4f97c22,Helicopter,Helicopter,train,1.765923,0.978615,0.59783,4.659865,1.4629885999999999,5.762193600000001
data/shapenetsem_regression/processed/Couch/54b420da7102d792b36717b39afb6ad8.npz,data/shapenetsem_regression/raw/models-OBJ/models/54b420da7102d792b36717b39afb6ad8.obj,wss.54b420da7102d792b36717b39afb6ad8,54b420da7102d792b36717b39afb6ad8,Couch,Couch,train,0.22187,0.06283,1.029256,1.6914552,0.42838356,1.7388873
data/shapenetsem_regression/processed/Couch/f81a05c0b43e9bf18c9441777325d0fd.npz,data/shapenetsem_regression/raw/models-OBJ/models/f81a05c0b43e9bf18c9441777325d0fd.obj,wss.f81a05c0b43e9bf18c9441777325d0fd,f81a05c0b43e9bf18c9441777325d0fd,Couch,"Couch,_Attributes",train,1.114293,0.214933,1.694263,2.1030951,0.8627029400000001,0.94920074
data/shapenetsem_regression/processed/Chair/b4827a7b42d68aadbeab82a04eef83b6.npz,data/shapenetsem_regression/raw/models-OBJ/models/b4827a7b42d68aadbeab82a04eef83b6.obj,wss.b4827a7b42d68aadbeab82a04eef83b6,b4827a7b42d68aadbeab82a04eef83b6,Chair,Chair,train,0.200256,0.041723,0.527878,0.7192912,1.207979,0.7955987000000001
data/shapenetsem_regression/processed/Bed/2c0873b833f1900aac3aaaa1c95b6d6.npz,data/shapenetsem_regression/raw/models-OBJ/models/2c0873b833f1900aac3aaaa1c95b6d6.obj,wss.2c0873b833f1900aac3aaaa1c95b6d6,2c0873b833f1900aac3aaaa1c95b6d6,Bed,"Bed,QueenBed",train,1.666197,0.315764,0.570901,1.7400279,1.19255394,2.4361966
data/shapenetsem_regression/processed/ChestOfDrawers/28bf43e37ce672cbe3f7a74e12a274ef.npz,data/shapenetsem_regression/raw/models-OBJ/models/28bf43e37ce672cbe3f7a74e12a274ef.obj,wss.28bf43e37ce672cbe3f7a74e12a274ef,28bf43e37ce672cbe3f7a74e12a274ef,ChestOfDrawers,"ChestOfDrawers,Armoire",train,1.003861,0.207981,0.648593,1.0242361,1.7250475,0.75729774
data/shapenetsem_regression/processed/Refrigerator/4665049cf0ffe6c142ae953987290bab.npz,data/shapenetsem_regression/raw/models-OBJ/models/4665049cf0ffe6c142ae953987290bab.obj,wss.4665049cf0ffe6c142ae953987290bab,4665049cf0ffe6c142ae953987290bab,Refrigerator,Refrigerator,train,1.006219,0.077351,0.641564,0.8219149,1.5667754,0.79908394
data/shapenetsem_regression/processed/ChestOfDrawers/76cbf19c43e23a97cadb8b99da46ea55.npz,data/shapenetsem_regression/raw/models-OBJ/models/76cbf19c43e23a97cadb8b99da46ea55.obj,wss.76cbf19c43e23a97cadb8b99da46ea55,76cbf19c43e23a97cadb8b99da46ea55,ChestOfDrawers,"ChestOfDrawers,Armoire",train,1.012367,0.100267,0.607475,1.18525635,1.6810452,0.60631958
data/shapenetsem_regression/processed/Bed/82ff5d6c758ae35d18ca2b0c0c41981e.npz,data/shapenetsem_regression/raw/models-OBJ/models/82ff5d6c758ae35d18ca2b0c0c41981e.obj,wss.82ff5d6c758ae35d18ca2b0c0c41981e,82ff5d6c758ae35d18ca2b0c0c41981e,Bed,"Bed,LoftBed",train,1.574644,0.297088,2.546826,2.2898532,1.8881496000000002,1.27134926
data/shapenetsem_regression/processed/Sink/f851ba9ce33820325de164737a8ca010.npz,data/shapenetsem_regression/raw/models-OBJ/models/f851ba9ce33820325de164737a8ca010.obj,wss.f851ba9ce33820325de164737a8ca010,f851ba9ce33820325de164737a8ca010,Sink,Sink,train,0.413147,0.08331,0.518867,1.6386359,1.0515421999999999,1.2539581
data/shapenetsem_regression/processed/Bed/37669b95ea1493e015db41c14447f.npz,data/shapenetsem_regression/raw/models-OBJ/models/37669b95ea1493e015db41c14447f.obj,wss.37669b95ea1493e015db41c14447f,37669b95ea1493e015db41c14447f,Bed,"Bed,QueenBed",train,1.5949,0.362826,0.11118,1.8646066,0.8878255,2.472381
data/shapenetsem_regression/processed/ChestOfDrawers/769e39290e714d19f1783a44a88d6274.npz,data/shapenetsem_regression/raw/models-OBJ/models/769e39290e714d19f1783a44a88d6274.obj,wss.769e39290e714d19f1783a44a88d6274,769e39290e714d19f1783a44a88d6274,ChestOfDrawers,"ChestOfDrawers,Dresser",train,1.222495,0.087433,1.021915,1.4077983,1.2868831,0.7298096
data/shapenetsem_regression/processed/Rug/95150b652335382bca28a348ca37e66b.npz,data/shapenetsem_regression/raw/models-OBJ/models/95150b652335382bca28a348ca37e66b.obj,wss.95150b652335382bca28a348ca37e66b,95150b652335382bca28a348ca37e66b,Rug,"Rug,_Attributes",train,0.133546,0.133546,3.875589,1.7493664999999998,0.03192585,2.2053305
data/shapenetsem_regression/processed/Bed/fcec8e5a77716623f1783a44a88d6274.npz,data/shapenetsem_regression/raw/models-OBJ/models/fcec8e5a77716623f1783a44a88d6274.obj,wss.fcec8e5a77716623f1783a44a88d6274,fcec8e5a77716623f1783a44a88d6274,Bed,"Bed,PosterBed",train,2.513928,0.557318,0.036109,1.9214328,2.4144797000000002,2.5087387000000003
data/shapenetsem_regression/processed/MediaStorage/f8f8ff7d9cfdd395765b19233e844344.npz,data/shapenetsem_regression/raw/models-OBJ/models/f8f8ff7d9cfdd395765b19233e844344.obj,wss.f8f8ff7d9cfdd395765b19233e844344,f8f8ff7d9cfdd395765b19233e844344,MediaStorage,"MediaStorage,WallUnit",train,0.396486,0.299924,0.015483,2.4011374,1.8129556,0.46473625
data/shapenetsem_regression/processed/ChestOfDrawers/60bd4a48e841e05b8c679deac078a24a.npz,data/shapenetsem_regression/raw/models-OBJ/models/60bd4a48e841e05b8c679deac078a24a.obj,wss.60bd4a48e841e05b8c679deac078a24a,60bd4a48e841e05b8c679deac078a24a,ChestOfDrawers,"ChestOfDrawers,Dresser",train,1.062296,0.088799,0.966682,1.5279488,1.07855286,0.8201495
data/shapenetsem_regression/processed/MediaStorage/9b298fa03232e1c29daeea1362fbd792.npz,data/shapenetsem_regression/raw/models-OBJ/models/9b298fa03232e1c29daeea1362fbd792.obj,wss.9b298fa03232e1c29daeea1362fbd792,9b298fa03232e1c29daeea1362fbd792,MediaStorage,"MediaStorage,WallUnit,TvStand",train,0.882593,0.458908,0.166117,2.5013354000000003,1.3027786000000001,1.1464440999999999
data/shapenetsem_regression/processed/Bed/9ca217659b16e3e27eb00c151c6f711.npz,data/shapenetsem_regression/raw/models-OBJ/models/9ca217659b16e3e27eb00c151c6f711.obj,wss.9ca217659b16e3e27eb00c151c6f711,9ca217659b16e3e27eb00c151c6f711,Bed,"Bed,DoubleBed",train,2.800875,0.340591,4.351652,1.9751808,1.4079249999999999,2.5964281999999996
data/shapenetsem_regression/processed/Fireplace/1f9f7bfaaa3ece275c9d176381092c91.npz,data/shapenetsem_regression/raw/models-OBJ/models/1f9f7bfaaa3ece275c9d176381092c91.obj,wss.1f9f7bfaaa3ece275c9d176381092c91,1f9f7bfaaa3ece275c9d176381092c91,Fireplace,Fireplace,train,0.348236,0.153028,0.930425,1.9548737,1.9042845,0.53927864
data/shapenetsem_regression/processed/Rug/e913c488befe5bea89e08a687ee72988.npz,data/shapenetsem_regression/raw/models-OBJ/models/e913c488befe5bea89e08a687ee72988.obj,wss.e913c488befe5bea89e08a687ee72988,e913c488befe5bea89e08a687ee72988,Rug,Rug,train,0.06162,0.06162,3.962352,1.9905658,0.009520098000000001,1.9905635000000002
data/shapenetsem_regression/processed/ChestOfDrawers/9fbb34244e00b2a9eacb155f400b9076.npz,data/shapenetsem_regression/raw/models-OBJ/models/9fbb34244e00b2a9eacb155f400b9076.obj,wss.9fbb34244e00b2a9eacb155f400b9076,9fbb34244e00b2a9eacb155f400b9076,ChestOfDrawers,"ChestOfDrawers,Dresser",train,0.873186,0.237998,0.829862,1.7602716,0.8593288,0.57754326
data/shapenetsem_regression/processed/Cabinet/7301cc092b8be04d952d35aa78d86122.npz,data/shapenetsem_regression/raw/models-OBJ/models/7301cc092b8be04d952d35aa78d86122.obj,wss.7301cc092b8be04d952d35aa78d86122,7301cc092b8be04d952d35aa78d86122,Cabinet,Cabinet,train,0.969084,0.05838,0.741062,0.8290405,1.03441025,1.2412921000000001
data/shapenetsem_regression/processed/DartBoard/5c22d4ae62ace8d2340b9c9d10273ac.npz,data/shapenetsem_regression/raw/models-OBJ/models/5c22d4ae62ace8d2340b9c9d10273ac.obj,wss.5c22d4ae62ace8d2340b9c9d10273ac,5c22d4ae62ace8d2340b9c9d10273ac,DartBoard,DartBoard,train,0.004073,0.004073,0.595421,0.875608,0.8756091000000001,3.1915825e-17
data/shapenetsem_regression/processed/Refrigerator/392f9b7a08c8ba8718c6f74ea0d202aa.npz,data/shapenetsem_regression/raw/models-OBJ/models/392f9b7a08c8ba8718c6f74ea0d202aa.obj,wss.392f9b7a08c8ba8718c6f74ea0d202aa,392f9b7a08c8ba8718c6f74ea0d202aa,Refrigerator,Refrigerator,train,1.196365,0.085285,0.710533,0.9571904000000001,1.3410635,1.02674225
data/shapenetsem_regression/processed/Fireplace/bec1921aace45bdecbc6ff5546f4ec42.npz,data/shapenetsem_regression/raw/models-OBJ/models/bec1921aace45bdecbc6ff5546f4ec42.obj,wss.bec1921aace45bdecbc6ff5546f4ec42,bec1921aace45bdecbc6ff5546f4ec42,Fireplace,Fireplace,train,1.490993,0.352293,0.932697,2.1009544,1.6928075999999999,0.6775261
data/shapenetsem_regression/processed/Couch/d8fa31c19a952efb293968bf1f72ae90.npz,data/shapenetsem_regression/raw/models-OBJ/models/d8fa31c19a952efb293968bf1f72ae90.obj,wss.d8fa31c19a952efb293968bf1f72ae90,d8fa31c19a952efb293968bf1f72ae90,Couch,Couch,train,1.204522,0.188562,2.102248,1.9332181,0.8256903,1.2843681
data/shapenetsem_regression/processed/ChestOfDrawers/793aa6d322f1e31d9c75eb4326997fae.npz,data/shapenetsem_regression/raw/models-OBJ/models/793aa6d322f1e31d9c75eb4326997fae.obj,wss.793aa6d322f1e31d9c75eb4326997fae,793aa6d322f1e31d9c75eb4326997fae,ChestOfDrawers,"ChestOfDrawers,Dresser,DresserWithMirror",train,0.240035,0.064163,0.670465,1.3512760000000001,1.2747036,0.4909636
data/shapenetsem_regression/processed/Rug/74a654df5b0372298ce3457f583f6a81.npz,data/shapenetsem_regression/raw/models-OBJ/models/74a654df5b0372298ce3457f583f6a81.obj,wss.74a654df5b0372298ce3457f583f6a81,74a654df5b0372298ce3457f583f6a81,Rug,Rug,train,0.066197,0.066927,3.80388,2.2520749,0.0093836457,1.6890562
data/shapenetsem_regression/processed/Sink/9a306a987bb4169e738e43095496b061.npz,data/shapenetsem_regression/raw/models-OBJ/models/9a306a987bb4169e738e43095496b061.obj,wss.9a306a987bb4169e738e43095496b061,9a306a987bb4169e738e43095496b061,Sink,Sink,train,1.260263,0.255484,0.060447,1.4944312,1.577455,0.7991055
data/shapenetsem_regression/processed/Bed/9b034ad60f8eb5c9b822d48a43773c62.npz,data/shapenetsem_regression/raw/models-OBJ/models/9b034ad60f8eb5c9b822d48a43773c62.obj,wss.9b034ad60f8eb5c9b822d48a43773c62,9b034ad60f8eb5c9b822d48a43773c62,Bed,"Bed,QueenBed",train,1.109597,0.38293,0.002213,2.4581204,0.7953363,1.9248488000000001
data/shapenetsem_regression/processed/Bed/c2b65540d51fada22bfa21768064df9c.npz,data/shapenetsem_regression/raw/models-OBJ/models/c2b65540d51fada22bfa21768064df9c.obj,wss.c2b65540d51fada22bfa21768064df9c,c2b65540d51fada22bfa21768064df9c,Bed,"Bed,QueenBed",train,1.743004,0.47091,0.0132,2.0317488,1.04894104,2.2692271
data/shapenetsem_regression/processed/Bed/88ff671b56e5a1b1b161f36d4e309050.npz,data/shapenetsem_regression/raw/models-OBJ/models/88ff671b56e5a1b1b161f36d4e309050.obj,wss.88ff671b56e5a1b1b161f36d4e309050,88ff671b56e5a1b1b161f36d4e309050,Bed,"Bed,_AttributesTrain,QueenBed",train,2.087986,0.196292,0.072856,2.1551393,1.2158981,2.0649064999999998
data/shapenetsem_regression/processed/Fireplace/7fb7a28b1ee4e9715eead856a4605937.npz,data/shapenetsem_regression/raw/models-OBJ/models/7fb7a28b1ee4e9715eead856a4605937.obj,wss.7fb7a28b1ee4e9715eead856a4605937,7fb7a28b1ee4e9715eead856a4605937,Fireplace,Fireplace,train,1.225094,0.185796,1.02782,1.13509865,2.2720955000000003,1.13509865
data/shapenetsem_regression/processed/Bed/f032843ecde2731264f9f3e91e97369b.npz,data/shapenetsem_regression/raw/models-OBJ/models/f032843ecde2731264f9f3e91e97369b.obj,wss.f032843ecde2731264f9f3e91e97369b,f032843ecde2731264f9f3e91e97369b,Bed,"Bed,LoftBed",train,0.823329,0.367176,0.098446,2.3583572,2.0063518,0.915177
data/shapenetsem_regression/processed/Bed/6f66b1a489e6a93ac0b9503d0a8f4d24.npz,data/shapenetsem_regression/raw/models-OBJ/models/6f66b1a489e6a93ac0b9503d0a8f4d24.obj,wss.6f66b1a489e6a93ac0b9503d0a8f4d24,6f66b1a489e6a93ac0b9503d0a8f4d24,Bed,"Bed,KingBed",train,3.546736,0.372287,0.008542,2.4148328,1.1793369,2.302515
data/shapenetsem_regression/processed/Bed/c5e031ff136c73c54d6196b671312533.npz,data/shapenetsem_regression/raw/models-OBJ/models/c5e031ff136c73c54d6196b671312533.obj,wss.c5e031ff136c73c54d6196b671312533,c5e031ff136c73c54d6196b671312533,Bed,"Bed,LoftBed",train,1.046774,0.325056,0.037973,2.1547531,1.8046057,1.5891306
data/shapenetsem_regression/processed/MediaStorage/ba50ce3085d1f908447eea2e92abe28f.npz,data/shapenetsem_regression/raw/models-OBJ/models/ba50ce3085d1f908447eea2e92abe28f.obj,wss.ba50ce3085d1f908447eea2e92abe28f,ba50ce3085d1f908447eea2e92abe28f,MediaStorage,"MediaStorage,WallUnit,_StanfordSceneDBModels",train,1.580639,0.454823,1.875239,2.8046075000000004,1.7480818,0.69730255
data/shapenetsem_regression/processed/Bed/ed6c4f9b32734415c789678754b18008.npz,data/shapenetsem_regression/raw/models-OBJ/models/ed6c4f9b32734415c789678754b18008.obj,wss.ed6c4f9b32734415c789678754b18008,ed6c4f9b32734415c789678754b18008,Bed,"Bed,KingBed",train,1.558036,0.427469,0.106311,2.5352167,1.2102691,2.1521567
data/shapenetsem_regression/processed/Rug/588ada2090d2b2c4142aa18688bc8ec0.npz,data/shapenetsem_regression/raw/models-OBJ/models/588ada2090d2b2c4142aa18688bc8ec0.obj,wss.588ada2090d2b2c4142aa18688bc8ec0,588ada2090d2b2c4142aa18688bc8ec0,Rug,"Rug,_StanfordSceneDBModels,_SceneGalleryModels",train,0.082705,0.082705,4.302996,1.7451926,0.0099535716,2.4601959
data/shapenetsem_regression/processed/MediaStorage/ab62311a3ebede7da44bfc1d91c6a8aa.npz,data/shapenetsem_regression/raw/models-OBJ/models/ab62311a3ebede7da44bfc1d91c6a8aa.obj,wss.ab62311a3ebede7da44bfc1d91c6a8aa,ab62311a3ebede7da44bfc1d91c6a8aa,MediaStorage,"MediaStorage,WallUnit",train,0.220407,0.229761,3.46155,2.0240103,2.2544089,0.29878584
data/shapenetsem_regression/processed/Bed/dd004adab5934d477b076baeaedfec9b.npz,data/shapenetsem_regression/raw/models-OBJ/models/dd004adab5934d477b076baeaedfec9b.obj,wss.dd004adab5934d477b076baeaedfec9b,dd004adab5934d477b076baeaedfec9b,Bed,"Bed,DoubleBed",train,0.967471,0.27514,0.005895,1.7649823,0.8132763000000001,2.1975772
data/shapenetsem_regression/processed/Cabinet/3e080e2b2556add4eabad247a05ad956.npz,data/shapenetsem_regression/raw/models-OBJ/models/3e080e2b2556add4eabad247a05ad956.obj,wss.3e080e2b2556add4eabad247a05ad956,3e080e2b2556add4eabad247a05ad956,Cabinet,"Cabinet,CurioCabinet",train,1.740016,0.315403,0.034147,1.8699341,1.8123193000000002,0.69386765
data/shapenetsem_regression/processed/Bench/a5d046752f6cb4bf4212ff51b27f0221.npz,data/shapenetsem_regression/raw/models-OBJ/models/a5d046752f6cb4bf4212ff51b27f0221.obj,wss.a5d046752f6cb4bf4212ff51b27f0221,a5d046752f6cb4bf4212ff51b27f0221,Bench,Bench,train,0.233107,0.043189,0.50665,1.1367399,0.7957179,0.49258728
data/shapenetsem_regression/processed/Fireplace/cf3f6a3a305aeec81fcc6cd2b8a40871.npz,data/shapenetsem_regression/raw/models-OBJ/models/cf3f6a3a305aeec81fcc6cd2b8a40871.obj,wss.cf3f6a3a305aeec81fcc6cd2b8a40871,cf3f6a3a305aeec81fcc6cd2b8a40871,Fireplace,Fireplace,train,0.882777,0.174487,1.264229,1.8353675999999999,1.8894432,0.8944848000000001
data/shapenetsem_regression/processed/Rug/ef4a5d99b58ccb63bec87e3f451c8236.npz,data/shapenetsem_regression/raw/models-OBJ/models/ef4a5d99b58ccb63bec87e3f451c8236.obj,wss.ef4a5d99b58ccb63bec87e3f451c8236,ef4a5d99b58ccb63bec87e3f451c8236,Rug,"Rug,_StanfordSceneDBModels",train,0.121782,0.121782,3.416105,1.4964024,0.025185317999999998,2.2815548999999997
data/shapenetsem_regression/processed/Oven/b2446430554853c2a734f72f0da141e8.npz,data/shapenetsem_regression/raw/models-OBJ/models/b2446430554853c2a734f72f0da141e8.obj,wss.b2446430554853c2a734f72f0da141e8,b2446430554853c2a734f72f0da141e8,Oven,Oven,train,1.909258,0.197242,1.40885,1.2953699,1.3280234,1.3019006
data/shapenetsem_regression/processed/ChestOfDrawers/b1bdcc7bcb3148aaa23949c21eddef76.npz,data/shapenetsem_regression/raw/models-OBJ/models/b1bdcc7bcb3148aaa23949c21eddef76.obj,wss.b1bdcc7bcb3148aaa23949c21eddef76,b1bdcc7bcb3148aaa23949c21eddef76,ChestOfDrawers,"ChestOfDrawers,Dresser",train,0.854102,0.071914,0.630315,1.468628,1.3424738999999999,0.45993496
data/shapenetsem_regression/processed/SpaceShip/6a20bb557ed34b011b3ba5fca0675bd0.npz,data/shapenetsem_regression/raw/models-OBJ/models/6a20bb557ed34b011b3ba5fca0675bd0.obj,wss.6a20bb557ed34b011b3ba5fca0675bd0,6a20bb557ed34b011b3ba5fca0675bd0,SpaceShip,SpaceShip,train,17.02673,5.537168,0.067144,6.770309,5.8672314,5.588002
data/shapenetsem_regression/processed/Vanity/6028628127766d41cffd61677456447e.npz,data/shapenetsem_regression/raw/models-OBJ/models/6028628127766d41cffd61677456447e.obj,wss.6028628127766d41cffd61677456447e,6028628127766d41cffd61677456447e,Vanity,Vanity,train,0.475905,0.283885,0.032329,1.8743945,2.811715,1.4494727
data/shapenetsem_regression/processed/Truck/953dad33689d4c339fd98f69b4e5ae4e.npz,data/shapenetsem_regression/raw/models-OBJ/models/953dad33689d4c339fd98f69b4e5ae4e.obj,wss.953dad33689d4c339fd98f69b4e5ae4e,953dad33689d4c339fd98f69b4e5ae4e,Truck,"Truck,Toy",train,5.987191,2.291383,0.284676,1.7476701000000001,1.507792,4.8051813
data/shapenetsem_regression/processed/SpaceShip/5d65d939db2b6f5f993b8fa0593e4db0.npz,data/shapenetsem_regression/raw/models-OBJ/models/5d65d939db2b6f5f993b8fa0593e4db0.obj,wss.5d65d939db2b6f5f993b8fa0593e4db0,5d65d939db2b6f5f993b8fa0593e4db0,SpaceShip,SpaceShip,train,16118.457031,6207.291504,310.19754,66.6816,15.331643,65.29476
data/shapenetsem_regression/processed/MediaStorage/75f9ad7ded87bffe1bb088904f7cb154.npz,data/shapenetsem_regression/raw/models-OBJ/models/75f9ad7ded87bffe1bb088904f7cb154.obj,wss.75f9ad7ded87bffe1bb088904f7cb154,75f9ad7ded87bffe1bb088904f7cb154,MediaStorage,"MediaStorage,WallUnit,TvStand,_OIMwhitelist",train,1.714822,0.367876,0.314357,2.744058,0.88201866,0.9800207500000001
data/shapenetsem_regression/processed/Bed/e03b7e495d68ba1c2011c4f43617c522.npz,data/shapenetsem_regression/raw/models-OBJ/models/e03b7e495d68ba1c2011c4f43617c522.obj,wss.e03b7e495d68ba1c2011c4f43617c522,e03b7e495d68ba1c2011c4f43617c522,Bed,"Bed,QueenBed",train,1.360572,0.3028,0.283266,1.8754400000000002,0.9040994000000001,2.4582542000000003
data/shapenetsem_regression/processed/ChestOfDrawers/6a36134591ec32cd37c7771ad8a91690.npz,data/shapenetsem_regression/raw/models-OBJ/models/6a36134591ec32cd37c7771ad8a91690.obj,wss.6a36134591ec32cd37c7771ad8a91690,6a36134591ec32cd37c7771ad8a91690,ChestOfDrawers,"ChestOfDrawers,Dresser",train,0.940176,0.093025,0.491379,0.7085567,1.7251813999999999,0.8320370500000001
data/shapenetsem_regression/processed/Rug/238eb70ff089d166b7154919b02cbec.npz,data/shapenetsem_regression/raw/models-OBJ/models/238eb70ff089d166b7154919b02cbec.obj,wss.238eb70ff089d166b7154919b02cbec,238eb70ff089d166b7154919b02cbec,Rug,Rug,train,0.047168,0.046452,2.985228,1.9917499,0.005891842,1.989469
data/shapenetsem_regression/processed/ChestOfDrawers/ebad62ca1554613e3ea96ac97db63fa8.npz,data/shapenetsem_regression/raw/models-OBJ/models/ebad62ca1554613e3ea96ac97db63fa8.obj,wss.ebad62ca1554613e3ea96ac97db63fa8,ebad62ca1554613e3ea96ac97db63fa8,ChestOfDrawers,"ChestOfDrawers,Armoire,Wardrobe",train,1.031771,0.129772,0.594719,1.2082631000000001,1.6918853999999999,0.5135118
data/shapenetsem_regression/processed/ChestOfDrawers/a2362b1929b9ddf64a508b5d339a4f18.npz,data/shapenetsem_regression/raw/models-OBJ/models/a2362b1929b9ddf64a508b5d339a4f18.obj,wss.a2362b1929b9ddf64a508b5d339a4f18,a2362b1929b9ddf64a508b5d339a4f18,ChestOfDrawers,"ChestOfDrawers,Dresser",train,1.270099,0.084093,0.894398,1.2630821,1.4353206,0.7176603
data/shapenetsem_regression/processed/ChestOfDrawers/fdfd724da6e6771e5706d1c54190f27a.npz,data/shapenetsem_regression/raw/models-OBJ/models/fdfd724da6e6771e5706d1c54190f27a.obj,wss.fdfd724da6e6771e5706d1c54190f27a,fdfd724da6e6771e5706d1c54190f27a,ChestOfDrawers,"ChestOfDrawers,Armoire",train,1.146107,0.19481,0.954389,1.7054660000000001,1.16430916,0.57805664
data/shapenetsem_regression/processed/Tank/cca0b9a74f1e341386459c315bdea98e.npz,data/shapenetsem_regression/raw/models-OBJ/models/cca0b9a74f1e341386459c315bdea98e.obj,wss.cca0b9a74f1e341386459c315bdea98e,cca0b9a74f1e341386459c315bdea98e,Tank,"Tank,_Attributes",train,70.816376,68.105324,14.847289,2.0091069999999998,1.4210663,5.402974
data/shapenetsem_regression/processed/ChestOfDrawers/cb70b087e5bc5e9522e46d8e163c0f81.npz,data/shapenetsem_regression/raw/models-OBJ/models/cb70b087e5bc5e9522e46d8e163c0f81.obj,wss.cb70b087e5bc5e9522e46d8e163c0f81,cb70b087e5bc5e9522e46d8e163c0f81,ChestOfDrawers,"ChestOfDrawers,Dresser,_StanfordSceneDBModels,_AttributesTrain",train,0.963821,0.094077,0.92576,1.622736,1.01101715,0.5971953
data/shapenetsem_regression/processed/Piano/ae8de597d655538f73f08f9d0c287028.npz,data/shapenetsem_regression/raw/models-OBJ/models/ae8de597d655538f73f08f9d0c287028.obj,wss.ae8de597d655538f73f08f9d0c287028,ae8de597d655538f73f08f9d0c287028,Piano,Piano,train,0.943235,0.147138,0.830293,1.6930190999999999,1.1496383000000001,1.1877217
data/shapenetsem_regression/processed/Bed/9e997b501e1a43d7d810b14a81e12eca.npz,data/shapenetsem_regression/raw/models-OBJ/models/9e997b501e1a43d7d810b14a81e12eca.obj,wss.9e997b501e1a43d7d810b14a81e12eca,9e997b501e1a43d7d810b14a81e12eca,Bed,"Bed,_AttributesTrain,QueenBed",train,1.71797,0.366172,4.695981,1.8459801999999998,0.758622,2.52874
data/shapenetsem_regression/processed/Fireplace/ed0f8cdf2af37f31cbe09608477dec84.npz,data/shapenetsem_regression/raw/models-OBJ/models/ed0f8cdf2af37f31cbe09608477dec84.obj,wss.ed0f8cdf2af37f31cbe09608477dec84,ed0f8cdf2af37f31cbe09608477dec84,Fireplace,Fireplace,train,0.821614,0.176072,1.213558,2.0463739000000003,1.6225911,0.95829834
data/shapenetsem_regression/processed/Sink/8162476d513db3bfbd5f1428a5e5da8d.npz,data/shapenetsem_regression/raw/models-OBJ/models/8162476d513db3bfbd5f1428a5e5da8d.obj,wss.8162476d513db3bfbd5f1428a5e5da8d,8162476d513db3bfbd5f1428a5e5da8d,Sink,Sink,train,1.428378,0.165528,0.191577,1.6227216999999998,1.3909044,0.8901864
data/shapenetsem_regression/processed/ChestOfDrawers/109db03133db57937ff6ace05b36a5.npz,data/shapenetsem_regression/raw/models-OBJ/models/109db03133db57937ff6ace05b36a5.obj,wss.109db03133db57937ff6ace05b36a5,109db03133db57937ff6ace05b36a5,ChestOfDrawers,"ChestOfDrawers,Dresser,_AttributesTrain",train,1.260064,0.194951,1.020741,1.4712622,0.980842,1.0217102
data/shapenetsem_regression/processed/Washer/f0a1e9e6ad4b47b60a634b9aafd6dbd.npz,data/shapenetsem_regression/raw/models-OBJ/models/f0a1e9e6ad4b47b60a634b9aafd6dbd.obj,wss.f0a1e9e6ad4b47b60a634b9aafd6dbd,f0a1e9e6ad4b47b60a634b9aafd6dbd,Washer,Washer,train,1.762453,0.189036,1.09332,1.0924597,1.5677594,1.0775952
data/shapenetsem_regression/processed/Couch/16fd88a99f7d4c857e484225f3bb4a8.npz,data/shapenetsem_regression/raw/models-OBJ/models/16fd88a99f7d4c857e484225f3bb4a8.obj,wss.16fd88a99f7d4c857e484225f3bb4a8,16fd88a99f7d4c857e484225f3bb4a8,Couch,Couch,train,0.845716,0.148864,1.835551,1.8726248,0.7696704,1.4044721999999998
data/shapenetsem_regression/processed/Lamp/b375f5b9102a97fecd187756f8df9a56.npz,data/shapenetsem_regression/raw/models-OBJ/models/b375f5b9102a97fecd187756f8df9a56.obj,wss.b375f5b9102a97fecd187756f8df9a56,b375f5b9102a97fecd187756f8df9a56,Lamp,"Lamp,CeilingLamp,_StanfordSceneDBModels",train,0.137183,0.018925,0.940495,1.0981607,0.3370922,1.1020687
data/shapenetsem_regression/processed/ChestOfDrawers/8cf336ee067253da60fe7f3536df936c.npz,data/shapenetsem_regression/raw/models-OBJ/models/8cf336ee067253da60fe7f3536df936c.obj,wss.8cf336ee067253da60fe7f3536df936c,8cf336ee067253da60fe7f3536df936c,ChestOfDrawers,"ChestOfDrawers,Dresser,_StanfordSceneDBModels",train,1.070027,0.080983,0.82254,0.8849720999999999,1.272091,1.0373944
data/shapenetsem_regression/processed/Piano/3e2a452e802b178eb72f1eb118b6fbc3.npz,data/shapenetsem_regression/raw/models-OBJ/models/3e2a452e802b178eb72f1eb118b6fbc3.obj,wss.3e2a452e802b178eb72f1eb118b6fbc3,3e2a452e802b178eb72f1eb118b6fbc3,Piano,"Piano,_PilotStudyModels",train,0.755444,0.154905,0.707654,1.9988104000000002,1.2239141,0.5167304
data/shapenetsem_regression/processed/Armoire/5f2f90d83db6bcafe7e684d25d4dcaf0.npz,data/shapenetsem_regression/raw/models-OBJ/models/5f2f90d83db6bcafe7e684d25d4dcaf0.obj,wss.5f2f90d83db6bcafe7e684d25d4dcaf0,5f2f90d83db6bcafe7e684d25d4dcaf0,Armoire,"Armoire,Wardrobe",train,1.056643,0.161252,0.599181,1.4711349999999999,1.4711348000000002,0.5075421
data/shapenetsem_regression/processed/Desk/15290e3d21f429372af07afc7a68d50.npz,data/shapenetsem_regression/raw/models-OBJ/models/15290e3d21f429372af07afc7a68d50.obj,wss.15290e3d21f429372af07afc7a68d50,15290e3d21f429372af07afc7a68d50,Desk,"Desk,_StanfordSceneDBModels",train,0.783591,0.207933,0.806026,1.9742978,1.3937653,0.7352751000000001
data/shapenetsem_regression/processed/WallArt/e276958bb38b8b92fa4e5b17dc4684eb.npz,data/shapenetsem_regression/raw/models-OBJ/models/e276958bb38b8b92fa4e5b17dc4684eb.obj,wss.e276958bb38b8b92fa4e5b17dc4684eb,e276958bb38b8b92fa4e5b17dc4684eb,WallArt,WallArt,train,0.013082,0.010379,0.569985,0.9617433,1.0179612,0.031481342
data/shapenetsem_regression/processed/Bed/c039d780245349c578831ac2167702f7.npz,data/shapenetsem_regression/raw/models-OBJ/models/c039d780245349c578831ac2167702f7.obj,wss.c039d780245349c578831ac2167702f7,c039d780245349c578831ac2167702f7,Bed,"Bed,KingBed",train,2.900264,0.483405,1.549805,2.1613829,0.8554053500000001,2.6684427
data/shapenetsem_regression/processed/ChestOfDrawers/ecbdb9fb01ce4839391e4d6c585a697a.npz,data/shapenetsem_regression/raw/models-OBJ/models/ecbdb9fb01ce4839391e4d6c585a697a.obj,wss.ecbdb9fb01ce4839391e4d6c585a697a,ecbdb9fb01ce4839391e4d6c585a697a,ChestOfDrawers,ChestOfDrawers,train,0.356675,0.125616,0.491752,1.06664314,0.7021620000000001,1.1095018
data/shapenetsem_regression/processed/Bed/b71e7b8540ff797a136e69d8beacc745.npz,data/shapenetsem_regression/raw/models-OBJ/models/b71e7b8540ff797a136e69d8beacc745.obj,wss.b71e7b8540ff797a136e69d8beacc745,b71e7b8540ff797a136e69d8beacc745,Bed,"Bed,QueenBed,KingBed",train,2.002816,0.42177,0.027295,2.1697998000000003,1.536936,2.3352982
data/shapenetsem_regression/processed/Couch/6caa1713e795c8a2f0478431b5ad57db.npz,data/shapenetsem_regression/raw/models-OBJ/models/6caa1713e795c8a2f0478431b5ad57db.obj,wss.6caa1713e795c8a2f0478431b5ad57db,6caa1713e795c8a2f0478431b5ad57db,Couch,Couch,train,0.61649,0.085986,1.358817,1.7594044,0.6644411499999999,0.7919214
data/shapenetsem_regression/processed/Cabinet/3bc232700d2ed20b89a68decc32d3e34.npz,data/shapenetsem_regression/raw/models-OBJ/models/3bc232700d2ed20b89a68decc32d3e34.obj,wss.3bc232700d2ed20b89a68decc32d3e34,3bc232700d2ed20b89a68decc32d3e34,Cabinet,"Cabinet,CurioCabinet",train,1.525192,0.245239,0.005894,1.525912,2.1443279,0.5797452
data/shapenetsem_regression/processed/Sink/8d4bbe66ca33af73321831d2245cf06.npz,data/shapenetsem_regression/raw/models-OBJ/models/8d4bbe66ca33af73321831d2245cf06.obj,wss.8d4bbe66ca33af73321831d2245cf06,8d4bbe66ca33af73321831d2245cf06,Sink,Sink,train,0.220104,0.156508,1.450313,1.872225,0.5458869000000001,1.2479307
data/shapenetsem_regression/processed/Couch/69257080fd87015369fb37a80cd44134.npz,data/shapenetsem_regression/raw/models-OBJ/models/69257080fd87015369fb37a80cd44134.obj,wss.69257080fd87015369fb37a80cd44134,69257080fd87015369fb37a80cd44134,Couch,Couch,train,0.833867,0.194116,1.416016,2.2358275,0.7592366,0.7020535
data/shapenetsem_regression/processed/Cabinet/a82276d1ca28e11a4d87481e09b681b3.npz,data/shapenetsem_regression/raw/models-OBJ/models/a82276d1ca28e11a4d87481e09b681b3.obj,wss.a82276d1ca28e11a4d87481e09b681b3,a82276d1ca28e11a4d87481e09b681b3,Cabinet,Cabinet,train,0.650321,0.054087,0.45629,1.1242993000000001,1.3603154000000002,0.42849976
data/shapenetsem_regression/processed/Sink/ee9136090b140ace3f7a74e12a274ef.npz,data/shapenetsem_regression/raw/models-OBJ/models/ee9136090b140ace3f7a74e12a274ef.obj,wss.ee9136090b140ace3f7a74e12a274ef,ee9136090b140ace3f7a74e12a274ef,Sink,"Sink,_StanfordSceneDBModels",train,0.709636,0.123508,0.525817,1.2762923000000002,1.8168000000000002,0.7258149
data/shapenetsem_regression/processed/Refrigerator/c5c33a6e11eaeb79c6d06c0b59a164f1.npz,data/shapenetsem_regression/raw/models-OBJ/models/c5c33a6e11eaeb79c6d06c0b59a164f1.obj,wss.c5c33a6e11eaeb79c6d06c0b59a164f1,c5c33a6e11eaeb79c6d06c0b59a164f1,Refrigerator,Refrigerator,train,0.596716,0.036215,0.552862,0.7846698999999999,1.0774951,0.7491747
data/shapenetsem_regression/processed/Chair/5fb26d2cac0e7b028d2314678ee778a2.npz,data/shapenetsem_regression/raw/models-OBJ/models/5fb26d2cac0e7b028d2314678ee778a2.obj,wss.5fb26d2cac0e7b028d2314678ee778a2,5fb26d2cac0e7b028d2314678ee778a2,Chair,Chair,train,0.419776,0.047168,1.000954,1.17695404,0.5429951,0.9604189
data/shapenetsem_regression/processed/Couch/9b818d54d601b026b161f36d4e309050.npz,data/shapenetsem_regression/raw/models-OBJ/models/9b818d54d601b026b161f36d4e309050.obj,wss.9b818d54d601b026b161f36d4e309050,9b818d54d601b026b161f36d4e309050,Couch,Couch,train,1.401608,0.175364,0.00638,1.9321086,1.0474216,1.11356316
data/shapenetsem_regression/processed/Refrigerator/266aba6a1b941c3a2bf3161ae4fda942.npz,data/shapenetsem_regression/raw/models-OBJ/models/266aba6a1b941c3a2bf3161ae4fda942.obj,wss.266aba6a1b941c3a2bf3161ae4fda942,266aba6a1b941c3a2bf3161ae4fda942,Refrigerator,Refrigerator,train,1.383098,0.077506,0.023231,1.0872873,1.1164492,1.1576747
data/shapenetsem_regression/processed/Cabinet/643191e8ee56104e424f8f8e828c9ab9.npz,data/shapenetsem_regression/raw/models-OBJ/models/643191e8ee56104e424f8f8e828c9ab9.obj,wss.643191e8ee56104e424f8f8e828c9ab9,643191e8ee56104e424f8f8e828c9ab9,Cabinet,"Cabinet,CurioCabinet",train,0.995163,0.342813,0.019878,1.4809662000000001,2.1884671,0.52909214
data/shapenetsem_regression/processed/ChestOfDrawers/394c09cc87d63975b2bf4f773fe0e622.npz,data/shapenetsem_regression/raw/models-OBJ/models/394c09cc87d63975b2bf4f773fe0e622.obj,wss.394c09cc87d63975b2bf4f773fe0e622,394c09cc87d63975b2bf4f773fe0e622,ChestOfDrawers,"ChestOfDrawers,Dresser",train,1.229563,0.087371,0.757941,1.1030215,1.5696843000000003,0.6999943500000001
data/shapenetsem_regression/processed/Bed/6a6038ea0619ee7489452a0032ea575.npz,data/shapenetsem_regression/raw/models-OBJ/models/6a6038ea0619ee7489452a0032ea575.obj,wss.6a6038ea0619ee7489452a0032ea575,6a6038ea0619ee7489452a0032ea575,Bed,"Bed,KingBed",train,2.627107,0.386637,3.100198,2.6456115999999996,0.6710913,2.2530330000000003
data/shapenetsem_regression/processed/PianoKeyboard/d5339b4df25af3a1ad7ef008261927ef.npz,data/shapenetsem_regression/raw/models-OBJ/models/d5339b4df25af3a1ad7ef008261927ef.obj,wss.d5339b4df25af3a1ad7ef008261927ef,d5339b4df25af3a1ad7ef008261927ef,PianoKeyboard,PianoKeyboard,train,0.05016,0.021088,0.46611,1.1779178000000001,0.14666311,0.39190247
data/shapenetsem_regression/processed/Oven/7bddc990442a3c6ea8ab8175d04e5764.npz,data/shapenetsem_regression/raw/models-OBJ/models/7bddc990442a3c6ea8ab8175d04e5764.obj,wss.7bddc990442a3c6ea8ab8175d04e5764,7bddc990442a3c6ea8ab8175d04e5764,Oven,Oven,train,1.307867,0.168771,0.71574,1.1078854,1.8005833000000002,0.81685074
data/shapenetsem_regression/processed/Bed/12a73cdd42517d8f65331068961955c9.npz,data/shapenetsem_regression/raw/models-OBJ/models/12a73cdd42517d8f65331068961955c9.obj,wss.12a73cdd42517d8f65331068961955c9,12a73cdd42517d8f65331068961955c9,Bed,"Bed,ChildBed",train,0.576441,0.316101,0.04882,2.6035675,1.25780464,1.4073358
data/shapenetsem_regression/processed/Washer/9b1b90b033d6c6a42bf3161ae4fda942.npz,data/shapenetsem_regression/raw/models-OBJ/models/9b1b90b033d6c6a42bf3161ae4fda942.obj,wss.9b1b90b033d6c6a42bf3161ae4fda942,9b1b90b033d6c6a42bf3161ae4fda942,Washer,Washer,train,1.799341,0.142111,1.167399,1.0277764,1.4651456999999999,1.2686986500000001
data/shapenetsem_regression/processed/Refrigerator/f572c1af79508f9b8c8235e81eabfb7c.npz,data/shapenetsem_regression/raw/models-OBJ/models/f572c1af79508f9b8c8235e81eabfb7c.obj,wss.f572c1af79508f9b8c8235e81eabfb7c,f572c1af79508f9b8c8235e81eabfb7c,Refrigerator,"Refrigerator,_EvalSetInScenes,_EvalSetExclude,_Attributes",train,1.125818,0.096666,0.623439,0.7971132000000001,1.8056213,0.8005203000000001
data/shapenetsem_regression/processed/Bed/cd730483c11a72a98c159f8d5e761b17.npz,data/shapenetsem_regression/raw/models-OBJ/models/cd730483c11a72a98c159f8d5e761b17.obj,wss.cd730483c11a72a98c159f8d5e761b17,cd730483c11a72a98c159f8d5e761b17,Bed,"Bed,QueenBed",train,1.153148,0.333271,0.231985,1.7910829000000001,1.7394652,2.035895
data/shapenetsem_regression/processed/Oven/ef038ea23a0711bc3a10425a332ca4d8.npz,data/shapenetsem_regression/raw/models-OBJ/models/ef038ea23a0711bc3a10425a332ca4d8.obj,wss.ef038ea23a0711bc3a10425a332ca4d8,ef038ea23a0711bc3a10425a332ca4d8,Oven,"Oven,_StanfordSceneDBModels",train,1.980673,0.176139,1.706022,1.5004153,1.3441164,1.1878241
data/shapenetsem_regression/processed/Refrigerator/91939b5bd173d3924377f456c88c1f3.npz,data/shapenetsem_regression/raw/models-OBJ/models/91939b5bd173d3924377f456c88c1f3.obj,wss.91939b5bd173d3924377f456c88c1f3,91939b5bd173d3924377f456c88c1f3,Refrigerator,Refrigerator,train,1.008446,0.105667,0.643284,0.7926430000000001,1.5674104,0.82691345
data/shapenetsem_regression/processed/Bed/230d57ea0d647608845e78b431e4d529.npz,data/shapenetsem_regression/raw/models-OBJ/models/230d57ea0d647608845e78b431e4d529.obj,wss.230d57ea0d647608845e78b431e4d529,230d57ea0d647608845e78b431e4d529,Bed,"Bed,_AttributesTrain,QueenBed",train,2.085021,0.331411,0.284473,1.6779471000000001,1.3446562,2.3987656000000004
data/shapenetsem_regression/processed/Couch/7c6491c7fe65449cd9bdef3310c0e5a6.npz,data/shapenetsem_regression/raw/models-OBJ/models/7c6491c7fe65449cd9bdef3310c0e5a6.obj,wss.7c6491c7fe65449cd9bdef3310c0e5a6,7c6491c7fe65449cd9bdef3310c0e5a6,Couch,Couch,train,0.650151,0.185245,1.765443,2.2662384,0.57678867,0.77441284
data/shapenetsem_regression/processed/Bed/1fbfbc7ff9860fd72f725e92ff2918b6.npz,data/shapenetsem_regression/raw/models-OBJ/models/1fbfbc7ff9860fd72f725e92ff2918b6.obj,wss.1fbfbc7ff9860fd72f725e92ff2918b6,1fbfbc7ff9860fd72f725e92ff2918b6,Bed,"Bed,KingBed",train,3.549778,0.372287,0.008542,2.4148328,1.1793369,2.302515
data/shapenetsem_regression/processed/Room/room13.npz,data/shapenetsem_regression/raw/models-OBJ/models/room13.obj,wss.room13,room13,Room,Room,train,5.683289,6.782098,30.030603,7.9833167000000005,3.0703137,4.0604446
data/shapenetsem_regression/processed/Bed/27f97bc151512c8ce3f7a74e12a274ef.npz,data/shapenetsem_regression/raw/models-OBJ/models/27f97bc151512c8ce3f7a74e12a274ef.obj,wss.27f97bc151512c8ce3f7a74e12a274ef,27f97bc151512c8ce3f7a74e12a274ef,Bed,"Bed,LoftBed",train,1.522711,0.61628,3.142939,2.2149603,1.8450138999999999,1.4548193
data/shapenetsem_regression/processed/Bed/90ed47303b284a8e8bd3a6724eacfb54.npz,data/shapenetsem_regression/raw/models-OBJ/models/90ed47303b284a8e8bd3a6724eacfb54.obj,wss.90ed47303b284a8e8bd3a6724eacfb54,90ed47303b284a8e8bd3a6724eacfb54,Bed,"Bed,PosterBed",train,2.958834,0.699846,0.504143,2.1944627,2.1534448,2.5226059000000003
data/shapenetsem_regression/processed/ChestOfDrawers/ae4526ba45eed6add53325bb5d055710.npz,data/shapenetsem_regression/raw/models-OBJ/models/ae4526ba45eed6add53325bb5d055710.obj,wss.ae4526ba45eed6add53325bb5d055710,ae4526ba45eed6add53325bb5d055710,ChestOfDrawers,"ChestOfDrawers,Armoire",train,1.461857,0.119153,0.934632,1.2409843,1.5650229,0.7850201
data/shapenetsem_regression/processed/Oven/144af73b14ddcf9bd4ce7791dd1b1466.npz,data/shapenetsem_regression/raw/models-OBJ/models/144af73b14ddcf9bd4ce7791dd1b1466.obj,wss.144af73b14ddcf9bd4ce7791dd1b1466,144af73b14ddcf9bd4ce7791dd1b1466,Oven,Oven,train,1.691069,0.215547,0.953036,1.08103584,1.7122375,1.0183657
data/shapenetsem_regression/processed/Fireplace/1152a5db0db892286c52446b30bba6c.npz,data/shapenetsem_regression/raw/models-OBJ/models/1152a5db0db892286c52446b30bba6c.obj,wss.1152a5db0db892286c52446b30bba6c,1152a5db0db892286c52446b30bba6c,Fireplace,Fireplace,train,0.858317,0.158487,1.295613,2.1333807,1.6310576,0.7259402500000001
data/shapenetsem_regression/processed/Rug/3bd54bafd38d93f07fee8146153c89d0.npz,data/shapenetsem_regression/raw/models-OBJ/models/3bd54bafd38d93f07fee8146153c89d0.obj,wss.3bd54bafd38d93f07fee8146153c89d0,3bd54bafd38d93f07fee8146153c89d0,Rug,Rug,train,0.082455,0.082455,4.262646,1.72243,0.0090364754,2.4759943
data/shapenetsem_regression/processed/ChestOfDrawers/ea5f7c0058b29171a07adf211fc9c0d3.npz,data/shapenetsem_regression/raw/models-OBJ/models/ea5f7c0058b29171a07adf211fc9c0d3.obj,wss.ea5f7c0058b29171a07adf211fc9c0d3,ea5f7c0058b29171a07adf211fc9c0d3,ChestOfDrawers,"ChestOfDrawers,Armoire,Dresser",train,0.822557,0.084344,0.534954,1.06015144,1.790478,0.51829628
data/shapenetsem_regression/processed/Rug/bcdbcc520d9100bcaafe9a5728f1b8e3.npz,data/shapenetsem_regression/raw/models-OBJ/models/bcdbcc520d9100bcaafe9a5728f1b8e3.obj,wss.bcdbcc520d9100bcaafe9a5728f1b8e3,bcdbcc520d9100bcaafe9a5728f1b8e3,Rug,"Rug,_StanfordSceneDBModels",train,0.198361,0.198361,4.319314,1.4665993000000002,0.031129177,2.9391544
data/shapenetsem_regression/processed/_StanfordSceneDBModels/e64c85e5721f27ac4159d2dbb1190c9c.npz,data/shapenetsem_regression/raw/models-OBJ/models/e64c85e5721f27ac4159d2dbb1190c9c.obj,wss.e64c85e5721f27ac4159d2dbb1190c9c,e64c85e5721f27ac4159d2dbb1190c9c,_StanfordSceneDBModels,"_StanfordSceneDBModels,Washer",train,1.471911,0.168284,0.961287,1.0243823,1.470051,1.0305273400000001
data/shapenetsem_regression/processed/Room/room06.npz,data/shapenetsem_regression/raw/models-OBJ/models/room06.obj,wss.room06,room06,Room,Room,train,9.386004,5.929386,23.673212,4.91515,3.5,4.923091
data/shapenetsem_regression/processed/Bed/deed72a8ea33d4daff13afe46706abb1.npz,data/shapenetsem_regression/raw/models-OBJ/models/deed72a8ea33d4daff13afe46706abb1.obj,wss.deed72a8ea33d4daff13afe46706abb1,deed72a8ea33d4daff13afe46706abb1,Bed,"Bed,QueenBed",train,1.245853,0.284779,0.049629,1.7902087,1.2027563000000001,2.3929497
data/shapenetsem_regression/processed/ChestOfDrawers/e4487fb2f0d9f0faac697a09c04ec861.npz,data/shapenetsem_regression/raw/models-OBJ/models/e4487fb2f0d9f0faac697a09c04ec861.obj,wss.e4487fb2f0d9f0faac697a09c04ec861,e4487fb2f0d9f0faac697a09c04ec861,ChestOfDrawers,"ChestOfDrawers,DresserWithMirror,Dresser",train,0.436048,0.04661,0.76429,1.2290398999999999,1.3187817000000002,0.6649250999999999
data/shapenetsem_regression/processed/SpaceShip/443825ad356a41384cb30fc798a4d976.npz,data/shapenetsem_regression/raw/models-OBJ/models/443825ad356a41384cb30fc798a4d976.obj,wss.443825ad356a41384cb30fc798a4d976,443825ad356a41384cb30fc798a4d976,SpaceShip,SpaceShip,train,0.847475,0.334905,0.028263,1.5069896,0.9604095,3.4908087
data/shapenetsem_regression/processed/Cabinet/2500f3ce3179adaa21f349b084b648d0.npz,data/shapenetsem_regression/raw/models-OBJ/models/2500f3ce3179adaa21f349b084b648d0.obj,wss.2500f3ce3179adaa21f349b084b648d0,2500f3ce3179adaa21f349b084b648d0,Cabinet,Cabinet,train,0.954835,0.061491,0.682105,0.8202293,1.3382688999999999,0.9134444
data/shapenetsem_regression/processed/Bed/3dbdceaa43192caae5595fbfd7d35143.npz,data/shapenetsem_regression/raw/models-OBJ/models/3dbdceaa43192caae5595fbfd7d35143.obj,wss.3dbdceaa43192caae5595fbfd7d35143,3dbdceaa43192caae5595fbfd7d35143,Bed,"Bed,QueenBed",train,1.181126,0.352293,0.243929,1.7707434000000002,1.4819989000000002,2.2477785
data/shapenetsem_regression/processed/Rug/519a08100db8ed09de239bcf521389e4.npz,data/shapenetsem_regression/raw/models-OBJ/models/519a08100db8ed09de239bcf521389e4.obj,wss.519a08100db8ed09de239bcf521389e4,519a08100db8ed09de239bcf521389e4,Rug,Rug,train,0.066168,0.066168,3.537617,1.4810374,9.605548000000001e-16,2.394125
data/shapenetsem_regression/processed/Bed/976f84beef815ea888159735e10bb091.npz,data/shapenetsem_regression/raw/models-OBJ/models/976f84beef815ea888159735e10bb091.obj,wss.976f84beef815ea888159735e10bb091,976f84beef815ea888159735e10bb091,Bed,"Bed,_AttributesTrain,QueenBed",train,0.770588,0.38327,0.024428,1.7590712,1.0163199600000001,2.5007385
data/shapenetsem_regression/processed/Bed/7ae150cce205d5638c4f202fffc87396.npz,data/shapenetsem_regression/raw/models-OBJ/models/7ae150cce205d5638c4f202fffc87396.obj,wss.7ae150cce205d5638c4f202fffc87396,7ae150cce205d5638c4f202fffc87396,Bed,"Bed,QueenBed",train,0.60952,0.288142,0.020462,2.0133649,1.1155649,2.253809
data/shapenetsem_regression/processed/Cabinet/16cc827a66868ff8f1f1df092810329.npz,data/shapenetsem_regression/raw/models-OBJ/models/16cc827a66868ff8f1f1df092810329.obj,wss.16cc827a66868ff8f1f1df092810329,16cc827a66868ff8f1f1df092810329,Cabinet,Cabinet,train,0.958074,0.123248,0.604764,0.82538055,1.3756343000000002,0.8511736999999999
data/shapenetsem_regression/processed/Bed/f8e0b77c1904848480fae4962f3618cb.npz,data/shapenetsem_regression/raw/models-OBJ/models/f8e0b77c1904848480fae4962f3618cb.obj,wss.f8e0b77c1904848480fae4962f3618cb,f8e0b77c1904848480fae4962f3618cb,Bed,"Bed,QueenBed",train,1.350836,0.361828,0.248378,2.0811343,0.7398361,2.3450417
data/shapenetsem_regression/processed/Oven/294675f2b3faee493884bb357c705a0e.npz,data/shapenetsem_regression/raw/models-OBJ/models/294675f2b3faee493884bb357c705a0e.obj,wss.294675f2b3faee493884bb357c705a0e,294675f2b3faee493884bb357c705a0e,Oven,Oven,train,1.750426,0.1558,1.465786,1.27925804,1.2814098999999999,1.363107
data/shapenetsem_regression/processed/Bed/50ac71533d4bfdf2c5b48973abb55017.npz,data/shapenetsem_regression/raw/models-OBJ/models/50ac71533d4bfdf2c5b48973abb55017.obj,wss.50ac71533d4bfdf2c5b48973abb55017,50ac71533d4bfdf2c5b48973abb55017,Bed,Bed,train,0.611537,0.275298,0.018954,2.4437816000000003,1.6751743,1.2810153
data/shapenetsem_regression/processed/Fireplace/7afe57e7d60069cbac51268fdb437a9e.npz,data/shapenetsem_regression/raw/models-OBJ/models/7afe57e7d60069cbac51268fdb437a9e.obj,wss.7afe57e7d60069cbac51268fdb437a9e,7afe57e7d60069cbac51268fdb437a9e,Fireplace,Fireplace,train,0.929546,0.25004,1.280628,2.0555027999999997,1.6360217000000001,0.9148736
data/shapenetsem_regression/processed/ChestOfDrawers/ab072b1506cbfd921b7554913e3d38e6.npz,data/shapenetsem_regression/raw/models-OBJ/models/ab072b1506cbfd921b7554913e3d38e6.obj,wss.ab072b1506cbfd921b7554913e3d38e6,ab072b1506cbfd921b7554913e3d38e6,ChestOfDrawers,"ChestOfDrawers,Dresser",train,1.179916,0.085672,0.99811,1.3713220000000002,1.1734848,0.9567425500000001
data/shapenetsem_regression/processed/Piano/57b9cc86ec0309913bd4975c87c7a868.npz,data/shapenetsem_regression/raw/models-OBJ/models/57b9cc86ec0309913bd4975c87c7a868.obj,wss.57b9cc86ec0309913bd4975c87c7a868,57b9cc86ec0309913bd4975c87c7a868,Piano,Piano,train,1.237557,0.139831,0.665092,1.70875,1.4648969,0.7299707
data/shapenetsem_regression/processed/_StanfordSceneDBModels/aa49b0d2ca4c87e63338ac60360eea98.npz,data/shapenetsem_regression/raw/models-OBJ/models/aa49b0d2ca4c87e63338ac60360eea98.obj,wss.aa49b0d2ca4c87e63338ac60360eea98,aa49b0d2ca4c87e63338ac60360eea98,_StanfordSceneDBModels,"_StanfordSceneDBModels,Refrigerator",train,1.65161,0.125266,0.90681,0.9956996,1.7210341,1.01604965
data/shapenetsem_regression/processed/MediaStorage/a642e3f84392ebacc9dd845c88786daa.npz,data/shapenetsem_regression/raw/models-OBJ/models/a642e3f84392ebacc9dd845c88786daa.obj,wss.a642e3f84392ebacc9dd845c88786daa,a642e3f84392ebacc9dd845c88786daa,MediaStorage,"MediaStorage,WallUnit,_StanfordSceneDBModels",train,0.201971,0.206317,0.972507,2.1880875,1.0419496,0.43414566
data/shapenetsem_regression/processed/Chair/67d9afec46e20fd279c4b4a860b67e81.npz,data/shapenetsem_regression/raw/models-OBJ/models/67d9afec46e20fd279c4b4a860b67e81.obj,wss.67d9afec46e20fd279c4b4a860b67e81,67d9afec46e20fd279c4b4a860b67e81,Chair,"Chair,Recliner",train,0.356493,0.052492,0.508721,1.02785095,0.8932332,1.1492131
data/shapenetsem_regression/processed/Refrigerator/eb3cfdcbf46b3d961b880569f05006d8.npz,data/shapenetsem_regression/raw/models-OBJ/models/eb3cfdcbf46b3d961b880569f05006d8.obj,wss.eb3cfdcbf46b3d961b880569f05006d8,eb3cfdcbf46b3d961b880569f05006d8,Refrigerator,Refrigerator,train,0.568347,0.068644,0.553114,0.895699,1.4711795,0.89567635
data/shapenetsem_regression/processed/Bus/e299444f1a4c7457fa9ee9b3a7eba069.npz,data/shapenetsem_regression/raw/models-OBJ/models/e299444f1a4c7457fa9ee9b3a7eba069.obj,wss.e299444f1a4c7457fa9ee9b3a7eba069,e299444f1a4c7457fa9ee9b3a7eba069,Bus,Bus,train,177.580597,25.123098,1.239289,3.8491208,5.550146499999999,11.195377
data/shapenetsem_regression/processed/Bed/2e4f853e7f84e748f9649784fd729d4.npz,data/shapenetsem_regression/raw/models-OBJ/models/2e4f853e7f84e748f9649784fd729d4.obj,wss.2e4f853e7f84e748f9649784fd729d4,2e4f853e7f84e748f9649784fd729d4,Bed,"Bed,QueenBed",train,0.665921,0.293583,0.909976,1.959775,0.9719414500000001,2.3648024000000003
data/shapenetsem_regression/processed/ChestOfDrawers/47b8322f6c83407ae0bc4ac9fb86d343.npz,data/shapenetsem_regression/raw/models-OBJ/models/47b8322f6c83407ae0bc4ac9fb86d343.obj,wss.47b8322f6c83407ae0bc4ac9fb86d343,47b8322f6c83407ae0bc4ac9fb86d343,ChestOfDrawers,"ChestOfDrawers,Dresser",train,0.900573,0.306771,0.013538,1.0105918,1.654821,0.6409631
data/shapenetsem_regression/processed/ChestOfDrawers/91865a946a6be67a479f45b179169dcc.npz,data/shapenetsem_regression/raw/models-OBJ/models/91865a946a6be67a479f45b179169dcc.obj,wss.91865a946a6be67a479f45b179169dcc,91865a946a6be67a479f45b179169dcc,ChestOfDrawers,"ChestOfDrawers,Dresser",train,0.216762,0.041357,0.514315,1.0558702,0.9369751,0.7978085
data/shapenetsem_regression/processed/Bed/ca8d094e63f66ddcae6fe29dd17620c1.npz,data/shapenetsem_regression/raw/models-OBJ/models/ca8d094e63f66ddcae6fe29dd17620c1.obj,wss.ca8d094e63f66ddcae6fe29dd17620c1,ca8d094e63f66ddcae6fe29dd17620c1,Bed,"Bed,ChildBed",train,2.547554,0.353153,0.148492,1.3010422,1.4020229000000002,2.5852954
data/shapenetsem_regression/processed/Piano/9578f81207bacd5ddd7dc0810367760d.npz,data/shapenetsem_regression/raw/models-OBJ/models/9578f81207bacd5ddd7dc0810367760d.obj,wss.9578f81207bacd5ddd7dc0810367760d,9578f81207bacd5ddd7dc0810367760d,Piano,"Piano,_PilotStudyModels",train,0.681526,0.156253,0.608042,1.6262181000000002,1.2588537,0.7532349
data/shapenetsem_regression/processed/Rug/b613f0df82f2cee0c90d317b08c5d743.npz,data/shapenetsem_regression/raw/models-OBJ/models/b613f0df82f2cee0c90d317b08c5d743.obj,wss.b613f0df82f2cee0c90d317b08c5d743,b613f0df82f2cee0c90d317b08c5d743,Rug,Rug,train,0.133681,0.094854,3.122813,1.9905327,0.04156559,1.9902112
data/shapenetsem_regression/processed/Bed/baad38502311813326c0d00d7110e85c.npz,data/shapenetsem_regression/raw/models-OBJ/models/baad38502311813326c0d00d7110e85c.obj,wss.baad38502311813326c0d00d7110e85c,baad38502311813326c0d00d7110e85c,Bed,"Bed,QueenBed",train,3.112895,0.55284,3.759886,1.8071628000000002,1.1993453,2.3818938
data/shapenetsem_regression/processed/ChestOfDrawers/a63162b49a2675c92a5b9697bdf784ac.npz,data/shapenetsem_regression/raw/models-OBJ/models/a63162b49a2675c92a5b9697bdf784ac.obj,wss.a63162b49a2675c92a5b9697bdf784ac,a63162b49a2675c92a5b9697bdf784ac,ChestOfDrawers,"ChestOfDrawers,Armoire",train,0.900051,0.097298,0.666578,1.2367862,1.6517438000000002,0.5836157200000001
data/shapenetsem_regression/processed/Bed/5cd800dbf6da5c093a2a9c51b7caf55f.npz,data/shapenetsem_regression/raw/models-OBJ/models/5cd800dbf6da5c093a2a9c51b7caf55f.obj,wss.5cd800dbf6da5c093a2a9c51b7caf55f,5cd800dbf6da5c093a2a9c51b7caf55f,Bed,"Bed,QueenBed",train,1.353978,0.255813,0.01651,2.0130369999999997,1.2231055000000002,2.1977788
data/shapenetsem_regression/processed/Window/2994a10986d29d583d382fe678ddae38.npz,data/shapenetsem_regression/raw/models-OBJ/models/2994a10986d29d583d382fe678ddae38.obj,wss.2994a10986d29d583d382fe678ddae38,2994a10986d29d583d382fe678ddae38,Window,Window,train,2.012318,0.770916,0.181192,3.9321260000000002,3.932136,0.47778410000000004
data/shapenetsem_regression/processed/Sink/6a7cac917a6db415a4c50d8427af806.npz,data/shapenetsem_regression/raw/models-OBJ/models/6a7cac917a6db415a4c50d8427af806.obj,wss.6a7cac917a6db415a4c50d8427af806,6a7cac917a6db415a4c50d8427af806,Sink,Sink,train,0.092484,0.080739,0.46291,1.9468604,0.8323274,0.9366014
data/shapenetsem_regression/processed/Oven/c586c25a121326bcd621f96e518e01fd.npz,data/shapenetsem_regression/raw/models-OBJ/models/c586c25a121326bcd621f96e518e01fd.obj,wss.c586c25a121326bcd621f96e518e01fd,c586c25a121326bcd621f96e518e01fd,Oven,Oven,train,1.643488,0.15828,1.297935,1.201039,1.5636934,1.1175608
data/shapenetsem_regression/processed/Bed/87d536032c36d75a84b9ed79a2c52d47.npz,data/shapenetsem_regression/raw/models-OBJ/models/87d536032c36d75a84b9ed79a2c52d47.obj,wss.87d536032c36d75a84b9ed79a2c52d47,87d536032c36d75a84b9ed79a2c52d47,Bed,"Bed,CanopyBed,PosterBed",train,2.224445,0.411416,0.05145,1.9309131,2.417191,2.4988281000000003
data/shapenetsem_regression/processed/MediaStorage/5d3ccbb29fe58b46e847b10d79cd920.npz,data/shapenetsem_regression/raw/models-OBJ/models/5d3ccbb29fe58b46e847b10d79cd920.obj,wss.5d3ccbb29fe58b46e847b10d79cd920,5d3ccbb29fe58b46e847b10d79cd920,MediaStorage,"MediaStorage,WallUnit",train,0.695514,0.337389,0.102707,2.7408530000000004,1.1852338,0.5926169
data/shapenetsem_regression/processed/Oven/3c7cb5ba87684ffaf5f4f288fb912362.npz,data/shapenetsem_regression/raw/models-OBJ/models/3c7cb5ba87684ffaf5f4f288fb912362.obj,wss.3c7cb5ba87684ffaf5f4f288fb912362,3c7cb5ba87684ffaf5f4f288fb912362,Oven,Oven,train,1.479089,0.146125,0.048833,1.1456319000000001,1.6249738,1.0879199
data/shapenetsem_regression/processed/MediaStorage/3eefee315ac3db5dcc719373d4fe991c.npz,data/shapenetsem_regression/raw/models-OBJ/models/3eefee315ac3db5dcc719373d4fe991c.obj,wss.3eefee315ac3db5dcc719373d4fe991c,3eefee315ac3db5dcc719373d4fe991c,MediaStorage,"MediaStorage,TvStand",train,0.365875,0.091207,0.980495,1.2525139,0.8093154,0.7861919399999999
data/shapenetsem_regression/processed/Bed/5f34711aab1f2ff23f7e27638e63d848.npz,data/shapenetsem_regression/raw/models-OBJ/models/5f34711aab1f2ff23f7e27638e63d848.obj,wss.5f34711aab1f2ff23f7e27638e63d848,5f34711aab1f2ff23f7e27638e63d848,Bed,"Bed,QueenBed",train,1.864607,0.156159,0.009913,2.067372,1.3631676,2.0617088000000003
data/shapenetsem_regression/processed/PottedPlant/ab575525392675724c61a7cce317bfb7.npz,data/shapenetsem_regression/raw/models-OBJ/models/ab575525392675724c61a7cce317bfb7.obj,wss.ab575525392675724c61a7cce317bfb7,ab575525392675724c61a7cce317bfb7,PottedPlant,PottedPlant,train,0.121461,0.026308,0.503342,0.7968388000000001,0.7913171400000001,0.7968388000000001
data/shapenetsem_regression/processed/Bed/8c61b72c07b6a5563480e103b4cacefa.npz,data/shapenetsem_regression/raw/models-OBJ/models/8c61b72c07b6a5563480e103b4cacefa.obj,wss.8c61b72c07b6a5563480e103b4cacefa,8c61b72c07b6a5563480e103b4cacefa,Bed,"Bed,_AttributesTrain,QueenBed",train,1.330104,0.339829,0.021699,2.1025407,0.8537603,2.2865128
data/shapenetsem_regression/processed/ChestOfDrawers/fea46326afa3180a4fb42087918269e.npz,data/shapenetsem_regression/raw/models-OBJ/models/fea46326afa3180a4fb42087918269e.obj,wss.fea46326afa3180a4fb42087918269e,fea46326afa3180a4fb42087918269e,ChestOfDrawers,ChestOfDrawers,train,0.788567,0.046532,1.034027,1.0583569,0.7381818,1.0939313
data/shapenetsem_regression/processed/Couch/770bf9d88c7f039227eb00c151c6f711.npz,data/shapenetsem_regression/raw/models-OBJ/models/770bf9d88c7f039227eb00c151c6f711.obj,wss.770bf9d88c7f039227eb00c151c6f711,770bf9d88c7f039227eb00c151c6f711,Couch,Couch,train,1.059465,0.133678,0.784142,1.5609119000000002,1.2315251999999999,1.15142166
data/shapenetsem_regression/processed/Fireplace/72cedb533c6d7acde95e8a5faf311c2.npz,data/shapenetsem_regression/raw/models-OBJ/models/72cedb533c6d7acde95e8a5faf311c2.obj,wss.72cedb533c6d7acde95e8a5faf311c2,72cedb533c6d7acde95e8a5faf311c2,Fireplace,Fireplace,train,1.99449,0.210868,0.906592,1.5551492,2.0618372,0.6468634
data/shapenetsem_regression/processed/Refrigerator/26780889da30bdb9b88d31093d1f51f7.npz,data/shapenetsem_regression/raw/models-OBJ/models/26780889da30bdb9b88d31093d1f51f7.obj,wss.26780889da30bdb9b88d31093d1f51f7,26780889da30bdb9b88d31093d1f51f7,Refrigerator,"Refrigerator,_Attributes",train,0.845193,0.073785,0.526491,0.8147058,1.6294116,0.67093414
data/shapenetsem_regression/processed/ChestOfDrawers/769601fc77fc59161a41a993e415eb29.npz,data/shapenetsem_regression/raw/models-OBJ/models/769601fc77fc59161a41a993e415eb29.obj,wss.769601fc77fc59161a41a993e415eb29,769601fc77fc59161a41a993e415eb29,ChestOfDrawers,"ChestOfDrawers,Dresser,_RandomSetStudyModels,_AttributesTrain",train,1.616961,0.148584,0.162023,1.6940572,1.3031218000000002,0.7655817
data/shapenetsem_regression/processed/Cabinet/e8f04166c6dc3cb52ea98d69e91ba870.npz,data/shapenetsem_regression/raw/models-OBJ/models/e8f04166c6dc3cb52ea98d69e91ba870.obj,wss.e8f04166c6dc3cb52ea98d69e91ba870,e8f04166c6dc3cb52ea98d69e91ba870,Cabinet,Cabinet,train,0.851013,0.061373,0.798901,1.2542807999999999,1.1465511,0.6405727
data/shapenetsem_regression/processed/Rug/beff1d8e1a135a62a55e736e727a8281.npz,data/shapenetsem_regression/raw/models-OBJ/models/beff1d8e1a135a62a55e736e727a8281.obj,wss.beff1d8e1a135a62a55e736e727a8281,beff1d8e1a135a62a55e736e727a8281,Rug,"Rug,_Attributes",train,0.067338,0.06713,3.670575,1.5634619,0.01625364,2.3409628000000002
data/shapenetsem_regression/processed/Fireplace/c87aea0ef1a271bc90694e2aab04534b.npz,data/shapenetsem_regression/raw/models-OBJ/models/c87aea0ef1a271bc90694e2aab04534b.obj,wss.c87aea0ef1a271bc90694e2aab04534b,c87aea0ef1a271bc90694e2aab04534b,Fireplace,Fireplace,train,1.320292,0.102451,0.002596,1.6304001,1.5602928,1.6304001
data/shapenetsem_regression/processed/Rug/c6fd613a4583b17311fc2b865c2a185b.npz,data/shapenetsem_regression/raw/models-OBJ/models/c6fd613a4583b17311fc2b865c2a185b.obj,wss.c6fd613a4583b17311fc2b865c2a185b,c6fd613a4583b17311fc2b865c2a185b,Rug,"Rug,_StanfordSceneDBModels,_Attributes",train,0.122317,0.122193,3.654714,2.1538058,0.023746872,2.153809
data/shapenetsem_regression/processed/ToyFigure/a03f41b8da818bb8ac4fd92dfb8e239e.npz,data/shapenetsem_regression/raw/models-OBJ/models/a03f41b8da818bb8ac4fd92dfb8e239e.obj,wss.a03f41b8da818bb8ac4fd92dfb8e239e,a03f41b8da818bb8ac4fd92dfb8e239e,ToyFigure,ToyFigure,train,706.532715,341.962738,3.139554,19.843496000000002,24.894585000000003,17.562829999999998
data/shapenetsem_regression/processed/Couch/7fb8fdbc8c32dc2aad6d7e3d5c0179fe.npz,data/shapenetsem_regression/raw/models-OBJ/models/7fb8fdbc8c32dc2aad6d7e3d5c0179fe.obj,wss.7fb8fdbc8c32dc2aad6d7e3d5c0179fe,7fb8fdbc8c32dc2aad6d7e3d5c0179fe,Couch,Couch,train,1.150064,0.213064,1.966995,2.1902393,0.8235573599999999,0.9919955400000001
data/shapenetsem_regression/processed/Bed/28fd1cd2feab3b56c0e1b3fb437d8b09.npz,data/shapenetsem_regression/raw/models-OBJ/models/28fd1cd2feab3b56c0e1b3fb437d8b09.obj,wss.28fd1cd2feab3b56c0e1b3fb437d8b09,28fd1cd2feab3b56c0e1b3fb437d8b09,Bed,"Bed,QueenBed",train,1.935493,0.399054,0.118519,1.9765728999999999,1.160758,2.2635211
data/shapenetsem_regression/processed/Table/89875a037902c0664bd9e0690b0b191.npz,data/shapenetsem_regression/raw/models-OBJ/models/89875a037902c0664bd9e0690b0b191.obj,wss.89875a037902c0664bd9e0690b0b191,89875a037902c0664bd9e0690b0b191,Table,"Table,AccentTable,RoundTable",train,0.234714,0.038247,0.988339,1.1203868000000001,0.44815342,1.1203848
data/shapenetsem_regression/processed/Piano/5574c469aae489c355005b4420ff0a5.npz,data/shapenetsem_regression/raw/models-OBJ/models/5574c469aae489c355005b4420ff0a5.obj,wss.5574c469aae489c355005b4420ff0a5,5574c469aae489c355005b4420ff0a5,Piano,Piano,train,1.152238,0.146413,0.740037,1.6898444000000001,1.4054054,0.87631134
data/shapenetsem_regression/processed/WallArt/532a4358c43e567f55f46d55537192b6.npz,data/shapenetsem_regression/raw/models-OBJ/models/532a4358c43e567f55f46d55537192b6.obj,wss.532a4358c43e567f55f46d55537192b6,532a4358c43e567f55f46d55537192b6,WallArt,"WallArt,Painting",train,0.084948,0.063458,2.517961,2.2440865,1.1220419,0.056102147000000005
data/shapenetsem_regression/processed/MediaStorage/7d3db3949eb65b34391e4d6c585a697a.npz,data/shapenetsem_regression/raw/models-OBJ/models/7d3db3949eb65b34391e4d6c585a697a.obj,wss.7d3db3949eb65b34391e4d6c585a697a,7d3db3949eb65b34391e4d6c585a697a,MediaStorage,"MediaStorage,WallUnit,_StanfordSceneDBModels,_EvalSetInScenes",train,1.328382,0.660252,0.27493,2.5367172,1.8942818,0.63969784
data/shapenetsem_regression/processed/Bus/28d8eafb888cd457e8784f880dac0f61.npz,data/shapenetsem_regression/raw/models-OBJ/models/28d8eafb888cd457e8784f880dac0f61.obj,wss.28d8eafb888cd457e8784f880dac0f61,28d8eafb888cd457e8784f880dac0f61,Bus,Bus,train,85.073128,13.942811,0.911172,3.1553174000000004,3.0969177,11.981010000000001
data/shapenetsem_regression/processed/Chair/5cd597cccddc7c1f9b9977a2406713a.npz,data/shapenetsem_regression/raw/models-OBJ/models/5cd597cccddc7c1f9b9977a2406713a.obj,wss.5cd597cccddc7c1f9b9977a2406713a,5cd597cccddc7c1f9b9977a2406713a,Chair,Chair,train,0.125386,0.025639,0.494746,0.8782619,1.077871,0.8183826999999999
data/shapenetsem_regression/processed/Bed/cfbe7f6285a388d5135639bc3ac0c21b.npz,data/shapenetsem_regression/raw/models-OBJ/models/cfbe7f6285a388d5135639bc3ac0c21b.obj,wss.cfbe7f6285a388d5135639bc3ac0c21b,cfbe7f6285a388d5135639bc3ac0c21b,Bed,"Bed,PosterBed",train,2.582309,0.862925,0.034175,1.8955272,2.361804,2.5818106000000003
data/shapenetsem_regression/processed/Oven/b3e723d0231066a45a1bada754e9e91.npz,data/shapenetsem_regression/raw/models-OBJ/models/b3e723d0231066a45a1bada754e9e91.obj,wss.b3e723d0231066a45a1bada754e9e91,b3e723d0231066a45a1bada754e9e91,Oven,Oven,train,1.906386,0.229257,1.231641,1.3378691,1.5472626,0.9760500000000001
data/shapenetsem_regression/processed/Room/room01.npz,data/shapenetsem_regression/raw/models-OBJ/models/room01.obj,wss.room01,room01,Room,Room,train,7.979723,6.822538,0.768282,6.3214246,3.429,6.1722
data/shapenetsem_regression/processed/Cabinet/7cb72610b34fb7a64a44340bf227e40.npz,data/shapenetsem_regression/raw/models-OBJ/models/7cb72610b34fb7a64a44340bf227e40.obj,wss.7cb72610b34fb7a64a44340bf227e40,7cb72610b34fb7a64a44340bf227e40,Cabinet,Cabinet,train,0.98296,0.126975,0.752773,0.8778421000000001,1.2840776,0.9373673
data/shapenetsem_regression/processed/Bed/8a3736a26c1d613f28ff4c8506df90e3.npz,data/shapenetsem_regression/raw/models-OBJ/models/8a3736a26c1d613f28ff4c8506df90e3.obj,wss.8a3736a26c1d613f28ff4c8506df90e3,8a3736a26c1d613f28ff4c8506df90e3,Bed,"Bed,SingleBed",train,0.829201,0.32332,0.205834,1.2317455,0.7933692000000001,2.2991019
data/shapenetsem_regression/processed/Couch/1ed2e9056a9e94a693e60794f9200b7.npz,data/shapenetsem_regression/raw/models-OBJ/models/1ed2e9056a9e94a693e60794f9200b7.obj,wss.1ed2e9056a9e94a693e60794f9200b7,1ed2e9056a9e94a693e60794f9200b7,Couch,Couch,train,1.264427,0.141139,1.815966,2.087149,0.91112274,0.9393346
data/shapenetsem_regression/processed/ChestOfDrawers/3a606e8ae4cb46b1e83221ad0d21775.npz,data/shapenetsem_regression/raw/models-OBJ/models/3a606e8ae4cb46b1e83221ad0d21775.obj,wss.3a606e8ae4cb46b1e83221ad0d21775,3a606e8ae4cb46b1e83221ad0d21775,ChestOfDrawers,"ChestOfDrawers,Dresser",train,1.253728,0.148509,0.007256,1.3736987,1.23267784,0.8740785
data/shapenetsem_regression/processed/Chair/7f3562432f02b8a897d3ea932731fd42.npz,data/shapenetsem_regression/raw/models-OBJ/models/7f3562432f02b8a897d3ea932731fd42.obj,wss.7f3562432f02b8a897d3ea932731fd42,7f3562432f02b8a897d3ea932731fd42,Chair,"Chair,_RandomSetStudyModels,_AttributesTrain",val,1.430019,0.239809,0.016195,1.9609924,1.27915565,1.22024055
data/shapenetsem_regression/processed/Bed/93f92261cd41e39a5eead856a4605937.npz,data/shapenetsem_regression/raw/models-OBJ/models/93f92261cd41e39a5eead856a4605937.obj,wss.93f92261cd41e39a5eead856a4605937,93f92261cd41e39a5eead856a4605937,Bed,"Bed,DoubleBed",val,1.741286,0.281302,0.016596,1.6960294999999999,1.0996575,2.1288368
data/shapenetsem_regression/processed/Cabinet/258ed141dbb8c11311fc2b865c2a185b.npz,data/shapenetsem_regression/raw/models-OBJ/models/258ed141dbb8c11311fc2b865c2a185b.obj,wss.258ed141dbb8c11311fc2b865c2a185b,258ed141dbb8c11311fc2b865c2a185b,Cabinet,Cabinet,val,0.104483,0.045521,0.569188,1.5711118,0.82014755,0.39634747
data/shapenetsem_regression/processed/MediaStorage/87c9231d0ecf6d6e6430c2c15987e4cd.npz,data/shapenetsem_regression/raw/models-OBJ/models/87c9231d0ecf6d6e6430c2c15987e4cd.obj,wss.87c9231d0ecf6d6e6430c2c15987e4cd,87c9231d0ecf6d6e6430c2c15987e4cd,MediaStorage,"MediaStorage,WallUnit",val,1.476118,0.465814,0.212715,2.624425,1.3368385,0.7704411000000001
data/shapenetsem_regression/processed/Couch/f2458aaf4ab3e0585d7543afa4b9b4e8.npz,data/shapenetsem_regression/raw/models-OBJ/models/f2458aaf4ab3e0585d7543afa4b9b4e8.obj,wss.f2458aaf4ab3e0585d7543afa4b9b4e8,f2458aaf4ab3e0585d7543afa4b9b4e8,Couch,Couch,val,0.854513,0.280855,1.818879,1.8914259999999998,0.83607635,1.3385619
data/shapenetsem_regression/processed/MediaStorage/a0d528bc3ac5e5f0fbb3082727af833c.npz,data/shapenetsem_regression/raw/models-OBJ/models/a0d528bc3ac5e5f0fbb3082727af833c.obj,wss.a0d528bc3ac5e5f0fbb3082727af833c,a0d528bc3ac5e5f0fbb3082727af833c,MediaStorage,"MediaStorage,WallUnit",val,0.734472,0.254312,0.63305,2.4585005,1.7209534,0.51218956
data/shapenetsem_regression/processed/Chair/4fa3a2c2b7ff8766a1c637e821f12a67.npz,data/shapenetsem_regression/raw/models-OBJ/models/4fa3a2c2b7ff8766a1c637e821f12a67.obj,wss.4fa3a2c2b7ff8766a1c637e821f12a67,4fa3a2c2b7ff8766a1c637e821f12a67,Chair,"Chair,BeanBag",val,0.416237,0.028148,0.734495,1.1049791,0.6962368,1.10497894
data/shapenetsem_regression/processed/Bed/264f245e27333be8e3f7a74e12a274ef.npz,data/shapenetsem_regression/raw/models-OBJ/models/264f245e27333be8e3f7a74e12a274ef.obj,wss.264f245e27333be8e3f7a74e12a274ef,264f245e27333be8e3f7a74e12a274ef,Bed,"Bed,_AttributesTrain,QueenBed",val,1.863201,0.447627,4.638044,1.874595,0.7162170999999999,2.520119
data/shapenetsem_regression/processed/Sink/1911ffab9b6171af823ac2248112b473.npz,data/shapenetsem_regression/raw/models-OBJ/models/1911ffab9b6171af823ac2248112b473.obj,wss.1911ffab9b6171af823ac2248112b473,1911ffab9b6171af823ac2248112b473,Sink,Sink,val,1.261607,0.223017,1.070114,1.8651326000000001,1.1954277,0.6726708000000001
data/shapenetsem_regression/processed/Desk/55abd427263bc2267f98595f18a6210f.npz,data/shapenetsem_regression/raw/models-OBJ/models/55abd427263bc2267f98595f18a6210f.obj,wss.55abd427263bc2267f98595f18a6210f,55abd427263bc2267f98595f18a6210f,Desk,Desk,val,0.308667,0.083742,0.556517,1.4074356000000001,0.547078,0.63120712
data/shapenetsem_regression/processed/MediaStorage/bbe03657eeed21adee1f34277d999a48.npz,data/shapenetsem_regression/raw/models-OBJ/models/bbe03657eeed21adee1f34277d999a48.obj,wss.bbe03657eeed21adee1f34277d999a48,bbe03657eeed21adee1f34277d999a48,MediaStorage,"MediaStorage,WallUnit",val,1.334141,0.409543,1.82436,2.8038781999999998,0.991873,0.6501488999999999
data/shapenetsem_regression/processed/Bed/1a8e293609eca3b3f7e27638e63d848.npz,data/shapenetsem_regression/raw/models-OBJ/models/1a8e293609eca3b3f7e27638e63d848.obj,wss.1a8e293609eca3b3f7e27638e63d848,1a8e293609eca3b3f7e27638e63d848,Bed,"Bed,_AttributesTrain,QueenBed",val,2.456043,0.553115,0.027515,1.8118085,1.2638808000000001,2.3447061
data/shapenetsem_regression/processed/Couch/6fc69edce1f6d0d5e7e684d25d4dcaf0.npz,data/shapenetsem_regression/raw/models-OBJ/models/6fc69edce1f6d0d5e7e684d25d4dcaf0.obj,wss.6fc69edce1f6d0d5e7e684d25d4dcaf0,6fc69edce1f6d0d5e7e684d25d4dcaf0,Couch,"Couch,_RandomSetStudyModels",val,2.00504,0.457079,0.136783,2.719596,0.9321691,1.9609366000000001
data/shapenetsem_regression/processed/Room/room10.npz,data/shapenetsem_regression/raw/models-OBJ/models/room10.obj,wss.room10,room10,Room,Room,val,4.064159,3.105651,16.123882,4.4958,2.7686,4.4100748
data/shapenetsem_regression/processed/Table/6f2ffe8c014a6a458af30108ea9ccb6c.npz,data/shapenetsem_regression/raw/models-OBJ/models/6f2ffe8c014a6a458af30108ea9ccb6c.obj,wss.6f2ffe8c014a6a458af30108ea9ccb6c,6f2ffe8c014a6a458af30108ea9ccb6c,Table,"Table,CoffeeTable",val,0.310388,0.05597,0.47472,1.1390268000000001,0.44263260000000004,0.8484598
data/shapenetsem_regression/processed/Rug/eafbbfa3851d92cbd291861d5bc3e7c8.npz,data/shapenetsem_regression/raw/models-OBJ/models/eafbbfa3851d92cbd291861d5bc3e7c8.obj,wss.eafbbfa3851d92cbd291861d5bc3e7c8,eafbbfa3851d92cbd291861d5bc3e7c8,Rug,"Rug,_StanfordSceneDBModels",val,0.042023,0.042023,2.918711,1.8429106,0.007319724600000001,1.5810605000000002
data/shapenetsem_regression/processed/Bed/b0b8704a2fd27c5787f1a2cb0c79506b.npz,data/shapenetsem_regression/raw/models-OBJ/models/b0b8704a2fd27c5787f1a2cb0c79506b.obj,wss.b0b8704a2fd27c5787f1a2cb0c79506b,b0b8704a2fd27c5787f1a2cb0c79506b,Bed,"Bed,CanopyBed,PosterBed",val,3.098636,0.40794,0.013914,1.9012413000000001,2.4224449999999997,2.5164505
data/shapenetsem_regression/processed/Toilet/9402b6db4192c3151cc00550ccb8f129.npz,data/shapenetsem_regression/raw/models-OBJ/models/9402b6db4192c3151cc00550ccb8f129.obj,wss.9402b6db4192c3151cc00550ccb8f129,9402b6db4192c3151cc00550ccb8f129,Toilet,Toilet,val,0.65134,0.059786,0.88398,0.9101102000000001,1.1428901999999999,1.0631172
data/shapenetsem_regression/processed/MediaStorage/c32efd36e61ef82813048bc4381266fe.npz,data/shapenetsem_regression/raw/models-OBJ/models/c32efd36e61ef82813048bc4381266fe.obj,wss.c32efd36e61ef82813048bc4381266fe,c32efd36e61ef82813048bc4381266fe,MediaStorage,"MediaStorage,WallUnit",val,0.53739,0.303317,1.721014,2.6950967,1.2577118,0.6503285
data/shapenetsem_regression/processed/Couch/24129a2a06b35e27c1a6b3575377c8d3.npz,data/shapenetsem_regression/raw/models-OBJ/models/24129a2a06b35e27c1a6b3575377c8d3.obj,wss.24129a2a06b35e27c1a6b3575377c8d3,24129a2a06b35e27c1a6b3575377c8d3,Couch,Couch,val,0.696602,0.139581,0.895659,2.0665924,0.9480115000000001,0.9480115000000001
data/shapenetsem_regression/processed/Couch/21addfde981f0e3445c6cb69e0968783.npz,data/shapenetsem_regression/raw/models-OBJ/models/21addfde981f0e3445c6cb69e0968783.obj,wss.21addfde981f0e3445c6cb69e0968783,21addfde981f0e3445c6cb69e0968783,Couch,Couch,val,0.265408,0.128371,1.076073,2.3956328,0.35695427,0.4491811
data/shapenetsem_regression/processed/DartBoard/5adcc3287b27b8ac6364755672e91dc0.npz,data/shapenetsem_regression/raw/models-OBJ/models/5adcc3287b27b8ac6364755672e91dc0.obj,wss.5adcc3287b27b8ac6364755672e91dc0,5adcc3287b27b8ac6364755672e91dc0,DartBoard,DartBoard,val,0.028057,0.01236,0.740938,0.9178443000000001,0.8262727,0.08435205
data/shapenetsem_regression/processed/Bookcase/b8eb9918623a90fe14b86d5282eb8301.npz,data/shapenetsem_regression/raw/models-OBJ/models/b8eb9918623a90fe14b86d5282eb8301.obj,wss.b8eb9918623a90fe14b86d5282eb8301,b8eb9918623a90fe14b86d5282eb8301,Bookcase,"Bookcase,3Shelves,_StanfordSceneDBModels",val,0.192824,0.154107,0.592219,1.8154417,1.0711103,0.31770153
data/shapenetsem_regression/processed/Rug/8c87d9fee8cea16aa1c5071837cf8163.npz,data/shapenetsem_regression/raw/models-OBJ/models/8c87d9fee8cea16aa1c5071837cf8163.obj,wss.8c87d9fee8cea16aa1c5071837cf8163,8c87d9fee8cea16aa1c5071837cf8163,Rug,Rug,val,0.20128,0.136625,3.796912,2.2618224000000002,0.049230113,1.6757526999999999
data/shapenetsem_regression/processed/Bookcase/9ba6a44ad22d6ce192e0b07fda7527d0.npz,data/shapenetsem_regression/raw/models-OBJ/models/9ba6a44ad22d6ce192e0b07fda7527d0.obj,wss.9ba6a44ad22d6ce192e0b07fda7527d0,9ba6a44ad22d6ce192e0b07fda7527d0,Bookcase,"Bookcase,5Shelves",val,0.118156,0.093246,0.506009,1.3603488,0.8065629599999999,0.3658081
data/shapenetsem_regression/processed/WallArtWithFigurine/c5de389b7b4c8c5751ac064681b2f1b6.npz,data/shapenetsem_regression/raw/models-OBJ/models/c5de389b7b4c8c5751ac064681b2f1b6.obj,wss.c5de389b7b4c8c5751ac064681b2f1b6,c5de389b7b4c8c5751ac064681b2f1b6,WallArtWithFigurine,WallArtWithFigurine,val,93.996323,195.158234,6.099844,29.809162999999998,23.207222,15.510151
data/shapenetsem_regression/processed/Tank/ffb4046e7b34813f9fa437cfeba70c2.npz,data/shapenetsem_regression/raw/models-OBJ/models/ffb4046e7b34813f9fa437cfeba70c2.obj,wss.ffb4046e7b34813f9fa437cfeba70c2,ffb4046e7b34813f9fa437cfeba70c2,Tank,"Tank,_Attributes",val,2.968472,0.888268,0.114114,1.5064403,1.1473603,3.9308514000000003
data/shapenetsem_regression/processed/Couch/ec9d8a450d5d30935951e132a7bb8604.npz,data/shapenetsem_regression/raw/models-OBJ/models/ec9d8a450d5d30935951e132a7bb8604.obj,wss.ec9d8a450d5d30935951e132a7bb8604,ec9d8a450d5d30935951e132a7bb8604,Couch,Couch,val,0.751887,0.160575,1.101156,2.1983932,0.8051408000000001,0.7669474
data/shapenetsem_regression/processed/Table/2a94366f2020aabd9bf6576bfdf7d207.npz,data/shapenetsem_regression/raw/models-OBJ/models/2a94366f2020aabd9bf6576bfdf7d207.obj,wss.2a94366f2020aabd9bf6576bfdf7d207,2a94366f2020aabd9bf6576bfdf7d207,Table,"Table,DiningTable",val,0.062562,0.04135,1.345168,1.6275583,0.5107579400000001,0.8172132000000001
data/shapenetsem_regression/processed/Room/room16.npz,data/shapenetsem_regression/raw/models-OBJ/models/room16.obj,wss.room16,room16,Room,Room,val,37.425716,23.165171,53.703644,6.8833997,4.3434,8.4444586
data/shapenetsem_regression/processed/Washer/8ef93a18aca9f3bc69569e953575ec69.npz,data/shapenetsem_regression/raw/models-OBJ/models/8ef93a18aca9f3bc69569e953575ec69.obj,wss.8ef93a18aca9f3bc69569e953575ec69,8ef93a18aca9f3bc69569e953575ec69,Washer,Washer,val,1.815681,0.13544,1.075599,1.0481662,1.4750931,1.24018456
data/shapenetsem_regression/processed/Bed/b57654ede34c588df1783a44a88d6274.npz,data/shapenetsem_regression/raw/models-OBJ/models/b57654ede34c588df1783a44a88d6274.obj,wss.b57654ede34c588df1783a44a88d6274,b57654ede34c588df1783a44a88d6274,Bed,"Bed,_AttributesTrain,QueenBed",val,1.273836,0.331852,0.039733,1.7852188000000002,0.9651713,2.501901
data/shapenetsem_regression/processed/Bed/e5d8ae73ad96bb39f4d75fdbcde884f.npz,data/shapenetsem_regression/raw/models-OBJ/models/e5d8ae73ad96bb39f4d75fdbcde884f.obj,wss.e5d8ae73ad96bb39f4d75fdbcde884f,e5d8ae73ad96bb39f4d75fdbcde884f,Bed,"Bed,ChildBed",val,1.644835,0.492526,0.010181,2.5328746,1.5392235,1.2484820600000002
data/shapenetsem_regression/processed/Bathtub/15c43d52c1c50d373321831d2245cf06.npz,data/shapenetsem_regression/raw/models-OBJ/models/15c43d52c1c50d373321831d2245cf06.obj,wss.15c43d52c1c50d373321831d2245cf06,15c43d52c1c50d373321831d2245cf06,Bathtub,Bathtub,val,0.29686,0.194619,1.054542,3.2064908000000005,0.8721011000000001,2.4125156999999997
data/shapenetsem_regression/processed/ChestOfDrawers/d80c97095901cc2b6e31219e8c9f72d3.npz,data/shapenetsem_regression/raw/models-OBJ/models/d80c97095901cc2b6e31219e8c9f72d3.obj,wss.d80c97095901cc2b6e31219e8c9f72d3,d80c97095901cc2b6e31219e8c9f72d3,ChestOfDrawers,"ChestOfDrawers,Armoire",val,1.004596,0.087343,0.616866,1.3088747,1.6284921,0.48293175
data/shapenetsem_regression/processed/Rug/f46506435972bf4b43d745d6c7c0579e.npz,data/shapenetsem_regression/raw/models-OBJ/models/f46506435972bf4b43d745d6c7c0579e.obj,wss.f46506435972bf4b43d745d6c7c0579e,f46506435972bf4b43d745d6c7c0579e,Rug,"Rug,_StanfordSceneDBModels",val,0.205762,0.139457,3.751907,2.3482129,0.039437037,2.1762032
data/shapenetsem_regression/processed/Fireplace/554c65c7b99345c071aca0e592255398.npz,data/shapenetsem_regression/raw/models-OBJ/models/554c65c7b99345c071aca0e592255398.obj,wss.554c65c7b99345c071aca0e592255398,554c65c7b99345c071aca0e592255398,Fireplace,Fireplace,val,2.133047,0.265468,2.337089,1.7628158999999999,1.5635829,1.4792432
data/shapenetsem_regression/processed/Bed/22d7ae1fdb18e75d5a1ef1b7f4e8cdc.npz,data/shapenetsem_regression/raw/models-OBJ/models/22d7ae1fdb18e75d5a1ef1b7f4e8cdc.obj,wss.22d7ae1fdb18e75d5a1ef1b7f4e8cdc,22d7ae1fdb18e75d5a1ef1b7f4e8cdc,Bed,"Bed,_AttributesTrain,QueenBed",val,1.538144,0.407356,0.058879,1.774478,1.1448245000000001,2.4327520000000002
data/shapenetsem_regression/processed/ChestOfDrawers/510079ea1a71f32eb057261be64dfc5.npz,data/shapenetsem_regression/raw/models-OBJ/models/510079ea1a71f32eb057261be64dfc5.obj,wss.510079ea1a71f32eb057261be64dfc5,510079ea1a71f32eb057261be64dfc5,ChestOfDrawers,"ChestOfDrawers,Armoire",val,0.605731,0.112801,0.591465,1.7262315000000001,0.97461624,0.81768585
data/shapenetsem_regression/processed/Fireplace/1ba533f6962ee7c1ac51268fdb437a9e.npz,data/shapenetsem_regression/raw/models-OBJ/models/1ba533f6962ee7c1ac51268fdb437a9e.obj,wss.1ba533f6962ee7c1ac51268fdb437a9e,1ba533f6962ee7c1ac51268fdb437a9e,Fireplace,Fireplace,val,2.656803,0.708619,2.423907,2.8087392999999996,2.4582378,1.2483651
data/shapenetsem_regression/processed/Refrigerator/4d28c99f3bddc0fbafe1d4530f4c6e24.npz,data/shapenetsem_regression/raw/models-OBJ/models/4d28c99f3bddc0fbafe1d4530f4c6e24.obj,wss.4d28c99f3bddc0fbafe1d4530f4c6e24,4d28c99f3bddc0fbafe1d4530f4c6e24,Refrigerator,Refrigerator,val,0.832822,0.080716,0.484358,0.8147044,1.6294089,0.6709331000000001
data/shapenetsem_regression/processed/Couch/2ebb84f64f8f0f565db77ed1f5c8b93.npz,data/shapenetsem_regression/raw/models-OBJ/models/2ebb84f64f8f0f565db77ed1f5c8b93.obj,wss.2ebb84f64f8f0f565db77ed1f5c8b93,2ebb84f64f8f0f565db77ed1f5c8b93,Couch,Couch,val,0.333815,0.124953,1.271537,1.9061000000000001,0.4451316,1.4956273
data/shapenetsem_regression/processed/Bed/39a4902a6a36c3eb5715ea578ae09bb6.npz,data/shapenetsem_regression/raw/models-OBJ/models/39a4902a6a36c3eb5715ea578ae09bb6.obj,wss.39a4902a6a36c3eb5715ea578ae09bb6,39a4902a6a36c3eb5715ea578ae09bb6,Bed,"Bed,PosterBed",val,2.152262,0.514191,0.034107,2.1801331999999998,2.1907211,2.5057317
data/shapenetsem_regression/processed/ChestOfDrawers/ea7ad634d3f3b0d4dd9a67f07d7210f2.npz,data/shapenetsem_regression/raw/models-OBJ/models/ea7ad634d3f3b0d4dd9a67f07d7210f2.obj,wss.ea7ad634d3f3b0d4dd9a67f07d7210f2,ea7ad634d3f3b0d4dd9a67f07d7210f2,ChestOfDrawers,"ChestOfDrawers,Dresser,_AttributesTrain",val,1.501131,0.227815,1.287322,1.1903989,1.13521835,1.2102845
data/shapenetsem_regression/processed/Table/1223b9275d2a2edacd4833986a6efe96.npz,data/shapenetsem_regression/raw/models-OBJ/models/1223b9275d2a2edacd4833986a6efe96.obj,wss.1223b9275d2a2edacd4833986a6efe96,1223b9275d2a2edacd4833986a6efe96,Table,Table,val,0.057316,0.028597,0.80876,1.0124048,0.8480615,0.7913330000000001
data/shapenetsem_regression/processed/Couch/ee4ec19df3a6b81317fd40ad196436c.npz,data/shapenetsem_regression/raw/models-OBJ/models/ee4ec19df3a6b81317fd40ad196436c.obj,wss.ee4ec19df3a6b81317fd40ad196436c,ee4ec19df3a6b81317fd40ad196436c,Couch,Couch,val,0.757985,0.200709,1.473045,2.2139047,0.8348654999999999,0.6854648600000001
data/shapenetsem_regression/processed/Bed/25331cd099a9e8c6ab7f9d2da6fc61cf.npz,data/shapenetsem_regression/raw/models-OBJ/models/25331cd099a9e8c6ab7f9d2da6fc61cf.obj,wss.25331cd099a9e8c6ab7f9d2da6fc61cf,25331cd099a9e8c6ab7f9d2da6fc61cf,Bed,"Bed,KingBed",val,2.179306,0.528852,0.063107,2.139391,0.8755985,2.6795839999999997
data/shapenetsem_regression/processed/Couch/3fcb0aaa346bd46f11e76965808086c8.npz,data/shapenetsem_regression/raw/models-OBJ/models/3fcb0aaa346bd46f11e76965808086c8.obj,wss.3fcb0aaa346bd46f11e76965808086c8,3fcb0aaa346bd46f11e76965808086c8,Couch,Couch,val,1.006748,0.206875,1.70759,2.1283748,0.8515313999999999,0.90190704
data/shapenetsem_regression/processed/_StanfordSceneDBModels/6700b56cbab318a522297cd9a670082.npz,data/shapenetsem_regression/raw/models-OBJ/models/6700b56cbab318a522297cd9a670082.obj,wss.6700b56cbab318a522297cd9a670082,6700b56cbab318a522297cd9a670082,_StanfordSceneDBModels,"_StanfordSceneDBModels,Cabinet",val,2.932632,0.431938,1.255338,1.7097469,2.2353862,0.9168265
data/shapenetsem_regression/processed/Bed/9c07429df4241f667ce3895bf5051a5c.npz,data/shapenetsem_regression/raw/models-OBJ/models/9c07429df4241f667ce3895bf5051a5c.obj,wss.9c07429df4241f667ce3895bf5051a5c,9c07429df4241f667ce3895bf5051a5c,Bed,"Bed,PosterBed",val,1.72977,0.389502,0.063162,1.8797443000000003,2.4117146,2.5431833
data/shapenetsem_regression/processed/Bed/4b62e46f46ab7d5f37445e82d5b75b1.npz,data/shapenetsem_regression/raw/models-OBJ/models/4b62e46f46ab7d5f37445e82d5b75b1.obj,wss.4b62e46f46ab7d5f37445e82d5b75b1,4b62e46f46ab7d5f37445e82d5b75b1,Bed,"Bed,_StanfordSceneDBModels,_AttributesTrain,QueenBed,_OIMwhitelist",val,1.289471,0.4455,0.049342,1.8197408,1.4167707999999999,2.4937184
data/shapenetsem_regression/processed/Sink/fa038b94b961b7aae3f7a74e12a274ef.npz,data/shapenetsem_regression/raw/models-OBJ/models/fa038b94b961b7aae3f7a74e12a274ef.obj,wss.fa038b94b961b7aae3f7a74e12a274ef,fa038b94b961b7aae3f7a74e12a274ef,Sink,Sink,val,1.025014,0.098468,0.704745,1.4613823,1.6052345,0.805249
data/shapenetsem_regression/processed/Chair/4c1d6b12b48a80b0ebd10747ca93b13b.npz,data/shapenetsem_regression/raw/models-OBJ/models/4c1d6b12b48a80b0ebd10747ca93b13b.obj,wss.4c1d6b12b48a80b0ebd10747ca93b13b,4c1d6b12b48a80b0ebd10747ca93b13b,Chair,"Chair,BeanBag,_StanfordSceneDBModels,_SceneGalleryModels,_EvalSetInScenes",val,0.501202,0.033895,0.831324,1.1755601500000001,0.7407092000000001,1.1755585000000002
data/shapenetsem_regression/processed/Cabinet/544bc6af6be12c254a44340bf227e40.npz,data/shapenetsem_regression/raw/models-OBJ/models/544bc6af6be12c254a44340bf227e40.obj,wss.544bc6af6be12c254a44340bf227e40,544bc6af6be12c254a44340bf227e40,Cabinet,Cabinet,val,0.982868,0.126964,0.752773,0.8778421000000001,1.2840776,0.9373673
data/shapenetsem_regression/processed/Room/room11.npz,data/shapenetsem_regression/raw/models-OBJ/models/room11.obj,wss.room11,room11,Room,Room,val,3.173536,2.545621,0.110132,3.903187,2.86262,4.6909482
data/shapenetsem_regression/processed/Bed/f2518339da2a64ea5e87e18e0a88e78f.npz,data/shapenetsem_regression/raw/models-OBJ/models/f2518339da2a64ea5e87e18e0a88e78f.obj,wss.f2518339da2a64ea5e87e18e0a88e78f,f2518339da2a64ea5e87e18e0a88e78f,Bed,"Bed,_StanfordSceneDBModels,DoubleBed",val,1.319895,0.22734,3.817191,1.8052792,0.9364530000000001,2.4136865000000003
data/shapenetsem_regression/processed/LDesk/546f5dbed1636d097ee0de88f23eac1d.npz,data/shapenetsem_regression/raw/models-OBJ/models/546f5dbed1636d097ee0de88f23eac1d.obj,wss.546f5dbed1636d097ee0de88f23eac1d,546f5dbed1636d097ee0de88f23eac1d,LDesk,LDesk,val,0.44426,0.289224,1.026822,2.186803,0.8612495,2.185061
data/shapenetsem_regression/processed/Chair/deabac9af7eb4bb15ef2246d39b30aec.npz,data/shapenetsem_regression/raw/models-OBJ/models/deabac9af7eb4bb15ef2246d39b30aec.obj,wss.deabac9af7eb4bb15ef2246d39b30aec,deabac9af7eb4bb15ef2246d39b30aec,Chair,"Chair,Chaise",val,0.385076,0.077084,1.033301,1.1538937,1.4099562,1.1796631
data/shapenetsem_regression/processed/Truck/d599ebc510db1b886ba1b127e65435ae.npz,data/shapenetsem_regression/raw/models-OBJ/models/d599ebc510db1b886ba1b127e65435ae.obj,wss.d599ebc510db1b886ba1b127e65435ae,d599ebc510db1b886ba1b127e65435ae,Truck,Truck,val,14.548022,1.725861,0.053114,2.1518279000000002,2.1092598000000002,4.397521
data/shapenetsem_regression/processed/Table/304e6160dadb193f493a4a2a112261d3.npz,data/shapenetsem_regression/raw/models-OBJ/models/304e6160dadb193f493a4a2a112261d3.obj,wss.304e6160dadb193f493a4a2a112261d3,304e6160dadb193f493a4a2a112261d3,Table,"Table,CoffeeTable,_AttributesTrain",val,0.137176,0.046731,0.872882,1.281824,0.33044834,0.67891045
data/shapenetsem_regression/processed/Bus/418ecddf4297b8051138452c33de4a3d.npz,data/shapenetsem_regression/raw/models-OBJ/models/418ecddf4297b8051138452c33de4a3d.obj,wss.418ecddf4297b8051138452c33de4a3d,418ecddf4297b8051138452c33de4a3d,Bus,Bus,val,79.711754,14.641652,0.737578,3.5476330000000003,3.5767415999999996,12.368031000000002
data/shapenetsem_regression/processed/Fireplace/368fed91690e2bcbac51268fdb437a9e.npz,data/shapenetsem_regression/raw/models-OBJ/models/368fed91690e2bcbac51268fdb437a9e.obj,wss.368fed91690e2bcbac51268fdb437a9e,368fed91690e2bcbac51268fdb437a9e,Fireplace,Fireplace,val,3.015806,0.300483,1.81288,1.9046078,1.6724315,1.1463389
data/shapenetsem_regression/processed/Bed/724fc225b644c324e3f7a74e12a274ef.npz,data/shapenetsem_regression/raw/models-OBJ/models/724fc225b644c324e3f7a74e12a274ef.obj,wss.724fc225b644c324e3f7a74e12a274ef,724fc225b644c324e3f7a74e12a274ef,Bed,"Bed,_AttributesTrain,QueenBed",val,1.93676,0.418449,3.573657,1.8351439999999999,1.0174736,2.2878577
data/shapenetsem_regression/processed/MediaStorage/6a278000065e22c8d3dad974dc098fa1.npz,data/shapenetsem_regression/raw/models-OBJ/models/6a278000065e22c8d3dad974dc098fa1.obj,wss.6a278000065e22c8d3dad974dc098fa1,6a278000065e22c8d3dad974dc098fa1,MediaStorage,"MediaStorage,WallUnit",val,0.817867,0.399786,1.096685,2.6524084,1.4078362000000002,0.5009656
data/shapenetsem_regression/processed/Couch/fee8e1e0161f69b0db039d8689a74349.npz,data/shapenetsem_regression/raw/models-OBJ/models/fee8e1e0161f69b0db039d8689a74349.obj,wss.fee8e1e0161f69b0db039d8689a74349,fee8e1e0161f69b0db039d8689a74349,Couch,"Couch,Sectional",val,0.182032,0.045642,0.773985,1.3690210999999999,0.34256294,0.7895546
data/shapenetsem_regression/processed/ChestOfDrawers/ed098e3fcab290cadfaa699b9cc70396.npz,data/shapenetsem_regression/raw/models-OBJ/models/ed098e3fcab290cadfaa699b9cc70396.obj,wss.ed098e3fcab290cadfaa699b9cc70396,ed098e3fcab290cadfaa699b9cc70396,ChestOfDrawers,ChestOfDrawers,val,0.903559,0.045212,1.007706,1.0077975000000001,0.8787296000000001,1.0362953000000001
data/shapenetsem_regression/processed/ChestOfDrawers/663cf5c8c88a187b6fa3ef67a69ab460.npz,data/shapenetsem_regression/raw/models-OBJ/models/663cf5c8c88a187b6fa3ef67a69ab460.obj,wss.663cf5c8c88a187b6fa3ef67a69ab460,663cf5c8c88a187b6fa3ef67a69ab460,ChestOfDrawers,"ChestOfDrawers,Armoire",val,0.62685,0.135402,0.603792,1.7944982999999999,1.01911194,0.58271088
data/shapenetsem_regression/processed/ChestOfDrawers/cb48ec828b688a78d747fd5e045d7490.npz,data/shapenetsem_regression/raw/models-OBJ/models/cb48ec828b688a78d747fd5e045d7490.obj,wss.cb48ec828b688a78d747fd5e045d7490,cb48ec828b688a78d747fd5e045d7490,ChestOfDrawers,"ChestOfDrawers,Armoire,Wardrobe",val,0.900244,0.10904,0.538997,1.329375,1.6211879,0.43656860000000003
data/shapenetsem_regression/processed/MediaStorage/c289d993151a8192bf35e8d230770a1e.npz,data/shapenetsem_regression/raw/models-OBJ/models/c289d993151a8192bf35e8d230770a1e.obj,wss.c289d993151a8192bf35e8d230770a1e,c289d993151a8192bf35e8d230770a1e,MediaStorage,"MediaStorage,WallUnit",val,0.858364,0.292696,0.524468,2.6737277,1.3939622,0.41986225
data/shapenetsem_regression/processed/Microwave/4c9a1496692048922ec64b86eca750d.npz,data/shapenetsem_regression/raw/models-OBJ/models/4c9a1496692048922ec64b86eca750d.obj,wss.4c9a1496692048922ec64b86eca750d,4c9a1496692048922ec64b86eca750d,Microwave,Microwave,val,0.185147,0.010969,0.455791,0.7122603,0.4042563,0.63564392
data/shapenetsem_regression/processed/_GeoAutotagEvalSet/6c3efd524ccedc67183e955b2658ec0c.npz,data/shapenetsem_regression/raw/models-OBJ/models/6c3efd524ccedc67183e955b2658ec0c.obj,wss.6c3efd524ccedc67183e955b2658ec0c,6c3efd524ccedc67183e955b2658ec0c,_GeoAutotagEvalSet,"_GeoAutotagEvalSet,WallArt",val,0.025961,0.018139,0.726944,0.45233994000000005,1.5648175000000002,0.02685772
data/shapenetsem_regression/processed/Cabinet/ee67bded88d8ec4659554e7f795a10fa.npz,data/shapenetsem_regression/raw/models-OBJ/models/ee67bded88d8ec4659554e7f795a10fa.obj,wss.ee67bded88d8ec4659554e7f795a10fa,ee67bded88d8ec4659554e7f795a10fa,Cabinet,"Cabinet,CurioCabinet",val,1.185976,0.361416,0.011293,1.4575764000000002,2.0989117,0.8559455
data/shapenetsem_regression/processed/Bed/ac97ffc6b6ef238382c3b56998e08a4c.npz,data/shapenetsem_regression/raw/models-OBJ/models/ac97ffc6b6ef238382c3b56998e08a4c.obj,wss.ac97ffc6b6ef238382c3b56998e08a4c,ac97ffc6b6ef238382c3b56998e08a4c,Bed,"Bed,_AttributesTrain,QueenBed",val,1.947625,0.274447,0.056306,1.9343793,0.8498509,2.4317912
data/shapenetsem_regression/processed/MediaStorage/40e02427012e89035c5877763e96cb00.npz,data/shapenetsem_regression/raw/models-OBJ/models/40e02427012e89035c5877763e96cb00.obj,wss.40e02427012e89035c5877763e96cb00,40e02427012e89035c5877763e96cb00,MediaStorage,"MediaStorage,WallUnit",val,1.405786,0.382867,0.011683,1.8038965,2.244341,0.6360815400000001
data/shapenetsem_regression/processed/Rug/40b3243af3e3ace6168790cc311ab871.npz,data/shapenetsem_regression/raw/models-OBJ/models/40b3243af3e3ace6168790cc311ab871.obj,wss.40b3243af3e3ace6168790cc311ab871,40b3243af3e3ace6168790cc311ab871,Rug,Rug,val,0.133446,0.133446,3.898797,1.7678307000000002,0.032262821000000004,2.1905522
data/shapenetsem_regression/processed/ChestOfDrawers/57b0ad296675f5b8d399ff3e7686b3c4.npz,data/shapenetsem_regression/raw/models-OBJ/models/57b0ad296675f5b8d399ff3e7686b3c4.obj,wss.57b0ad296675f5b8d399ff3e7686b3c4,57b0ad296675f5b8d399ff3e7686b3c4,ChestOfDrawers,"ChestOfDrawers,Armoire",val,1.591565,0.163289,0.064896,1.4582552000000002,1.1957693500000002,1.02077866
data/shapenetsem_regression/processed/Chair/7263fe53bb4601efa37f3fc191551700.npz,data/shapenetsem_regression/raw/models-OBJ/models/7263fe53bb4601efa37f3fc191551700.obj,wss.7263fe53bb4601efa37f3fc191551700,7263fe53bb4601efa37f3fc191551700,Chair,"Chair,BeanBag,_StanfordSceneDBModels",val,0.380674,0.022492,0.63742,1.02692696,0.7129304500000001,1.0269213000000001
data/shapenetsem_regression/processed/Tank/46b4d1c0ee560d6f68090cded41dd5cd.npz,data/shapenetsem_regression/raw/models-OBJ/models/46b4d1c0ee560d6f68090cded41dd5cd.obj,wss.46b4d1c0ee560d6f68090cded41dd5cd,46b4d1c0ee560d6f68090cded41dd5cd,Tank,Tank,val,1.845781,0.646311,1.268439,2.2991905,0.9459995000000001,3.5861136
data/shapenetsem_regression/processed/ChestOfDrawers/4fc3fbcfd2d2f0b55ba41eea807f5d3c.npz,data/shapenetsem_regression/raw/models-OBJ/models/4fc3fbcfd2d2f0b55ba41eea807f5d3c.obj,wss.4fc3fbcfd2d2f0b55ba41eea807f5d3c,4fc3fbcfd2d2f0b55ba41eea807f5d3c,ChestOfDrawers,"ChestOfDrawers,Armoire",val,0.669163,0.065275,0.963718,1.4459522999999999,1.326293,0.8655781
data/shapenetsem_regression/processed/Cabinet/d67f1effed6e65fb2c45f75322191dd7.npz,data/shapenetsem_regression/raw/models-OBJ/models/d67f1effed6e65fb2c45f75322191dd7.obj,wss.d67f1effed6e65fb2c45f75322191dd7,d67f1effed6e65fb2c45f75322191dd7,Cabinet,"Cabinet,CurioCabinet",val,0.720989,0.285326,0.007279,1.26374115,2.3283057,0.49450740000000004
data/shapenetsem_regression/processed/Piano/39497e0b303106f8fe0c8f2952376ac2.npz,data/shapenetsem_regression/raw/models-OBJ/models/39497e0b303106f8fe0c8f2952376ac2.obj,wss.39497e0b303106f8fe0c8f2952376ac2,39497e0b303106f8fe0c8f2952376ac2,Piano,"Piano,_Attributes",val,1.042385,0.116455,0.610555,1.6637123,1.5190414,0.72335304
data/shapenetsem_regression/processed/MediaStorage/c92351995552900d3bd8fce44a05a95b.npz,data/shapenetsem_regression/raw/models-OBJ/models/c92351995552900d3bd8fce44a05a95b.obj,wss.c92351995552900d3bd8fce44a05a95b,c92351995552900d3bd8fce44a05a95b,MediaStorage,"MediaStorage,WallUnit",val,1.28629,0.284542,0.990923,2.0410016,2.1975111000000003,0.5229667
data/shapenetsem_regression/processed/Couch/3aab3cf29ab92ce7c29432ec481a60b1.npz,data/shapenetsem_regression/raw/models-OBJ/models/3aab3cf29ab92ce7c29432ec481a60b1.obj,wss.3aab3cf29ab92ce7c29432ec481a60b1,3aab3cf29ab92ce7c29432ec481a60b1,Couch,Couch,val,1.640066,0.213067,0.027345,1.9485455,0.92248085,1.1921356
data/shapenetsem_regression/processed/MediaStorage/1316780d9b4a8ca71bb088904f7cb154.npz,data/shapenetsem_regression/raw/models-OBJ/models/1316780d9b4a8ca71bb088904f7cb154.obj,wss.1316780d9b4a8ca71bb088904f7cb154,1316780d9b4a8ca71bb088904f7cb154,MediaStorage,"MediaStorage,WallUnit,TvStand",val,0.417125,0.370984,1.113763,2.7392053,1.2695971000000001,0.39131348000000005
data/shapenetsem_regression/processed/BarTable/1b9a0823d8e0ed84b664456ac8cd75a6.npz,data/shapenetsem_regression/raw/models-OBJ/models/1b9a0823d8e0ed84b664456ac8cd75a6.obj,wss.1b9a0823d8e0ed84b664456ac8cd75a6,1b9a0823d8e0ed84b664456ac8cd75a6,BarTable,BarTable,val,0.314843,0.0639,0.832805,1.5577498,0.460742,0.943424
data/shapenetsem_regression/processed/Helicopter/108ad3a805249f426ef4e1604526a95.npz,data/shapenetsem_regression/raw/models-OBJ/models/108ad3a805249f426ef4e1604526a95.obj,wss.108ad3a805249f426ef4e1604526a95,108ad3a805249f426ef4e1604526a95,Helicopter,Helicopter,val,3.458439,1.514907,0.287391,4.920639,1.20155945,5.6027423
data/shapenetsem_regression/processed/Cabinet/47ee1831538d4a0a738e43095496b061.npz,data/shapenetsem_regression/raw/models-OBJ/models/47ee1831538d4a0a738e43095496b061.obj,wss.47ee1831538d4a0a738e43095496b061,47ee1831538d4a0a738e43095496b061,Cabinet,Cabinet,val,0.687831,0.122345,0.708545,1.2959607,1.1519650000000001,0.5399836
data/shapenetsem_regression/processed/MediaStorage/6d27db966557ea60ef40aa033482abea.npz,data/shapenetsem_regression/raw/models-OBJ/models/6d27db966557ea60ef40aa033482abea.obj,wss.6d27db966557ea60ef40aa033482abea,6d27db966557ea60ef40aa033482abea,MediaStorage,"MediaStorage,WallUnit",val,0.834807,0.442128,0.053025,2.4066014,1.5840683000000002,0.9834860000000001
data/shapenetsem_regression/processed/Oven/89c6ad5e5223d29f112ca50c8eb86c95.npz,data/shapenetsem_regression/raw/models-OBJ/models/89c6ad5e5223d29f112ca50c8eb86c95.obj,wss.89c6ad5e5223d29f112ca50c8eb86c95,89c6ad5e5223d29f112ca50c8eb86c95,Oven,Oven,val,1.643409,0.220882,1.305766,1.1354377,1.5728408999999999,1.1719755600000001
data/shapenetsem_regression/processed/Chair/f2ada2e9c18ce61da1ed8510e8cd55e0.npz,data/shapenetsem_regression/raw/models-OBJ/models/f2ada2e9c18ce61da1ed8510e8cd55e0.obj,wss.f2ada2e9c18ce61da1ed8510e8cd55e0,f2ada2e9c18ce61da1ed8510e8cd55e0,Chair,"Chair,Recliner,rankChairs",val,0.360266,0.056061,0.508746,1.0278879,0.8932547,1.1492418000000002
data/shapenetsem_regression/processed/Bed/87870712d104cf964fc1553be5e987de.npz,data/shapenetsem_regression/raw/models-OBJ/models/87870712d104cf964fc1553be5e987de.obj,wss.87870712d104cf964fc1553be5e987de,87870712d104cf964fc1553be5e987de,Bed,"Bed,QueenBedWithNightstand",val,0.715279,0.181337,0.574568,2.4886221,0.54329025,1.9628635
data/shapenetsem_regression/processed/MediaStorage/9d0cbb45194c5a5971fff142cb0379.npz,data/shapenetsem_regression/raw/models-OBJ/models/9d0cbb45194c5a5971fff142cb0379.obj,wss.9d0cbb45194c5a5971fff142cb0379,9d0cbb45194c5a5971fff142cb0379,MediaStorage,"MediaStorage,WallUnit",val,0.450118,0.272978,0.092521,2.809822,0.8673469,0.7879463
data/shapenetsem_regression/processed/Violin/e4989ca1b859adeffbd525df60e2bb14.npz,data/shapenetsem_regression/raw/models-OBJ/models/e4989ca1b859adeffbd525df60e2bb14.obj,wss.e4989ca1b859adeffbd525df60e2bb14,e4989ca1b859adeffbd525df60e2bb14,Violin,"Violin,_Attributes",val,7.588936,3.39207,10.157437,5.491625,10.772772,1.0160000599999999
data/shapenetsem_regression/processed/Fireplace/83c33ab5e108f688657bf7ec906f4721.npz,data/shapenetsem_regression/raw/models-OBJ/models/83c33ab5e108f688657bf7ec906f4721.obj,wss.83c33ab5e108f688657bf7ec906f4721,83c33ab5e108f688657bf7ec906f4721,Fireplace,Fireplace,val,1.098552,0.183895,1.033796,2.1739188,1.6715329,0.46765880000000004
data/shapenetsem_regression/processed/Truck/acb1617efd51854339ad6b48a26028ff.npz,data/shapenetsem_regression/raw/models-OBJ/models/acb1617efd51854339ad6b48a26028ff.obj,wss.acb1617efd51854339ad6b48a26028ff,acb1617efd51854339ad6b48a26028ff,Truck,"Truck,_Attributes",val,7.255018,2.075948,0.275864,1.7241373,2.1044936,4.5849915
data/shapenetsem_regression/processed/Bed/b1af661c926e74615a4a3a6ded5ce6ce.npz,data/shapenetsem_regression/raw/models-OBJ/models/b1af661c926e74615a4a3a6ded5ce6ce.obj,wss.b1af661c926e74615a4a3a6ded5ce6ce,b1af661c926e74615a4a3a6ded5ce6ce,Bed,"Bed,_AttributesTrain,KingBed",val,0.925728,0.391733,0.022578,2.0703244,1.4037332,2.5039503
data/shapenetsem_regression/processed/Refrigerator/aa2487347b006a65bf37a318b55c6a3c.npz,data/shapenetsem_regression/raw/models-OBJ/models/aa2487347b006a65bf37a318b55c6a3c.obj,wss.aa2487347b006a65bf37a318b55c6a3c,aa2487347b006a65bf37a318b55c6a3c,Refrigerator,"Refrigerator,_StanfordSceneDBModels",val,1.668184,0.181357,0.758846,1.03461494,2.0620451,0.8334399000000001
data/shapenetsem_regression/processed/ChestOfDrawers/7f416248bb57f1c0598f1102685df4cd.npz,data/shapenetsem_regression/raw/models-OBJ/models/7f416248bb57f1c0598f1102685df4cd.obj,wss.7f416248bb57f1c0598f1102685df4cd,7f416248bb57f1c0598f1102685df4cd,ChestOfDrawers,"ChestOfDrawers,Armoire",val,0.727054,0.214211,0.470561,1.1200812,1.7539905,0.51702026
data/shapenetsem_regression/processed/Washer/880a6bcedaeaed1fd095418bcfa348eb.npz,data/shapenetsem_regression/raw/models-OBJ/models/880a6bcedaeaed1fd095418bcfa348eb.obj,wss.880a6bcedaeaed1fd095418bcfa348eb,880a6bcedaeaed1fd095418bcfa348eb,Washer,Washer,val,1.849963,0.175441,1.229012,1.1914127,1.4977748,1.0722675
data/shapenetsem_regression/processed/ChestOfDrawers/8843d4bfd7f6cbc19744d3b3ee0cc03.npz,data/shapenetsem_regression/raw/models-OBJ/models/8843d4bfd7f6cbc19744d3b3ee0cc03.obj,wss.8843d4bfd7f6cbc19744d3b3ee0cc03,8843d4bfd7f6cbc19744d3b3ee0cc03,ChestOfDrawers,"ChestOfDrawers,Dresser",val,1.325625,0.119701,0.860486,1.22027466,1.4490762000000001,0.7626716600000001
data/shapenetsem_regression/processed/Couch/ae7e1fe11d9243bc5c7a30510dbe4e9f.npz,data/shapenetsem_regression/raw/models-OBJ/models/ae7e1fe11d9243bc5c7a30510dbe4e9f.obj,wss.ae7e1fe11d9243bc5c7a30510dbe4e9f,ae7e1fe11d9243bc5c7a30510dbe4e9f,Couch,Couch,val,0.330707,0.091469,1.207411,1.695033,0.4583622,1.1450171
data/shapenetsem_regression/processed/Bed/644f11d3687ab3ba2ade7345ab5b0cf6.npz,data/shapenetsem_regression/raw/models-OBJ/models/644f11d3687ab3ba2ade7345ab5b0cf6.obj,wss.644f11d3687ab3ba2ade7345ab5b0cf6,644f11d3687ab3ba2ade7345ab5b0cf6,Bed,"Bed,QueenBedWithNightstand",val,0.784794,0.309829,0.231588,2.4580339,0.7060297,1.9495670000000003
data/shapenetsem_regression/processed/MediaStorage/ffcf092f4675bd818e257e5bcc125963.npz,data/shapenetsem_regression/raw/models-OBJ/models/ffcf092f4675bd818e257e5bcc125963.obj,wss.ffcf092f4675bd818e257e5bcc125963,ffcf092f4675bd818e257e5bcc125963,MediaStorage,"MediaStorage,WallUnit",val,0.656541,0.555966,0.24429,2.5326216,1.1253458,1.2600282
data/shapenetsem_regression/processed/Couch/24f5497f13a1841adb039d8689a74349.npz,data/shapenetsem_regression/raw/models-OBJ/models/24f5497f13a1841adb039d8689a74349.obj,wss.24f5497f13a1841adb039d8689a74349,24f5497f13a1841adb039d8689a74349,Couch,Couch,val,1.136834,0.218174,2.099398,2.134157,0.72924904,0.9908585
data/shapenetsem_regression/processed/Fireplace/5f5266e61ff8ffdc35836c728d324152.npz,data/shapenetsem_regression/raw/models-OBJ/models/5f5266e61ff8ffdc35836c728d324152.obj,wss.5f5266e61ff8ffdc35836c728d324152,5f5266e61ff8ffdc35836c728d324152,Fireplace,Fireplace,val,1.617854,0.21508,1.134488,1.774114,1.9963220000000002,0.77837524
data/shapenetsem_regression/processed/Fireplace/ef8b12ca72941744d50e0b03bffd8016.npz,data/shapenetsem_regression/raw/models-OBJ/models/ef8b12ca72941744d50e0b03bffd8016.obj,wss.ef8b12ca72941744d50e0b03bffd8016,ef8b12ca72941744d50e0b03bffd8016,Fireplace,Fireplace,val,2.012748,0.170152,1.057445,1.9189505,1.9333654999999998,0.56424507
data/shapenetsem_regression/processed/Couch/7201558f92e55496493a4a2a112261d3.npz,data/shapenetsem_regression/raw/models-OBJ/models/7201558f92e55496493a4a2a112261d3.obj,wss.7201558f92e55496493a4a2a112261d3,7201558f92e55496493a4a2a112261d3,Couch,Couch,val,0.584873,0.145555,1.696669,2.0012318,0.52094772,1.3386277999999998
data/shapenetsem_regression/processed/Bed/c339231d8110cbdfe3f7a74e12a274ef.npz,data/shapenetsem_regression/raw/models-OBJ/models/c339231d8110cbdfe3f7a74e12a274ef.obj,wss.c339231d8110cbdfe3f7a74e12a274ef,c339231d8110cbdfe3f7a74e12a274ef,Bed,"Bed,QueenBed",val,1.100703,0.347531,0.009849,1.9711354,1.0552153,2.3192310000000003
data/shapenetsem_regression/processed/ChestOfDrawers/ca846b71465257a76fb17e2962e0eb20.npz,data/shapenetsem_regression/raw/models-OBJ/models/ca846b71465257a76fb17e2962e0eb20.obj,wss.ca846b71465257a76fb17e2962e0eb20,ca846b71465257a76fb17e2962e0eb20,ChestOfDrawers,"ChestOfDrawers,Armoire",val,0.274518,0.111624,0.458882,1.7510568000000002,1.12217186,0.52239594
data/shapenetsem_regression/processed/WallArt/78a79ff14648266b985620cba44cf716.npz,data/shapenetsem_regression/raw/models-OBJ/models/78a79ff14648266b985620cba44cf716.obj,wss.78a79ff14648266b985620cba44cf716,78a79ff14648266b985620cba44cf716,WallArt,"WallArt,_StanfordSceneDBModels",val,0.027978,0.024812,1.725712,1.584338,1.0840208,0.041693106
data/shapenetsem_regression/processed/Couch/82460a80f6e9cd8bb0851ce87f32a267.npz,data/shapenetsem_regression/raw/models-OBJ/models/82460a80f6e9cd8bb0851ce87f32a267.obj,wss.82460a80f6e9cd8bb0851ce87f32a267,82460a80f6e9cd8bb0851ce87f32a267,Couch,Couch,val,1.292982,0.331308,0.020036,2.0256958000000003,0.9701694500000001,1.011738
data/shapenetsem_regression/processed/Cabinet/4cee2825142a64acde650492e45fb14f.npz,data/shapenetsem_regression/raw/models-OBJ/models/4cee2825142a64acde650492e45fb14f.obj,wss.4cee2825142a64acde650492e45fb14f,4cee2825142a64acde650492e45fb14f,Cabinet,Cabinet,val,0.996941,0.144894,0.68495,0.8796174999999999,1.2644501,0.9620852
data/shapenetsem_regression/processed/Couch/a680830f8b76c1bbe929777b2f481029.npz,data/shapenetsem_regression/raw/models-OBJ/models/a680830f8b76c1bbe929777b2f481029.obj,wss.a680830f8b76c1bbe929777b2f481029,a680830f8b76c1bbe929777b2f481029,Couch,"Couch,_AttributesTrain",val,1.541276,0.148416,0.257561,1.9766888,0.9683434,1.1060058
data/shapenetsem_regression/processed/ArcadeMachine/1178a3589bdbaf19ed0d804498912ba8.npz,data/shapenetsem_regression/raw/models-OBJ/models/1178a3589bdbaf19ed0d804498912ba8.obj,wss.1178a3589bdbaf19ed0d804498912ba8,1178a3589bdbaf19ed0d804498912ba8,ArcadeMachine,ArcadeMachine,val,1.076575,0.179458,0.601928,0.6998981000000001,1.9985812000000003,1.1030349
data/shapenetsem_regression/processed/Chair/100f39dce7690f59efb94709f30ce0d2.npz,data/shapenetsem_regression/raw/models-OBJ/models/100f39dce7690f59efb94709f30ce0d2.obj,wss.100f39dce7690f59efb94709f30ce0d2,100f39dce7690f59efb94709f30ce0d2,Chair,"Chair,Recliner",val,0.527234,0.050328,0.997641,1.1134567,1.00547745,0.9613275
data/shapenetsem_regression/processed/ChestOfDrawers/1074bdcb3c2032fe0f3f8b6e1796773.npz,data/shapenetsem_regression/raw/models-OBJ/models/1074bdcb3c2032fe0f3f8b6e1796773.obj,wss.1074bdcb3c2032fe0f3f8b6e1796773,1074bdcb3c2032fe0f3f8b6e1796773,ChestOfDrawers,"ChestOfDrawers,Dresser",val,0.873711,0.123211,0.851955,1.7643524,0.84659584,0.5838592
data/shapenetsem_regression/processed/Bed/74690357d26cd37eb50d0c6a0c254040.npz,data/shapenetsem_regression/raw/models-OBJ/models/74690357d26cd37eb50d0c6a0c254040.obj,wss.74690357d26cd37eb50d0c6a0c254040,74690357d26cd37eb50d0c6a0c254040,Bed,"Bed,KingBed",val,1.823081,0.415918,0.275426,2.3009557000000003,1.22969246,2.3915189000000003
data/shapenetsem_regression/processed/Piano/20a71ec7fe4d6e714a0f38cf5755278.npz,data/shapenetsem_regression/raw/models-OBJ/models/20a71ec7fe4d6e714a0f38cf5755278.obj,wss.20a71ec7fe4d6e714a0f38cf5755278,20a71ec7fe4d6e714a0f38cf5755278,Piano,"Piano,_Attributes",val,0.77018,0.118169,0.535285,1.6396857,1.18490685,1.2272247
data/shapenetsem_regression/processed/Bed/bcea63904d37c667300f7bf301ef62f.npz,data/shapenetsem_regression/raw/models-OBJ/models/bcea63904d37c667300f7bf301ef62f.obj,wss.bcea63904d37c667300f7bf301ef62f,bcea63904d37c667300f7bf301ef62f,Bed,"Bed,LoftBed",val,1.528236,0.362763,0.027503,2.250114,1.9688495000000001,1.2188049
data/shapenetsem_regression/processed/ChestOfDrawers/9ca86c11f862f23670206664891415e4.npz,data/shapenetsem_regression/raw/models-OBJ/models/9ca86c11f862f23670206664891415e4.obj,wss.9ca86c11f862f23670206664891415e4,9ca86c11f862f23670206664891415e4,ChestOfDrawers,"ChestOfDrawers,Dresser",val,1.036474,0.166579,1.335972,1.7238232,0.7728187,0.7757204400000001
data/shapenetsem_regression/processed/Bed/c982f47b02ac032cd9651cd1d591d64d.npz,data/shapenetsem_regression/raw/models-OBJ/models/c982f47b02ac032cd9651cd1d591d64d.obj,wss.c982f47b02ac032cd9651cd1d591d64d,c982f47b02ac032cd9651cd1d591d64d,Bed,"Bed,QueenBed",val,2.090831,0.254194,3.580665,1.7916741999999999,1.2771268,2.3552182
data/shapenetsem_regression/processed/Sink/ea3f0120b6f589536a22687e5084fa71.npz,data/shapenetsem_regression/raw/models-OBJ/models/ea3f0120b6f589536a22687e5084fa71.obj,wss.ea3f0120b6f589536a22687e5084fa71,ea3f0120b6f589536a22687e5084fa71,Sink,Sink,val,1.738625,0.119536,1.134765,1.4875717,1.5938118000000001,0.7791968
data/shapenetsem_regression/processed/Dryer/36dc2f9baaac5e1594521f23fb2d4ed8.npz,data/shapenetsem_regression/raw/models-OBJ/models/36dc2f9baaac5e1594521f23fb2d4ed8.obj,wss.36dc2f9baaac5e1594521f23fb2d4ed8,36dc2f9baaac5e1594521f23fb2d4ed8,Dryer,Dryer,val,501.413605,40.224834,46.836903,7.200011,10.1408984,7.105904000000001
data/shapenetsem_regression/processed/Toy/5ab7f7f3ccd12604ac4fd92dfb8e239e.npz,data/shapenetsem_regression/raw/models-OBJ/models/5ab7f7f3ccd12604ac4fd92dfb8e239e.obj,wss.5ab7f7f3ccd12604ac4fd92dfb8e239e,5ab7f7f3ccd12604ac4fd92dfb8e239e,Toy,Toy,val,856.779785,501.565308,27.346863,20.90288,27.987605,24.343362000000003
data/shapenetsem_regression/processed/Bed/56d36a5330673e921e9e48db38a3f36.npz,data/shapenetsem_regression/raw/models-OBJ/models/56d36a5330673e921e9e48db38a3f36.obj,wss.56d36a5330673e921e9e48db38a3f36,56d36a5330673e921e9e48db38a3f36,Bed,"Bed,QueenBed",val,1.367155,0.411308,0.30327,1.7000712999999998,1.3732397,2.366809
data/shapenetsem_regression/processed/Couch/62e50e8b0d1e3207e047a3592e8436e5.npz,data/shapenetsem_regression/raw/models-OBJ/models/62e50e8b0d1e3207e047a3592e8436e5.obj,wss.62e50e8b0d1e3207e047a3592e8436e5,62e50e8b0d1e3207e047a3592e8436e5,Couch,Couch,val,1.325772,0.222611,0.114618,1.7545708,1.029704,1.389035
data/shapenetsem_regression/processed/SpaceShip/c6fbcd07ca96c97ed217db332f4745ff.npz,data/shapenetsem_regression/raw/models-OBJ/models/c6fbcd07ca96c97ed217db332f4745ff.obj,wss.c6fbcd07ca96c97ed217db332f4745ff,c6fbcd07ca96c97ed217db332f4745ff,SpaceShip,SpaceShip,val,12472.576172,5900.985352,94.693062,42.052389999999995,24.786152,106.41645000000001
data/shapenetsem_regression/processed/Rug/d0c87c8c11f3baa5c341afa383659322.npz,data/shapenetsem_regression/raw/models-OBJ/models/d0c87c8c11f3baa5c341afa383659322.obj,wss.d0c87c8c11f3baa5c341afa383659322,d0c87c8c11f3baa5c341afa383659322,Rug,Rug,val,0.133537,0.133537,3.888028,1.7584943000000002,0.027476473,2.1981178
data/shapenetsem_regression/processed/Bed/fa77edbfda6e89648068d82101b2bfd3.npz,data/shapenetsem_regression/raw/models-OBJ/models/fa77edbfda6e89648068d82101b2bfd3.obj,wss.fa77edbfda6e89648068d82101b2bfd3,fa77edbfda6e89648068d82101b2bfd3,Bed,"Bed,QueenBed",val,2.007977,0.293598,0.020427,1.8275673000000001,1.2081887,2.36177
data/shapenetsem_regression/processed/Desk/e88b21faa1d937f3695cf5feae151847.npz,data/shapenetsem_regression/raw/models-OBJ/models/e88b21faa1d937f3695cf5feae151847.obj,wss.e88b21faa1d937f3695cf5feae151847,e88b21faa1d937f3695cf5feae151847,Desk,Desk,val,0.440057,0.105597,0.459648,1.6482614000000002,0.7654247,0.8444517
data/shapenetsem_regression/processed/ChestOfDrawers/1bba52fa91ad1f9d7ff6ace05b36a5.npz,data/shapenetsem_regression/raw/models-OBJ/models/1bba52fa91ad1f9d7ff6ace05b36a5.obj,wss.1bba52fa91ad1f9d7ff6ace05b36a5,1bba52fa91ad1f9d7ff6ace05b36a5,ChestOfDrawers,"ChestOfDrawers,Dresser,_AttributesTrain",val,1.260064,0.194951,1.020741,1.4712622,0.980842,1.0217102
data/shapenetsem_regression/processed/ChestOfDrawers/b7dc1e9a3949991747d7c2aae1e5c61.npz,data/shapenetsem_regression/raw/models-OBJ/models/b7dc1e9a3949991747d7c2aae1e5c61.obj,wss.b7dc1e9a3949991747d7c2aae1e5c61,b7dc1e9a3949991747d7c2aae1e5c61,ChestOfDrawers,"ChestOfDrawers,Armoire,Wardrobe",val,1.414525,0.158778,0.858049,1.0922972,1.6466135,0.82560486
data/shapenetsem_regression/processed/Bed/b3d5105e80466888e54fbb3dc154023c.npz,data/shapenetsem_regression/raw/models-OBJ/models/b3d5105e80466888e54fbb3dc154023c.obj,wss.b3d5105e80466888e54fbb3dc154023c,b3d5105e80466888e54fbb3dc154023c,Bed,"Bed,LoftBed",val,1.493056,0.472457,0.026851,2.4059175,1.8156853000000002,1.1575004
data/shapenetsem_regression/processed/Cabinet/5b56cc8ab6a8d527a5af58528d00e4fc.npz,data/shapenetsem_regression/raw/models-OBJ/models/5b56cc8ab6a8d527a5af58528d00e4fc.obj,wss.5b56cc8ab6a8d527a5af58528d00e4fc,5b56cc8ab6a8d527a5af58528d00e4fc,Cabinet,Cabinet,val,0.332328,0.065411,0.526083,1.3311906,1.1653029,0.41002563000000003
data/shapenetsem_regression/processed/Piano/532420acbb08cdb410a322420f6f5d87.npz,data/shapenetsem_regression/raw/models-OBJ/models/532420acbb08cdb410a322420f6f5d87.obj,wss.532420acbb08cdb410a322420f6f5d87,532420acbb08cdb410a322420f6f5d87,Piano,Piano,val,1.068023,0.138057,0.756306,1.7907712,1.3893915000000001,0.67925804
data/shapenetsem_regression/processed/Fireplace/ca96a54cb2eaf8d0d67a963c379eac15.npz,data/shapenetsem_regression/raw/models-OBJ/models/ca96a54cb2eaf8d0d67a963c379eac15.obj,wss.ca96a54cb2eaf8d0d67a963c379eac15,ca96a54cb2eaf8d0d67a963c379eac15,Fireplace,Fireplace,val,0.391846,0.187928,1.072181,1.9890813,1.8587889000000002,0.57193504
data/shapenetsem_regression/processed/Fireplace/b15402eb7b7843e2e3f7a74e12a274ef.npz,data/shapenetsem_regression/raw/models-OBJ/models/b15402eb7b7843e2e3f7a74e12a274ef.obj,wss.b15402eb7b7843e2e3f7a74e12a274ef,b15402eb7b7843e2e3f7a74e12a274ef,Fireplace,Fireplace,val,0.411178,0.210631,0.965917,2.2026112,1.4883784,0.8205867000000001
data/shapenetsem_regression/processed/Bed/1101146651cd32a1bd09c0f277d16187.npz,data/shapenetsem_regression/raw/models-OBJ/models/1101146651cd32a1bd09c0f277d16187.obj,wss.1101146651cd32a1bd09c0f277d16187,1101146651cd32a1bd09c0f277d16187,Bed,"Bed,LoftBed",val,0.852027,0.27614,0.027896,2.0910281,2.1819424,1.1364829
data/shapenetsem_regression/processed/Cabinet/6c5ed7f73f2dfeb998a4820926b2a786.npz,data/shapenetsem_regression/raw/models-OBJ/models/6c5ed7f73f2dfeb998a4820926b2a786.obj,wss.6c5ed7f73f2dfeb998a4820926b2a786,6c5ed7f73f2dfeb998a4820926b2a786,Cabinet,Cabinet,val,0.493774,0.115162,0.644455,1.5265439,0.4979268,0.848441
data/shapenetsem_regression/processed/ChestOfDrawers/8f7a277ae05da76c1bb088904f7cb154.npz,data/shapenetsem_regression/raw/models-OBJ/models/8f7a277ae05da76c1bb088904f7cb154.obj,wss.8f7a277ae05da76c1bb088904f7cb154,8f7a277ae05da76c1bb088904f7cb154,ChestOfDrawers,"ChestOfDrawers,Dresser",val,1.173297,0.08506,0.599939,1.1225866,1.5603934000000002,0.6895864
data/shapenetsem_regression/processed/Oven/6c25885d32fcf34955b2aedb5bd199c6.npz,data/shapenetsem_regression/raw/models-OBJ/models/6c25885d32fcf34955b2aedb5bd199c6.obj,wss.6c25885d32fcf34955b2aedb5bd199c6,6c25885d32fcf34955b2aedb5bd199c6,Oven,Oven,val,1.69794,0.231119,0.011418,1.600799,1.23460266,1.0245914999999999
data/shapenetsem_regression/processed/Couch/b6ac23d327248d72627bb9f102840372.npz,data/shapenetsem_regression/raw/models-OBJ/models/b6ac23d327248d72627bb9f102840372.obj,wss.b6ac23d327248d72627bb9f102840372,b6ac23d327248d72627bb9f102840372,Couch,"Couch,_StanfordSceneDBModels",val,1.148962,0.340756,0.016868,2.2835179,0.7517461000000001,1.8446405
data/shapenetsem_regression/processed/Cabinet/8241b4b6fa7785504a44340bf227e40.npz,data/shapenetsem_regression/raw/models-OBJ/models/8241b4b6fa7785504a44340bf227e40.obj,wss.8241b4b6fa7785504a44340bf227e40,8241b4b6fa7785504a44340bf227e40,Cabinet,Cabinet,val,0.98296,0.126975,0.752773,0.8778421000000001,1.2840776,0.9373673
data/shapenetsem_regression/processed/Cabinet/47709b45b2110778a26e3d8de97aed3f.npz,data/shapenetsem_regression/raw/models-OBJ/models/47709b45b2110778a26e3d8de97aed3f.obj,wss.47709b45b2110778a26e3d8de97aed3f,47709b45b2110778a26e3d8de97aed3f,Cabinet,Cabinet,val,0.76029,0.111582,0.490815,0.6284266000000001,1.466334,0.86779366
data/shapenetsem_regression/processed/Refrigerator/488eb713af5221678de498571718944d.npz,data/shapenetsem_regression/raw/models-OBJ/models/488eb713af5221678de498571718944d.obj,wss.488eb713af5221678de498571718944d,488eb713af5221678de498571718944d,Refrigerator,"Refrigerator,_Attributes",val,0.983156,0.074851,0.649576,1.0153344,1.5138365,0.66802635
data/shapenetsem_regression/processed/Bed/7c62026db397a6e796dc9d1b234bf646.npz,data/shapenetsem_regression/raw/models-OBJ/models/7c62026db397a6e796dc9d1b234bf646.obj,wss.7c62026db397a6e796dc9d1b234bf646,7c62026db397a6e796dc9d1b234bf646,Bed,Bed,val,1.284921,0.355796,2.369113,2.5053487000000003,0.8254824000000001,1.8628236000000002
data/shapenetsem_regression/processed/Oven/ae9ef26827d0eead512919779a49252d.npz,data/shapenetsem_regression/raw/models-OBJ/models/ae9ef26827d0eead512919779a49252d.obj,wss.ae9ef26827d0eead512919779a49252d,ae9ef26827d0eead512919779a49252d,Oven,Oven,val,1.812305,0.101105,1.469255,1.2857953,1.2857953,1.3527879999999999
data/shapenetsem_regression/processed/Couch/ace76562ee9d7c3a913c66b05d18ae8.npz,data/shapenetsem_regression/raw/models-OBJ/models/ace76562ee9d7c3a913c66b05d18ae8.obj,wss.ace76562ee9d7c3a913c66b05d18ae8,ace76562ee9d7c3a913c66b05d18ae8,Couch,Couch,val,1.266294,0.216561,0.014848,2.0135602,0.9791817500000001,1.029865
data/shapenetsem_regression/processed/Booth/8627a6821223d0dd985620cba44cf716.npz,data/shapenetsem_regression/raw/models-OBJ/models/8627a6821223d0dd985620cba44cf716.obj,wss.8627a6821223d0dd985620cba44cf716,8627a6821223d0dd985620cba44cf716,Booth,Booth,val,3.507081,0.622308,4.425229,3.0717380000000003,1.2223849500000001,2.4447699000000003
data/shapenetsem_regression/processed/Couch/6b0a09fda777eef2a0398757e5dcd13c.npz,data/shapenetsem_regression/raw/models-OBJ/models/6b0a09fda777eef2a0398757e5dcd13c.obj,wss.6b0a09fda777eef2a0398757e5dcd13c,6b0a09fda777eef2a0398757e5dcd13c,Couch,Couch,val,0.330707,0.091469,1.207411,1.695033,0.4583622,1.1450171
data/shapenetsem_regression/processed/ChestOfDrawers/bbeef2fe953f140ce8058cf23f6382c1.npz,data/shapenetsem_regression/raw/models-OBJ/models/bbeef2fe953f140ce8058cf23f6382c1.obj,wss.bbeef2fe953f140ce8058cf23f6382c1,bbeef2fe953f140ce8058cf23f6382c1,ChestOfDrawers,"ChestOfDrawers,Dresser",val,0.88345,0.098756,1.20857,1.687926,0.8610975000000001,0.7615604
data/shapenetsem_regression/processed/WallArt/ccc966bee58b7b2b8821ad3452f1c8c9.npz,data/shapenetsem_regression/raw/models-OBJ/models/ccc966bee58b7b2b8821ad3452f1c8c9.obj,wss.ccc966bee58b7b2b8821ad3452f1c8c9,ccc966bee58b7b2b8821ad3452f1c8c9,WallArt,"WallArt,Painting",val,0.012809,0.011343,1.016442,0.8677522000000001,1.1641547,0.028951487999999997
data/shapenetsem_regression/processed/Refrigerator/77ab49d575c89a263fd0acbaa54efdfa.npz,data/shapenetsem_regression/raw/models-OBJ/models/77ab49d575c89a263fd0acbaa54efdfa.obj,wss.77ab49d575c89a263fd0acbaa54efdfa,77ab49d575c89a263fd0acbaa54efdfa,Refrigerator,Refrigerator,val,0.841573,0.162673,0.557892,0.8625107,1.6012361000000002,0.6789758
data/shapenetsem_regression/processed/Couch/9de72746c0f00317dd73da65dc0e6a7.npz,data/shapenetsem_regression/raw/models-OBJ/models/9de72746c0f00317dd73da65dc0e6a7.obj,wss.9de72746c0f00317dd73da65dc0e6a7,9de72746c0f00317dd73da65dc0e6a7,Couch,Couch,val,0.564686,0.152946,1.905676,2.2564905,0.51723694,0.8419934000000001
data/shapenetsem_regression/processed/ChestOfDrawers/c8f1c5562dc1e97358661a3fa3dffb70.npz,data/shapenetsem_regression/raw/models-OBJ/models/c8f1c5562dc1e97358661a3fa3dffb70.obj,wss.c8f1c5562dc1e97358661a3fa3dffb70,c8f1c5562dc1e97358661a3fa3dffb70,ChestOfDrawers,"ChestOfDrawers,Dresser",val,1.039065,0.090064,1.125785,1.7043188,0.9275238,0.6607764
data/shapenetsem_regression/processed/Refrigerator/5f47be4745f02c2178e7d331e641179.npz,data/shapenetsem_regression/raw/models-OBJ/models/5f47be4745f02c2178e7d331e641179.obj,wss.5f47be4745f02c2178e7d331e641179,5f47be4745f02c2178e7d331e641179,Refrigerator,Refrigerator,val,1.166815,0.192418,0.843384,0.9273573,1.3137563,1.0877907
data/shapenetsem_regression/processed/ChestOfDrawers/2bc49c26453848fe855d9a73f203f210.npz,data/shapenetsem_regression/raw/models-OBJ/models/2bc49c26453848fe855d9a73f203f210.obj,wss.2bc49c26453848fe855d9a73f203f210,2bc49c26453848fe855d9a73f203f210,ChestOfDrawers,ChestOfDrawers,val,0.722213,0.077501,0.882574,1.2129778,0.9026192000000001,0.7587443500000001
data/shapenetsem_regression/processed/ChestOfDrawers/d0af907a612856e964b62a9cc93b56f5.npz,data/shapenetsem_regression/raw/models-OBJ/models/d0af907a612856e964b62a9cc93b56f5.obj,wss.d0af907a612856e964b62a9cc93b56f5,d0af907a612856e964b62a9cc93b56f5,ChestOfDrawers,"ChestOfDrawers,Armoire",val,0.307472,0.163456,0.66926,1.7187137000000001,1.2174222000000001,0.40282356
data/shapenetsem_regression/processed/Cabinet/65856b8ae189a3a13d5da2a72f595df5.npz,data/shapenetsem_regression/raw/models-OBJ/models/65856b8ae189a3a13d5da2a72f595df5.obj,wss.65856b8ae189a3a13d5da2a72f595df5,65856b8ae189a3a13d5da2a72f595df5,Cabinet,Cabinet,val,0.755315,0.060776,0.823181,1.4664075,0.8983776,0.5836818
data/shapenetsem_regression/processed/WallArt/7ec92c339fb0a57eb1cdfc15177db4af.npz,data/shapenetsem_regression/raw/models-OBJ/models/7ec92c339fb0a57eb1cdfc15177db4af.obj,wss.7ec92c339fb0a57eb1cdfc15177db4af,7ec92c339fb0a57eb1cdfc15177db4af,WallArt,"WallArt,Picture",val,0.013387,0.010544,0.935545,1.0998151,0.8459025,0.042075458
data/shapenetsem_regression/processed/Cabinet/18efc77e6837f7d311e76965808086c8.npz,data/shapenetsem_regression/raw/models-OBJ/models/18efc77e6837f7d311e76965808086c8.obj,wss.18efc77e6837f7d311e76965808086c8,18efc77e6837f7d311e76965808086c8,Cabinet,"Cabinet,CurioCabinet",val,1.903004,0.352205,0.03863,1.8074459999999999,1.9072076000000002,0.5985698
data/shapenetsem_regression/processed/ChestOfDrawers/8f552d404035982bb2aeb2a9afcab0fc.npz,data/shapenetsem_regression/raw/models-OBJ/models/8f552d404035982bb2aeb2a9afcab0fc.obj,wss.8f552d404035982bb2aeb2a9afcab0fc,8f552d404035982bb2aeb2a9afcab0fc,ChestOfDrawers,"ChestOfDrawers,Armoire",val,0.863829,0.083713,0.527175,1.3214902000000002,1.6367786000000002,0.4159021
data/shapenetsem_regression/processed/ChestOfDrawers/b3f49e368706d7ea8eb43ab312d0439.npz,data/shapenetsem_regression/raw/models-OBJ/models/b3f49e368706d7ea8eb43ab312d0439.obj,wss.b3f49e368706d7ea8eb43ab312d0439,b3f49e368706d7ea8eb43ab312d0439,ChestOfDrawers,ChestOfDrawers,val,0.702875,0.04779,0.981413,1.24534134,0.7783384,0.8400398
data/shapenetsem_regression/processed/Bed/11b722334fe272e2b7802e8eb74a6704.npz,data/shapenetsem_regression/raw/models-OBJ/models/11b722334fe272e2b7802e8eb74a6704.obj,wss.11b722334fe272e2b7802e8eb74a6704,11b722334fe272e2b7802e8eb74a6704,Bed,"Bed,QueenBed",val,1.763525,0.395008,0.012539,1.9336286999999999,0.8882615,2.4227075
data/shapenetsem_regression/processed/Refrigerator/a9dbe5f799c17d17178e7d331e641179.npz,data/shapenetsem_regression/raw/models-OBJ/models/a9dbe5f799c17d17178e7d331e641179.obj,wss.a9dbe5f799c17d17178e7d331e641179,a9dbe5f799c17d17178e7d331e641179,Refrigerator,Refrigerator,val,1.177359,0.19381,0.861773,0.9324182000000001,1.3209259,1.074586
data/shapenetsem_regression/processed/Rug/c3b80b0fb5e91cd36b9fd5bcb0435bc2.npz,data/shapenetsem_regression/raw/models-OBJ/models/c3b80b0fb5e91cd36b9fd5bcb0435bc2.obj,wss.c3b80b0fb5e91cd36b9fd5bcb0435bc2,c3b80b0fb5e91cd36b9fd5bcb0435bc2,Rug,"Rug,_StanfordSceneDBModels",val,0.040428,0.040428,2.620323,1.9748457,0.0049627453,1.3235667000000002
data/shapenetsem_regression/processed/ChestOfDrawers/d0ed39917367fc2cb85291ea3b4dc8fa.npz,data/shapenetsem_regression/raw/models-OBJ/models/d0ed39917367fc2cb85291ea3b4dc8fa.obj,wss.d0ed39917367fc2cb85291ea3b4dc8fa,d0ed39917367fc2cb85291ea3b4dc8fa,ChestOfDrawers,"ChestOfDrawers,_EvalSetWithPrior,_EvalSetExclude",test,0.852574,0.113152,0.608333,1.0411126,1.3013899,0.6255217
data/shapenetsem_regression/processed/PianoKeyboard/8775d936d5f3f38176145360ae4439bd.npz,data/shapenetsem_regression/raw/models-OBJ/models/8775d936d5f3f38176145360ae4439bd.obj,wss.8775d936d5f3f38176145360ae4439bd,8775d936d5f3f38176145360ae4439bd,PianoKeyboard,PianoKeyboard,test,0.034449,0.01533,0.478793,1.1801914,0.09674428000000002,0.4004626
data/shapenetsem_regression/processed/Couch/3e499689bae22f3ab89ca298cd9a646.npz,data/shapenetsem_regression/raw/models-OBJ/models/3e499689bae22f3ab89ca298cd9a646.obj,wss.3e499689bae22f3ab89ca298cd9a646,3e499689bae22f3ab89ca298cd9a646,Couch,"Couch,_AttributesTrain",test,1.172939,0.304787,2.032404,2.0819864000000003,0.87138985,0.9870407
data/shapenetsem_regression/processed/Bed/778064e5834b67fdd1a820ae69ab2e4.npz,data/shapenetsem_regression/raw/models-OBJ/models/778064e5834b67fdd1a820ae69ab2e4.obj,wss.778064e5834b67fdd1a820ae69ab2e4,778064e5834b67fdd1a820ae69ab2e4,Bed,"Bed,QueenBed",test,1.232945,0.319411,0.020438,2.3240115,1.1737004,1.9022801000000003
data/shapenetsem_regression/processed/Table/188cb8d8f12fd60637372567066b91f4.npz,data/shapenetsem_regression/raw/models-OBJ/models/188cb8d8f12fd60637372567066b91f4.obj,wss.188cb8d8f12fd60637372567066b91f4,188cb8d8f12fd60637372567066b91f4,Table,"Table,DiningTable",test,0.449109,0.064947,0.674646,1.4207451,0.7818801999999999,1.4207451
data/shapenetsem_regression/processed/ChestOfDrawers/d69839ad638cf94ef91a08212ded5334.npz,data/shapenetsem_regression/raw/models-OBJ/models/d69839ad638cf94ef91a08212ded5334.obj,wss.d69839ad638cf94ef91a08212ded5334,d69839ad638cf94ef91a08212ded5334,ChestOfDrawers,"ChestOfDrawers,Armoire",test,1.29353,0.136949,0.803393,1.0718469000000002,1.7034813,0.7400365999999999
data/shapenetsem_regression/processed/Couch/af796bbeb2990931a1ce49849c98d31c.npz,data/shapenetsem_regression/raw/models-OBJ/models/af796bbeb2990931a1ce49849c98d31c.obj,wss.af796bbeb2990931a1ce49849c98d31c,af796bbeb2990931a1ce49849c98d31c,Couch,Couch,test,0.585676,0.179924,1.284932,2.2993202,0.4997259,0.7291969
data/shapenetsem_regression/processed/Bed/9e357001ef9ff799360cf75e61a84bea.npz,data/shapenetsem_regression/raw/models-OBJ/models/9e357001ef9ff799360cf75e61a84bea.obj,wss.9e357001ef9ff799360cf75e61a84bea,9e357001ef9ff799360cf75e61a84bea,Bed,"Bed,QueenBed",test,1.597716,0.267909,0.050509,1.8258206000000001,1.0644371,2.4312628000000003
data/shapenetsem_regression/processed/Bed/c645e2afae062e02821748ea571c3299.npz,data/shapenetsem_regression/raw/models-OBJ/models/c645e2afae062e02821748ea571c3299.obj,wss.c645e2afae062e02821748ea571c3299,c645e2afae062e02821748ea571c3299,Bed,"Bed,QueenBed",test,1.176319,0.349689,0.023137,2.4337424,0.9397926,1.8960297
data/shapenetsem_regression/processed/Couch/22c68a7a2c8142f027eb00c151c6f711.npz,data/shapenetsem_regression/raw/models-OBJ/models/22c68a7a2c8142f027eb00c151c6f711.obj,wss.22c68a7a2c8142f027eb00c151c6f711,22c68a7a2c8142f027eb00c151c6f711,Couch,Couch,test,1.108224,0.184664,1.040587,1.9276913,1.1209367000000001,1.04701515
data/shapenetsem_regression/processed/Bed/af840a4bad942462938fba07665a5a0b.npz,data/shapenetsem_regression/raw/models-OBJ/models/af840a4bad942462938fba07665a5a0b.obj,wss.af840a4bad942462938fba07665a5a0b,af840a4bad942462938fba07665a5a0b,Bed,"Bed,LoftBed",test,2.028909,0.564937,0.013801,2.7007034,2.1883858000000003,1.2243134
data/shapenetsem_regression/processed/MediaStorage/2ef9c83edd9f1cddad7ef8c655a0d09b.npz,data/shapenetsem_regression/raw/models-OBJ/models/2ef9c83edd9f1cddad7ef8c655a0d09b.obj,wss.2ef9c83edd9f1cddad7ef8c655a0d09b,2ef9c83edd9f1cddad7ef8c655a0d09b,MediaStorage,"MediaStorage,WallUnit",test,0.644889,0.357274,1.107323,2.7284708,1.2869322,0.4092706
data/shapenetsem_regression/processed/Oven/8399da45a54688d6bb9760cf9cd1a953.npz,data/shapenetsem_regression/raw/models-OBJ/models/8399da45a54688d6bb9760cf9cd1a953.obj,wss.8399da45a54688d6bb9760cf9cd1a953,8399da45a54688d6bb9760cf9cd1a953,Oven,Oven,test,1.649706,0.11335,1.108463,1.3387465,1.5961976999999998,0.8924598
data/shapenetsem_regression/processed/Couch/a4d269f9299e845a36e3b2fa8d1eb4eb.npz,data/shapenetsem_regression/raw/models-OBJ/models/a4d269f9299e845a36e3b2fa8d1eb4eb.obj,wss.a4d269f9299e845a36e3b2fa8d1eb4eb,a4d269f9299e845a36e3b2fa8d1eb4eb,Couch,Couch,test,0.21843,0.171358,0.922671,1.9929620000000001,0.99843994,1.0485504
data/shapenetsem_regression/processed/Bed/964fc52ab2c841f4af444e3872723b4.npz,data/shapenetsem_regression/raw/models-OBJ/models/964fc52ab2c841f4af444e3872723b4.obj,wss.964fc52ab2c841f4af444e3872723b4,964fc52ab2c841f4af444e3872723b4,Bed,"Bed,QueenBed",test,2.688681,0.286598,0.007446,1.8379059000000002,1.2061257,2.3548169
data/shapenetsem_regression/processed/Chair/5aeefb539699524044b2fa2cac0778f5.npz,data/shapenetsem_regression/raw/models-OBJ/models/5aeefb539699524044b2fa2cac0778f5.obj,wss.5aeefb539699524044b2fa2cac0778f5,5aeefb539699524044b2fa2cac0778f5,Chair,"Chair,BeanBag",test,0.380553,0.026779,0.949634,1.1237836,0.63600292,1.12156555
data/shapenetsem_regression/processed/Couch/20b6d398c5b93a253adc3470b30138f3.npz,data/shapenetsem_regression/raw/models-OBJ/models/20b6d398c5b93a253adc3470b30138f3.obj,wss.20b6d398c5b93a253adc3470b30138f3,20b6d398c5b93a253adc3470b30138f3,Couch,Couch,test,0.934176,0.167657,0.893937,2.0565395,0.8801885,1.0320841
data/shapenetsem_regression/processed/Bed/fcebba8e480c01bfdbc727c5adcdbaf5.npz,data/shapenetsem_regression/raw/models-OBJ/models/fcebba8e480c01bfdbc727c5adcdbaf5.obj,wss.fcebba8e480c01bfdbc727c5adcdbaf5,fcebba8e480c01bfdbc727c5adcdbaf5,Bed,"Bed,SingleBed",test,1.848315,0.366891,2.150996,1.0847043600000001,1.2331233000000001,2.1767160000000003
data/shapenetsem_regression/processed/Bed/e95a0f472138026feabad247a05ad956.npz,data/shapenetsem_regression/raw/models-OBJ/models/e95a0f472138026feabad247a05ad956.obj,wss.e95a0f472138026feabad247a05ad956,e95a0f472138026feabad247a05ad956,Bed,"Bed,_AttributesTrain,QueenBed",test,1.68253,0.451723,0.06328,1.6573474,1.19276146,2.4916473
data/shapenetsem_regression/processed/_StanfordSceneDBModels/8b02171c38ec3de1ba06b563ce1a0c5.npz,data/shapenetsem_regression/raw/models-OBJ/models/8b02171c38ec3de1ba06b563ce1a0c5.obj,wss.8b02171c38ec3de1ba06b563ce1a0c5,8b02171c38ec3de1ba06b563ce1a0c5,_StanfordSceneDBModels,_StanfordSceneDBModels,test,0.714377,0.12523,0.517468,0.6445826,1.7954517,0.8588717
data/shapenetsem_regression/processed/Rug/60f97598e5ea88105c569742e6674418.npz,data/shapenetsem_regression/raw/models-OBJ/models/60f97598e5ea88105c569742e6674418.obj,wss.60f97598e5ea88105c569742e6674418,60f97598e5ea88105c569742e6674418,Rug,"Rug,_Attributes",test,0.776179,0.776179,12.4872,3.1112795999999996,0.05859028,3.97811
data/shapenetsem_regression/processed/Bed/ab5074aecfdec4ef3cf68f64f15b7a8f.npz,data/shapenetsem_regression/raw/models-OBJ/models/ab5074aecfdec4ef3cf68f64f15b7a8f.obj,wss.ab5074aecfdec4ef3cf68f64f15b7a8f,ab5074aecfdec4ef3cf68f64f15b7a8f,Bed,"Bed,SingleBed",test,1.187499,0.201023,2.475778,1.2681305999999999,0.7709897,2.2868988
data/shapenetsem_regression/processed/Refrigerator/e90c14b54575ccf3f2eb216c4ba4a595.npz,data/shapenetsem_regression/raw/models-OBJ/models/e90c14b54575ccf3f2eb216c4ba4a595.obj,wss.e90c14b54575ccf3f2eb216c4ba4a595,e90c14b54575ccf3f2eb216c4ba4a595,Refrigerator,Refrigerator,test,1.171122,0.106685,0.783758,1.0356596,1.4184776,0.8271605
data/shapenetsem_regression/processed/Helicopter/6965f4a5c8e63557104f1fb3d0e417d3.npz,data/shapenetsem_regression/raw/models-OBJ/models/6965f4a5c8e63557104f1fb3d0e417d3.obj,wss.6965f4a5c8e63557104f1fb3d0e417d3,6965f4a5c8e63557104f1fb3d0e417d3,Helicopter,Helicopter,test,1.242973,0.504548,0.039376,4.6665256,1.16165764,5.8270264
data/shapenetsem_regression/processed/Bookcase/a9c2bcc286b68ee217a3b9ca1765e2a4.npz,data/shapenetsem_regression/raw/models-OBJ/models/a9c2bcc286b68ee217a3b9ca1765e2a4.obj,wss.a9c2bcc286b68ee217a3b9ca1765e2a4,a9c2bcc286b68ee217a3b9ca1765e2a4,Bookcase,"Bookcase,1Shelves,_StanfordSceneDBModels",test,0.384136,0.082269,0.70213,1.7308244,0.5511076,0.39610950000000006
data/shapenetsem_regression/processed/Couch/6c4eece6ed9f26f1a1741c84cc821e55.npz,data/shapenetsem_regression/raw/models-OBJ/models/6c4eece6ed9f26f1a1741c84cc821e55.obj,wss.6c4eece6ed9f26f1a1741c84cc821e55,6c4eece6ed9f26f1a1741c84cc821e55,Couch,Couch,test,0.513169,0.100849,0.746019,1.873572,1.26366165,0.98104904
data/shapenetsem_regression/processed/Cabinet/149a105979cad722c1467c54b9e09ce5.npz,data/shapenetsem_regression/raw/models-OBJ/models/149a105979cad722c1467c54b9e09ce5.obj,wss.149a105979cad722c1467c54b9e09ce5,149a105979cad722c1467c54b9e09ce5,Cabinet,Cabinet,test,0.825506,0.068881,0.662095,0.7835535,1.1103834000000001,1.20466034
data/shapenetsem_regression/processed/Fireplace/301fa79e6591b9ad5e8d2a76454307f7.npz,data/shapenetsem_regression/raw/models-OBJ/models/301fa79e6591b9ad5e8d2a76454307f7.obj,wss.301fa79e6591b9ad5e8d2a76454307f7,301fa79e6591b9ad5e8d2a76454307f7,Fireplace,Fireplace,test,1.759625,0.23403,2.034678,1.6679568,1.7468160000000001,1.3803683000000002
data/shapenetsem_regression/processed/Truck/47f92f099bea6f2b2c75f7ae6d27015e.npz,data/shapenetsem_regression/raw/models-OBJ/models/47f92f099bea6f2b2c75f7ae6d27015e.obj,wss.47f92f099bea6f2b2c75f7ae6d27015e,47f92f099bea6f2b2c75f7ae6d27015e,Truck,Truck,test,4.168499,1.504682,0.135357,1.982226,1.4507347,4.7329584
data/shapenetsem_regression/processed/Bed/77f27e0a7f278dede3f7a74e12a274ef.npz,data/shapenetsem_regression/raw/models-OBJ/models/77f27e0a7f278dede3f7a74e12a274ef.obj,wss.77f27e0a7f278dede3f7a74e12a274ef,77f27e0a7f278dede3f7a74e12a274ef,Bed,"Bed,QueenBed,_OIMwhitelist",test,2.27617,0.406497,0.389,1.9028374,1.0277141,2.3876125
data/shapenetsem_regression/processed/ChestOfDrawers/a49eec529b5c44eaac00fd1150223027.npz,data/shapenetsem_regression/raw/models-OBJ/models/a49eec529b5c44eaac00fd1150223027.obj,wss.a49eec529b5c44eaac00fd1150223027,a49eec529b5c44eaac00fd1150223027,ChestOfDrawers,"ChestOfDrawers,Dresser,_StanfordSceneDBModels,_AttributesTrain",test,1.340439,0.099151,0.022446,1.695,1.0804470000000002,0.8299441000000001
data/shapenetsem_regression/processed/Boat/4e0b7727e7d2e85d7721e80f9babadda.npz,data/shapenetsem_regression/raw/models-OBJ/models/4e0b7727e7d2e85d7721e80f9babadda.obj,wss.4e0b7727e7d2e85d7721e80f9babadda,4e0b7727e7d2e85d7721e80f9babadda,Boat,Boat,test,0.883135,0.344952,0.006252,3.825386,1.386858,3.1540173
data/shapenetsem_regression/processed/Refrigerator/ba973b324b613156d273da6c78d9d516.npz,data/shapenetsem_regression/raw/models-OBJ/models/ba973b324b613156d273da6c78d9d516.obj,wss.ba973b324b613156d273da6c78d9d516,ba973b324b613156d273da6c78d9d516,Refrigerator,Refrigerator,test,1.240488,0.07359,0.932347,0.9467376000000001,1.2677847,1.1248445
data/shapenetsem_regression/processed/Chair/231fc7a5fee77fb49d033c6b39a97cb6.npz,data/shapenetsem_regression/raw/models-OBJ/models/231fc7a5fee77fb49d033c6b39a97cb6.obj,wss.231fc7a5fee77fb49d033c6b39a97cb6,231fc7a5fee77fb49d033c6b39a97cb6,Chair,"Chair,BeanBag",test,0.446668,0.026797,0.830822,1.0826116000000001,0.7365953000000001,1.1010153
data/shapenetsem_regression/processed/Couch/1e355dc9bfd5da837a8c23d2d40f51b8.npz,data/shapenetsem_regression/raw/models-OBJ/models/1e355dc9bfd5da837a8c23d2d40f51b8.obj,wss.1e355dc9bfd5da837a8c23d2d40f51b8,1e355dc9bfd5da837a8c23d2d40f51b8,Couch,"Couch,_AttributesTrain",test,1.205292,0.319658,0.01518,2.0359715,1.02083725,0.93858246
data/shapenetsem_regression/processed/ChestOfDrawers/fccefab18a274880376a431c347bc40a.npz,data/shapenetsem_regression/raw/models-OBJ/models/fccefab18a274880376a431c347bc40a.obj,wss.fccefab18a274880376a431c347bc40a,fccefab18a274880376a431c347bc40a,ChestOfDrawers,"ChestOfDrawers,Dresser,_AttributesTrain",test,0.813457,0.140428,0.675604,1.5287979999999999,1.2757783999999999,0.45368874
data/shapenetsem_regression/processed/MediaStorage/c95ab0f16f5516eb6fea61990568aacc.npz,data/shapenetsem_regression/raw/models-OBJ/models/c95ab0f16f5516eb6fea61990568aacc.obj,wss.c95ab0f16f5516eb6fea61990568aacc,c95ab0f16f5516eb6fea61990568aacc,MediaStorage,"MediaStorage,WallUnit",test,1.336057,0.445309,0.502742,2.6880059999999997,1.13723335,0.8657796999999999
data/shapenetsem_regression/processed/Cabinet/2bb2708bff12ba6b1f8d8332ee17945a.npz,data/shapenetsem_regression/raw/models-OBJ/models/2bb2708bff12ba6b1f8d8332ee17945a.obj,wss.2bb2708bff12ba6b1f8d8332ee17945a,2bb2708bff12ba6b1f8d8332ee17945a,Cabinet,"Cabinet,Sideboard",test,0.512236,0.092204,0.530903,1.10801155,1.2972219999999999,0.4702696
data/shapenetsem_regression/processed/Dryer/8be1003517c54c397ce3895bf5051a5c.npz,data/shapenetsem_regression/raw/models-OBJ/models/8be1003517c54c397ce3895bf5051a5c.obj,wss.8be1003517c54c397ce3895bf5051a5c,8be1003517c54c397ce3895bf5051a5c,Dryer,Dryer,test,1.011352,0.068036,0.696452,0.8636,1.23189995,0.9761372
data/shapenetsem_regression/processed/Refrigerator/4cd795e6f39ba2ff241e46a406e96e16.npz,data/shapenetsem_regression/raw/models-OBJ/models/4cd795e6f39ba2ff241e46a406e96e16.obj,wss.4cd795e6f39ba2ff241e46a406e96e16,4cd795e6f39ba2ff241e46a406e96e16,Refrigerator,Refrigerator,test,1.229388,0.146839,0.859899,0.8635970000000001,1.4245946,0.9967943
data/shapenetsem_regression/processed/ChestOfDrawers/e8106ed4a6de72f7c6992a0f51e34ba.npz,data/shapenetsem_regression/raw/models-OBJ/models/e8106ed4a6de72f7c6992a0f51e34ba.obj,wss.e8106ed4a6de72f7c6992a0f51e34ba,e8106ed4a6de72f7c6992a0f51e34ba,ChestOfDrawers,"ChestOfDrawers,Armoire,Dresser",test,1.457455,0.225828,0.102744,1.11937996,1.5733775,0.932649
data/shapenetsem_regression/processed/MediaStorage/46a0a5970359f5dc43ac09133d4c1d60.npz,data/shapenetsem_regression/raw/models-OBJ/models/46a0a5970359f5dc43ac09133d4c1d60.obj,wss.46a0a5970359f5dc43ac09133d4c1d60,46a0a5970359f5dc43ac09133d4c1d60,MediaStorage,"MediaStorage,WallUnit,TvStand",test,0.859881,0.423075,1.81492,2.324339,1.8078192000000002,0.7729729500000001
data/shapenetsem_regression/processed/Bed/5511166e3a0b199c4cc1952ae0d6e81a.npz,data/shapenetsem_regression/raw/models-OBJ/models/5511166e3a0b199c4cc1952ae0d6e81a.obj,wss.5511166e3a0b199c4cc1952ae0d6e81a,5511166e3a0b199c4cc1952ae0d6e81a,Bed,"Bed,QueenBed",test,0.463374,0.295558,0.02962,1.8793584,0.9630365999999999,2.4327454
data/shapenetsem_regression/processed/ChestOfDrawers/4819732b962de70ae83221ad0d21775.npz,data/shapenetsem_regression/raw/models-OBJ/models/4819732b962de70ae83221ad0d21775.obj,wss.4819732b962de70ae83221ad0d21775,4819732b962de70ae83221ad0d21775,ChestOfDrawers,"ChestOfDrawers,Dresser,_AttributesTrain",test,1.263872,0.150987,0.008569,1.3867878999999999,1.2119090000000001,0.8824097000000001
data/shapenetsem_regression/processed/SpaceShip/b754d98718393390e9765eefce49b2c8.npz,data/shapenetsem_regression/raw/models-OBJ/models/b754d98718393390e9765eefce49b2c8.obj,wss.b754d98718393390e9765eefce49b2c8,b754d98718393390e9765eefce49b2c8,SpaceShip,SpaceShip,test,0.666645,0.322517,0.029987,3.1992827999999998,2.76541,1.5678278
data/shapenetsem_regression/processed/Tank/187b8cfebe4e9257ccec770873355bd5.npz,data/shapenetsem_regression/raw/models-OBJ/models/187b8cfebe4e9257ccec770873355bd5.obj,wss.187b8cfebe4e9257ccec770873355bd5,187b8cfebe4e9257ccec770873355bd5,Tank,Tank,test,2.396055,0.720335,0.791768,1.2336998,1.3233762,3.9701703
data/shapenetsem_regression/processed/Cabinet/792d164e6a059ae8958113d6831abae2.npz,data/shapenetsem_regression/raw/models-OBJ/models/792d164e6a059ae8958113d6831abae2.obj,wss.792d164e6a059ae8958113d6831abae2,792d164e6a059ae8958113d6831abae2,Cabinet,"Cabinet,_EvalSetWithPrior,_EvalSetExclude",test,1.136135,0.16616,0.985322,1.7100282000000002,1.8525307000000002,0.59375984
data/shapenetsem_regression/processed/Refrigerator/93c5c1e300f99a42d3cd0b966bce2fdc.npz,data/shapenetsem_regression/raw/models-OBJ/models/93c5c1e300f99a42d3cd0b966bce2fdc.obj,wss.93c5c1e300f99a42d3cd0b966bce2fdc,93c5c1e300f99a42d3cd0b966bce2fdc,Refrigerator,"Refrigerator,_StanfordSceneDBModels",test,1.345795,0.107553,0.82225,1.4711230000000002,1.5774396,0.61201233
data/shapenetsem_regression/processed/ChestOfDrawers/a3f0c9237be1589da159545213d74ea.npz,data/shapenetsem_regression/raw/models-OBJ/models/a3f0c9237be1589da159545213d74ea.obj,wss.a3f0c9237be1589da159545213d74ea,a3f0c9237be1589da159545213d74ea,ChestOfDrawers,"ChestOfDrawers,Dresser",test,0.952942,0.082556,0.565327,1.0439291,1.6702866,0.53936337
data/shapenetsem_regression/processed/Kettle/9c5b0553b7a7088759ac5a8e79274552.npz,data/shapenetsem_regression/raw/models-OBJ/models/9c5b0553b7a7088759ac5a8e79274552.obj,wss.9c5b0553b7a7088759ac5a8e79274552,9c5b0553b7a7088759ac5a8e79274552,Kettle,Kettle,test,620.305481,78.538277,52.888927,10.908539000000001,14.204003,8.195337
data/shapenetsem_regression/processed/Chair/ad5632dc45ff5627ab9281d3b84673cf.npz,data/shapenetsem_regression/raw/models-OBJ/models/ad5632dc45ff5627ab9281d3b84673cf.obj,wss.ad5632dc45ff5627ab9281d3b84673cf,ad5632dc45ff5627ab9281d3b84673cf,Chair,Chair,test,0.401052,0.057081,0.93499,1.1122004,0.61828815,0.9915489
data/shapenetsem_regression/processed/Truck/623f58e97b32cd9bce27281f3b76d1f5.npz,data/shapenetsem_regression/raw/models-OBJ/models/623f58e97b32cd9bce27281f3b76d1f5.obj,wss.623f58e97b32cd9bce27281f3b76d1f5,623f58e97b32cd9bce27281f3b76d1f5,Truck,Truck,test,5.415081,2.069249,0.344175,1.8475755,1.5060022000000002,4.768415
data/shapenetsem_regression/processed/Bed/23e6ee2b97819ece1a1f1012e818b3cc.npz,data/shapenetsem_regression/raw/models-OBJ/models/23e6ee2b97819ece1a1f1012e818b3cc.obj,wss.23e6ee2b97819ece1a1f1012e818b3cc,23e6ee2b97819ece1a1f1012e818b3cc,Bed,"Bed,PosterBed",test,1.575998,0.331864,0.100433,2.1446298,2.2830968,2.4506055
data/shapenetsem_regression/processed/Couch/97f506b27434613d51c4deb11af7079e.npz,data/shapenetsem_regression/raw/models-OBJ/models/97f506b27434613d51c4deb11af7079e.obj,wss.97f506b27434613d51c4deb11af7079e,97f506b27434613d51c4deb11af7079e,Couch,Couch,test,0.710312,0.309821,1.337353,2.217981,0.67929924,0.8470241500000001
data/shapenetsem_regression/processed/ChestOfDrawers/e6b28b631927fe405e0c64e5c8eb339b.npz,data/shapenetsem_regression/raw/models-OBJ/models/e6b28b631927fe405e0c64e5c8eb339b.obj,wss.e6b28b631927fe405e0c64e5c8eb339b,e6b28b631927fe405e0c64e5c8eb339b,ChestOfDrawers,"ChestOfDrawers,Armoire",test,1.04487,0.101228,0.630131,1.0290858,1.7658176,0.64902565
data/shapenetsem_regression/processed/Truck/c39657b19417a5165194b1845116f6e1.npz,data/shapenetsem_regression/raw/models-OBJ/models/c39657b19417a5165194b1845116f6e1.obj,wss.c39657b19417a5165194b1845116f6e1,c39657b19417a5165194b1845116f6e1,Truck,Truck,test,6.471105,1.639187,0.491435,1.4856563,1.6957501,4.8309622
data/shapenetsem_regression/processed/Chair/4251eebf69022ff35ecd29875b6f0d44.npz,data/shapenetsem_regression/raw/models-OBJ/models/4251eebf69022ff35ecd29875b6f0d44.obj,wss.4251eebf69022ff35ecd29875b6f0d44,4251eebf69022ff35ecd29875b6f0d44,Chair,"Chair,_AttributesTrain",test,0.443973,0.063297,0.866014,1.0092268,0.71022804,1.03898315
data/shapenetsem_regression/processed/Bed/c86465f9bbae08b81a45715c707f2aef.npz,data/shapenetsem_regression/raw/models-OBJ/models/c86465f9bbae08b81a45715c707f2aef.obj,wss.c86465f9bbae08b81a45715c707f2aef,c86465f9bbae08b81a45715c707f2aef,Bed,"Bed,QueenBedWithNightstand",test,0.457735,0.226568,0.742279,2.8379532000000003,0.53723705,1.4137364
data/shapenetsem_regression/processed/MediaStorage/c93277faac09aa62f3110a733450426.npz,data/shapenetsem_regression/raw/models-OBJ/models/c93277faac09aa62f3110a733450426.obj,wss.c93277faac09aa62f3110a733450426,c93277faac09aa62f3110a733450426,MediaStorage,"MediaStorage,WallUnit",test,0.460457,0.333405,0.116708,2.4835843,1.6818552,0.52098045
data/shapenetsem_regression/processed/Cabinet/8643db99ba0ab711a8840b31c6de34ce.npz,data/shapenetsem_regression/raw/models-OBJ/models/8643db99ba0ab711a8840b31c6de34ce.obj,wss.8643db99ba0ab711a8840b31c6de34ce,8643db99ba0ab711a8840b31c6de34ce,Cabinet,"Cabinet,Sideboard",test,0.171699,0.074759,0.616446,1.570281,0.7153515,0.39256973
data/shapenetsem_regression/processed/Refrigerator/ce1bf45e8f1db4f3ddbb22ee66ab330d.npz,data/shapenetsem_regression/raw/models-OBJ/models/ce1bf45e8f1db4f3ddbb22ee66ab330d.obj,wss.ce1bf45e8f1db4f3ddbb22ee66ab330d,ce1bf45e8f1db4f3ddbb22ee66ab330d,Refrigerator,Refrigerator,test,0.930949,0.0895,0.53102,0.8084428,1.5773125,0.7920708500000001
data/shapenetsem_regression/processed/Room/room03.npz,data/shapenetsem_regression/raw/models-OBJ/models/room03.obj,wss.room03,room03,Room,Room,test,44.513218,35.354691,85.653358,10.667999,4.191000000000001,8.9154
data/shapenetsem_regression/processed/ChestOfDrawers/5584ec27aa657c65ad329b1997e89fc7.npz,data/shapenetsem_regression/raw/models-OBJ/models/5584ec27aa657c65ad329b1997e89fc7.obj,wss.5584ec27aa657c65ad329b1997e89fc7,5584ec27aa657c65ad329b1997e89fc7,ChestOfDrawers,"ChestOfDrawers,Dresser",test,1.005651,0.086664,1.054024,1.6942650000000001,0.9036078000000001,0.6953545
data/shapenetsem_regression/processed/StaplerWithStaples/dc5eb85bfcb09bc475ffe5b08493cffc.npz,data/shapenetsem_regression/raw/models-OBJ/models/dc5eb85bfcb09bc475ffe5b08493cffc.obj,wss.dc5eb85bfcb09bc475ffe5b08493cffc,dc5eb85bfcb09bc475ffe5b08493cffc,StaplerWithStaples,StaplerWithStaples,test,0.540939,0.270588,2.237128,1.6943181000000003,0.6507175,3.458121
data/shapenetsem_regression/processed/ChestOfDrawers/4ba1077c3ce8dad4e7354dcb6082ee59.npz,data/shapenetsem_regression/raw/models-OBJ/models/4ba1077c3ce8dad4e7354dcb6082ee59.obj,wss.4ba1077c3ce8dad4e7354dcb6082ee59,4ba1077c3ce8dad4e7354dcb6082ee59,ChestOfDrawers,ChestOfDrawers,test,0.385665,0.051967,0.454785,1.06092285,1.0320492,0.8192235
data/shapenetsem_regression/processed/Bed/bb98b2cbaa7db506bdcd672c2b17215.npz,data/shapenetsem_regression/raw/models-OBJ/models/bb98b2cbaa7db506bdcd672c2b17215.obj,wss.bb98b2cbaa7db506bdcd672c2b17215,bb98b2cbaa7db506bdcd672c2b17215,Bed,"Bed,QueenBed",test,1.820047,0.284544,0.264771,2.0924707000000002,1.0826725000000001,2.2040411
data/shapenetsem_regression/processed/MediaStorage/ac00e4988022d536b7c496966d02d925.npz,data/shapenetsem_regression/raw/models-OBJ/models/ac00e4988022d536b7c496966d02d925.obj,wss.ac00e4988022d536b7c496966d02d925,ac00e4988022d536b7c496966d02d925,MediaStorage,"MediaStorage,WallUnit",test,0.636775,0.339598,0.012719,2.1056648,1.653491,1.449273
data/shapenetsem_regression/processed/Bed/290b083404ea24c87ff6ace05b36a5.npz,data/shapenetsem_regression/raw/models-OBJ/models/290b083404ea24c87ff6ace05b36a5.obj,wss.290b083404ea24c87ff6ace05b36a5,290b083404ea24c87ff6ace05b36a5,Bed,"Bed,QueenBed",test,2.168455,0.392202,3.412258,1.8670978,1.4862938,2.16422
data/shapenetsem_regression/processed/ToyFigure/286b92078a295123ac4fd92dfb8e239e.npz,data/shapenetsem_regression/raw/models-OBJ/models/286b92078a295123ac4fd92dfb8e239e.obj,wss.286b92078a295123ac4fd92dfb8e239e,286b92078a295123ac4fd92dfb8e239e,ToyFigure,ToyFigure,test,697.265747,324.043243,0.495351,20.192241,23.260610000000003,21.662458
data/shapenetsem_regression/processed/DartBoard/8d0a629a3ac31dfa37f3fc191551700.npz,data/shapenetsem_regression/raw/models-OBJ/models/8d0a629a3ac31dfa37f3fc191551700.obj,wss.8d0a629a3ac31dfa37f3fc191551700,8d0a629a3ac31dfa37f3fc191551700,DartBoard,DartBoard,test,0.031975,0.015712,0.767983,0.8685934399999999,0.8797897,0.061571074
data/shapenetsem_regression/processed/Bed/f49119184f72bbb0b868f531409e0fc4.npz,data/shapenetsem_regression/raw/models-OBJ/models/f49119184f72bbb0b868f531409e0fc4.obj,wss.f49119184f72bbb0b868f531409e0fc4,f49119184f72bbb0b868f531409e0fc4,Bed,"Bed,LoftBed",test,1.508668,0.351876,0.017842,2.2847179,1.9764166,1.1396057000000002
data/shapenetsem_regression/processed/Rug/f54c1943fd08acc828ef4ccd0231e57b.npz,data/shapenetsem_regression/raw/models-OBJ/models/f54c1943fd08acc828ef4ccd0231e57b.obj,wss.f54c1943fd08acc828ef4ccd0231e57b,f54c1943fd08acc828ef4ccd0231e57b,Rug,Rug,test,0.127304,0.127304,3.263146,2.496812,0.023149213999999998,1.3000688
data/shapenetsem_regression/processed/Couch/686c5c4a39de31445c31d9fe12bfc9ab.npz,data/shapenetsem_regression/raw/models-OBJ/models/686c5c4a39de31445c31d9fe12bfc9ab.obj,wss.686c5c4a39de31445c31d9fe12bfc9ab,686c5c4a39de31445c31d9fe12bfc9ab,Couch,"Couch,_StanfordSceneDBModels",test,1.074565,0.274724,0.034237,1.933018,0.7345788000000001,1.946825
data/shapenetsem_regression/processed/ChestOfDrawers/9480aa858fd07d67a2783013ce634f2d.npz,data/shapenetsem_regression/raw/models-OBJ/models/9480aa858fd07d67a2783013ce634f2d.obj,wss.9480aa858fd07d67a2783013ce634f2d,9480aa858fd07d67a2783013ce634f2d,ChestOfDrawers,"ChestOfDrawers,Dresser",test,0.80007,0.089498,0.855268,1.7793253000000002,0.8417577,0.54406292
data/shapenetsem_regression/processed/Washer/d476d7f9875093139daa2bf0c68f794f.npz,data/shapenetsem_regression/raw/models-OBJ/models/d476d7f9875093139daa2bf0c68f794f.obj,wss.d476d7f9875093139daa2bf0c68f794f,d476d7f9875093139daa2bf0c68f794f,Washer,Washer,test,1.910909,0.137017,1.301308,1.1711553000000001,1.4538480000000003,1.1520735
data/shapenetsem_regression/processed/Cabinet/f481d936f152912b4ed97ebc08fb049a.npz,data/shapenetsem_regression/raw/models-OBJ/models/f481d936f152912b4ed97ebc08fb049a.obj,wss.f481d936f152912b4ed97ebc08fb049a,f481d936f152912b4ed97ebc08fb049a,Cabinet,Cabinet,test,0.756866,0.038313,0.68961,1.0603986,1.1111621,0.7738994
data/shapenetsem_regression/processed/WallArt/caee92d9943a93bad3a8a0489b82a34e.npz,data/shapenetsem_regression/raw/models-OBJ/models/caee92d9943a93bad3a8a0489b82a34e.obj,wss.caee92d9943a93bad3a8a0489b82a34e,caee92d9943a93bad3a8a0489b82a34e,WallArt,WallArt,test,0.020814,0.010357,0.853831,0.9894524400000001,0.9894524,0.06448794000000001
data/shapenetsem_regression/processed/Sink/421eca272e20457f174cc62fa41808fc.npz,data/shapenetsem_regression/raw/models-OBJ/models/421eca272e20457f174cc62fa41808fc.obj,wss.421eca272e20457f174cc62fa41808fc,421eca272e20457f174cc62fa41808fc,Sink,Sink,test,0.823669,0.112392,1.810602,1.6416003000000001,1.2115694399999999,1.0943835400000002
data/shapenetsem_regression/processed/Rug/bc180d893fa2008cc84c3442ed7cd0aa.npz,data/shapenetsem_regression/raw/models-OBJ/models/bc180d893fa2008cc84c3442ed7cd0aa.obj,wss.bc180d893fa2008cc84c3442ed7cd0aa,bc180d893fa2008cc84c3442ed7cd0aa,Rug,Rug,test,0.063509,0.063509,3.934769,1.9122205,1.4565786e-15,2.0659680000000002
data/shapenetsem_regression/processed/Rug/fe885910cb45c70fb5372213124fd5f6.npz,data/shapenetsem_regression/raw/models-OBJ/models/fe885910cb45c70fb5372213124fd5f6.obj,wss.fe885910cb45c70fb5372213124fd5f6,fe885910cb45c70fb5372213124fd5f6,Rug,Rug,test,0.058579,0.058579,2.908225,1.130184,0.008829563,2.5782495
data/shapenetsem_regression/processed/Washer/38ff66fecee0d18f4f782ac57aea97b.npz,data/shapenetsem_regression/raw/models-OBJ/models/38ff66fecee0d18f4f782ac57aea97b.obj,wss.38ff66fecee0d18f4f782ac57aea97b,38ff66fecee0d18f4f782ac57aea97b,Washer,Washer,test,1.762699,0.10612,1.344643,1.287027,1.2654442000000001,1.2468997
data/shapenetsem_regression/processed/Room/room15.npz,data/shapenetsem_regression/raw/models-OBJ/models/room15.obj,wss.room15,room15,Room,Room,test,47.786911,33.666119,71.230827,11.000003999999999,2.8999942,6.800012000000001
data/shapenetsem_regression/processed/Bed/68d1e8f6aa7a714d98d5fc0473d00a1c.npz,data/shapenetsem_regression/raw/models-OBJ/models/68d1e8f6aa7a714d98d5fc0473d00a1c.obj,wss.68d1e8f6aa7a714d98d5fc0473d00a1c,68d1e8f6aa7a714d98d5fc0473d00a1c,Bed,"Bed,PosterBed",test,2.321556,0.550066,0.039374,1.9396175,2.5788815,2.3254015999999997
data/shapenetsem_regression/processed/Ipad/834a37ff2966a7aab059c0a0cc66b765.npz,data/shapenetsem_regression/raw/models-OBJ/models/834a37ff2966a7aab059c0a0cc66b765.obj,wss.834a37ff2966a7aab059c0a0cc66b765,834a37ff2966a7aab059c0a0cc66b765,Ipad,Ipad,test,29.454672,15.380469,61.851322,7.0094653000000005,9.535093000000002,0.3897427
data/shapenetsem_regression/processed/Fireplace/df1bd1065e7f7cde5e29ce2c9d37b952.npz,data/shapenetsem_regression/raw/models-OBJ/models/df1bd1065e7f7cde5e29ce2c9d37b952.obj,wss.df1bd1065e7f7cde5e29ce2c9d37b952,df1bd1065e7f7cde5e29ce2c9d37b952,Fireplace,Fireplace,test,1.658562,0.283739,1.897642,2.1823636,1.4977974,0.85588684
data/shapenetsem_regression/processed/Bed/9ff8c2118a1e9796be58c5ebb087be4f.npz,data/shapenetsem_regression/raw/models-OBJ/models/9ff8c2118a1e9796be58c5ebb087be4f.obj,wss.9ff8c2118a1e9796be58c5ebb087be4f,9ff8c2118a1e9796be58c5ebb087be4f,Bed,"Bed,QueenBed",test,1.759917,0.394193,0.012522,1.932309,0.8876552,2.4210538
data/shapenetsem_regression/processed/ChestOfDrawers/6bf0f5e06cb748bb9671c58246946ed6.npz,data/shapenetsem_regression/raw/models-OBJ/models/6bf0f5e06cb748bb9671c58246946ed6.obj,wss.6bf0f5e06cb748bb9671c58246946ed6,6bf0f5e06cb748bb9671c58246946ed6,ChestOfDrawers,"ChestOfDrawers,DresserWithMirror,Dresser",test,0.327701,0.060942,0.510342,1.4287648,1.213569,0.42158623
data/shapenetsem_regression/processed/MediaStorage/25a4c061bb3d0a22f68a8e4ae5e6c1a0.npz,data/shapenetsem_regression/raw/models-OBJ/models/25a4c061bb3d0a22f68a8e4ae5e6c1a0.obj,wss.25a4c061bb3d0a22f68a8e4ae5e6c1a0,25a4c061bb3d0a22f68a8e4ae5e6c1a0,MediaStorage,"MediaStorage,WallUnit",test,4.131145,0.419182,0.286025,2.0772905,1.8695615,1.2074251599999999
data/shapenetsem_regression/processed/ChestOfDrawers/3c56de7d3e5c44ad86db7993cf8d36e1.npz,data/shapenetsem_regression/raw/models-OBJ/models/3c56de7d3e5c44ad86db7993cf8d36e1.obj,wss.3c56de7d3e5c44ad86db7993cf8d36e1,3c56de7d3e5c44ad86db7993cf8d36e1,ChestOfDrawers,"ChestOfDrawers,Dresser,_AttributesTrain",test,1.529712,0.139442,1.294784,1.4114798,1.13702545,0.94098656
data/shapenetsem_regression/processed/Bed/bb5b02f2a28a520261f78ab106ca014f.npz,data/shapenetsem_regression/raw/models-OBJ/models/bb5b02f2a28a520261f78ab106ca014f.obj,wss.bb5b02f2a28a520261f78ab106ca014f,bb5b02f2a28a520261f78ab106ca014f,Bed,"Bed,_AttributesTrain,QueenBed",test,1.369304,0.3927,0.03395,2.0904832,0.9792587,2.2487238
data/shapenetsem_regression/processed/Bed/6bb824f2586bb2f8f11c3739edd52fa3.npz,data/shapenetsem_regression/raw/models-OBJ/models/6bb824f2586bb2f8f11c3739edd52fa3.obj,wss.6bb824f2586bb2f8f11c3739edd52fa3,6bb824f2586bb2f8f11c3739edd52fa3,Bed,"Bed,QueenBed",test,2.158218,0.416911,0.014062,1.6671878000000002,1.4066898,2.3705327
data/shapenetsem_regression/processed/Fireplace/ece6d9a43b9b5d4228ec8331f46ca3f8.npz,data/shapenetsem_regression/raw/models-OBJ/models/ece6d9a43b9b5d4228ec8331f46ca3f8.obj,wss.ece6d9a43b9b5d4228ec8331f46ca3f8,ece6d9a43b9b5d4228ec8331f46ca3f8,Fireplace,Fireplace,test,0.441942,0.20766,1.090405,2.1049597,1.7419598,0.52284935
data/shapenetsem_regression/processed/Couch/4ef1c8ad9c72263cdc6d207f01b16dd0.npz,data/shapenetsem_regression/raw/models-OBJ/models/4ef1c8ad9c72263cdc6d207f01b16dd0.obj,wss.4ef1c8ad9c72263cdc6d207f01b16dd0,4ef1c8ad9c72263cdc6d207f01b16dd0,Couch,Couch,test,1.371185,0.216055,1.349574,1.6039299,1.0244403,1.5645240000000002
data/shapenetsem_regression/processed/ChestOfDrawers/208977431e9f1ebcd85b29704f5fc7f2.npz,data/shapenetsem_regression/raw/models-OBJ/models/208977431e9f1ebcd85b29704f5fc7f2.obj,wss.208977431e9f1ebcd85b29704f5fc7f2,208977431e9f1ebcd85b29704f5fc7f2,ChestOfDrawers,"ChestOfDrawers,Dresser",test,0.968967,0.073793,0.938762,1.2879933,1.3889183,0.76333786
data/shapenetsem_regression/processed/Rug/d3207f13fa86cdaa654af11d542df563.npz,data/shapenetsem_regression/raw/models-OBJ/models/d3207f13fa86cdaa654af11d542df563.obj,wss.d3207f13fa86cdaa654af11d542df563,d3207f13fa86cdaa654af11d542df563,Rug,Rug,test,0.066909,0.066909,3.736003,2.2923871,0.0024387090000000003,1.6339342
data/shapenetsem_regression/processed/_StanfordSceneDBModels/22fbb23ca13c345b51887beb710d662a.npz,data/shapenetsem_regression/raw/models-OBJ/models/22fbb23ca13c345b51887beb710d662a.obj,wss.22fbb23ca13c345b51887beb710d662a,22fbb23ca13c345b51887beb710d662a,_StanfordSceneDBModels,"_StanfordSceneDBModels,Bookcase,3Shelves",test,0.474118,0.199262,0.75834,1.5024597,1.5024597,0.5008199
data/shapenetsem_regression/processed/Desk/1dffc3840500e89ab8e1b99345a5afd4.npz,data/shapenetsem_regression/raw/models-OBJ/models/1dffc3840500e89ab8e1b99345a5afd4.obj,wss.1dffc3840500e89ab8e1b99345a5afd4,1dffc3840500e89ab8e1b99345a5afd4,Desk,Desk,test,0.314281,0.073488,0.511119,1.3191943000000002,0.8821030000000001,0.4002594
data/shapenetsem_regression/processed/Oven/b0dabdaecf096cb7df3a1b0d597ce76e.npz,data/shapenetsem_regression/raw/models-OBJ/models/b0dabdaecf096cb7df3a1b0d597ce76e.obj,wss.b0dabdaecf096cb7df3a1b0d597ce76e,b0dabdaecf096cb7df3a1b0d597ce76e,Oven,Oven,test,1.928125,0.145723,1.325194,1.1963863000000001,1.4830205,1.2271534
data/shapenetsem_regression/processed/Oven/47c68395a5775e10d9deb3f829cc2475.npz,data/shapenetsem_regression/raw/models-OBJ/models/47c68395a5775e10d9deb3f829cc2475.obj,wss.47c68395a5775e10d9deb3f829cc2475,47c68395a5775e10d9deb3f829cc2475,Oven,Oven,test,1.625411,0.225282,0.993591,0.96517395,1.6697237000000003,1.1906195
data/shapenetsem_regression/processed/Couch/7e68c12da163627dd2856b4dc0e7a482.npz,data/shapenetsem_regression/raw/models-OBJ/models/7e68c12da163627dd2856b4dc0e7a482.obj,wss.7e68c12da163627dd2856b4dc0e7a482,7e68c12da163627dd2856b4dc0e7a482,Couch,Couch,test,0.59679,0.144063,1.617419,1.9139563000000002,0.5428469,1.4527068
data/shapenetsem_regression/processed/SpaceShip/c6073d6621528aae6bcafde47dd01b9d.npz,data/shapenetsem_regression/raw/models-OBJ/models/c6073d6621528aae6bcafde47dd01b9d.obj,wss.c6073d6621528aae6bcafde47dd01b9d,c6073d6621528aae6bcafde47dd01b9d,SpaceShip,SpaceShip,test,16080.037109,5317.774902,183.662216,71.174863,19.200012,67.99986
data/shapenetsem_regression/processed/Couch/abfd8f1db83d6fd24f5ae69aba92b12c.npz,data/shapenetsem_regression/raw/models-OBJ/models/abfd8f1db83d6fd24f5ae69aba92b12c.obj,wss.abfd8f1db83d6fd24f5ae69aba92b12c,abfd8f1db83d6fd24f5ae69aba92b12c,Couch,Couch,test,1.394045,0.181824,0.029471,1.4167162,1.4175520000000001,1.4334116000000001
data/shapenetsem_regression/processed/Cabinet/1ae6d530ee86ee9a4d87481e09b681b3.npz,data/shapenetsem_regression/raw/models-OBJ/models/1ae6d530ee86ee9a4d87481e09b681b3.obj,wss.1ae6d530ee86ee9a4d87481e09b681b3,1ae6d530ee86ee9a4d87481e09b681b3,Cabinet,Cabinet,test,0.687183,0.054922,0.498559,1.1227444500000001,1.3472926,0.47155365000000005
data/shapenetsem_regression/processed/Bed/93aafd00a287180c6885b1292cf91c82.npz,data/shapenetsem_regression/raw/models-OBJ/models/93aafd00a287180c6885b1292cf91c82.obj,wss.93aafd00a287180c6885b1292cf91c82,93aafd00a287180c6885b1292cf91c82,Bed,"Bed,CanopyBed,PosterBed",test,6.844862,0.638324,0.031412,1.8066977,2.6195462,2.3869856
data/shapenetsem_regression/processed/Bed/f78ac71ed599c459e8058cf23f6382c1.npz,data/shapenetsem_regression/raw/models-OBJ/models/f78ac71ed599c459e8058cf23f6382c1.obj,wss.f78ac71ed599c459e8058cf23f6382c1,f78ac71ed599c459e8058cf23f6382c1,Bed,"Bed,QueenBed",test,1.678265,0.384404,0.217888,1.7425914,0.65036705,2.630277
data/shapenetsem_regression/processed/Bed/66cdea8432907e9fb99d331574136d26.npz,data/shapenetsem_regression/raw/models-OBJ/models/66cdea8432907e9fb99d331574136d26.obj,wss.66cdea8432907e9fb99d331574136d26,66cdea8432907e9fb99d331574136d26,Bed,"Bed,_AttributesTrain,QueenBed",test,2.267364,0.395336,0.081405,1.9059222,1.0899185,2.3573802
data/shapenetsem_regression/processed/ChestOfDrawers/5e61fc6946ed74c3532e8683617554c4.npz,data/shapenetsem_regression/raw/models-OBJ/models/5e61fc6946ed74c3532e8683617554c4.obj,wss.5e61fc6946ed74c3532e8683617554c4,5e61fc6946ed74c3532e8683617554c4,ChestOfDrawers,"ChestOfDrawers,Dresser",test,1.365318,0.081309,0.05343,1.282744,1.2999883,0.9138685599999999
data/shapenetsem_regression/processed/ChestOfDrawers/4d79731efe402b0d635469b95109803c.npz,data/shapenetsem_regression/raw/models-OBJ/models/4d79731efe402b0d635469b95109803c.obj,wss.4d79731efe402b0d635469b95109803c,4d79731efe402b0d635469b95109803c,ChestOfDrawers,"ChestOfDrawers,Dresser",test,1.108827,0.085359,0.714364,1.1732467,1.5534557000000002,0.61710922
data/shapenetsem_regression/processed/Violin/8c3a37b8bab5ffb616a3953de5397f35.npz,data/shapenetsem_regression/raw/models-OBJ/models/8c3a37b8bab5ffb616a3953de5397f35.obj,wss.8c3a37b8bab5ffb616a3953de5397f35,8c3a37b8bab5ffb616a3953de5397f35,Violin,Violin,test,493946372096.0,294083657728.0,507794.3125,13430.965,52661.505000000005,5950.222
data/shapenetsem_regression/processed/Fireplace/2068d2fab87a6b992c652845f676c87.npz,data/shapenetsem_regression/raw/models-OBJ/models/2068d2fab87a6b992c652845f676c87.obj,wss.2068d2fab87a6b992c652845f676c87,2068d2fab87a6b992c652845f676c87,Fireplace,Fireplace,test,1.60446,0.21977,1.423887,1.6433377,2.0259128,0.96631485
data/shapenetsem_regression/processed/Bed/fd38c20c0b356ff734580ff5342745d5.npz,data/shapenetsem_regression/raw/models-OBJ/models/fd38c20c0b356ff734580ff5342745d5.obj,wss.fd38c20c0b356ff734580ff5342745d5,fd38c20c0b356ff734580ff5342745d5,Bed,"Bed,QueenBedWithNightstand",test,1.400452,0.347909,2.694287,2.5231319,0.6610330000000001,1.8809836999999998
data/shapenetsem_regression/processed/Bed/94d74d3767c886cb97802d966ff1c2c8.npz,data/shapenetsem_regression/raw/models-OBJ/models/94d74d3767c886cb97802d966ff1c2c8.obj,wss.94d74d3767c886cb97802d966ff1c2c8,94d74d3767c886cb97802d966ff1c2c8,Bed,"Bed,QueenBed",test,0.761543,0.3912,0.007886,2.1144324,0.87132645,2.2732954000000003
data/shapenetsem_regression/processed/Oven/9191df20dc5559a38a68adc64e25938f.npz,data/shapenetsem_regression/raw/models-OBJ/models/9191df20dc5559a38a68adc64e25938f.obj,wss.9191df20dc5559a38a68adc64e25938f,9191df20dc5559a38a68adc64e25938f,Oven,Oven,test,1.257803,0.282124,0.106572,1.3036215000000002,1.6289867000000002,0.8854032
data/shapenetsem_regression/processed/MediaStorage/254cda2719087d58d810b14a81e12eca.npz,data/shapenetsem_regression/raw/models-OBJ/models/254cda2719087d58d810b14a81e12eca.obj,wss.254cda2719087d58d810b14a81e12eca,254cda2719087d58d810b14a81e12eca,MediaStorage,"MediaStorage,TvStand",test,0.078719,0.078719,0.632953,1.5436589,0.5413526000000001,0.40735443
data/shapenetsem_regression/processed/Chair/f6bcb75ed0132a2bd99fe055da4bc66c.npz,data/shapenetsem_regression/raw/models-OBJ/models/f6bcb75ed0132a2bd99fe055da4bc66c.obj,wss.f6bcb75ed0132a2bd99fe055da4bc66c,f6bcb75ed0132a2bd99fe055da4bc66c,Chair,"Chair,Recliner,rankChairs",test,0.438207,0.05197,1.043601,1.2080574,0.78314476,1.0498584
data/shapenetsem_regression/processed/Refrigerator/bd0c75addf2ff59aafae0c879d407c34.npz,data/shapenetsem_regression/raw/models-OBJ/models/bd0c75addf2ff59aafae0c879d407c34.obj,wss.bd0c75addf2ff59aafae0c879d407c34,bd0c75addf2ff59aafae0c879d407c34,Refrigerator,Refrigerator,test,1.06623,0.076329,0.726402,0.9759045399999999,1.4791050000000001,0.7929183999999999
data/shapenetsem_regression/processed/ChestOfDrawers/999feeb45bd6b05dafd5c4832da7fc55.npz,data/shapenetsem_regression/raw/models-OBJ/models/999feeb45bd6b05dafd5c4832da7fc55.obj,wss.999feeb45bd6b05dafd5c4832da7fc55,999feeb45bd6b05dafd5c4832da7fc55,ChestOfDrawers,"ChestOfDrawers,Armoire",test,1.499203,0.098998,0.946167,1.2220492600000001,1.5686414,0.802952
data/shapenetsem_regression/processed/Booth/9a31a1d953a0871d4212ff51b27f0221.npz,data/shapenetsem_regression/raw/models-OBJ/models/9a31a1d953a0871d4212ff51b27f0221.obj,wss.9a31a1d953a0871d4212ff51b27f0221,9a31a1d953a0871d4212ff51b27f0221,Booth,Booth,test,4.139177,0.566272,0.287778,2.819753,1.5665295000000001,1.8798355000000002
data/shapenetsem_regression/processed/Bed/71cf01f1d4f4c88a6565a0a3d4d26b6f.npz,data/shapenetsem_regression/raw/models-OBJ/models/71cf01f1d4f4c88a6565a0a3d4d26b6f.obj,wss.71cf01f1d4f4c88a6565a0a3d4d26b6f,71cf01f1d4f4c88a6565a0a3d4d26b6f,Bed,"Bed,_AttributesTrain,QueenBed",test,1.140238,0.376117,0.018138,2.3036194,0.8135599000000001,2.1037268
data/shapenetsem_regression/processed/Bed/335bc3bc6a20295c3c5e8f9688dc3202.npz,data/shapenetsem_regression/raw/models-OBJ/models/335bc3bc6a20295c3c5e8f9688dc3202.obj,wss.335bc3bc6a20295c3c5e8f9688dc3202,335bc3bc6a20295c3c5e8f9688dc3202,Bed,"Bed,QueenBed",test,1.203015,0.281734,0.026308,1.7735019,1.5278114,2.2131772
data/shapenetsem_regression/processed/Cabinet/ed5a8f4ecdbe78fa15a34fa27bdf3d03.npz,data/shapenetsem_regression/raw/models-OBJ/models/ed5a8f4ecdbe78fa15a34fa27bdf3d03.obj,wss.ed5a8f4ecdbe78fa15a34fa27bdf3d03,ed5a8f4ecdbe78fa15a34fa27bdf3d03,Cabinet,Cabinet,test,1.023155,0.060728,0.804629,0.79445145,1.2407076000000001,1.0618905
data/shapenetsem_regression/processed/SpaceShip/e8ad30b420541e72247e78b20516dca3.npz,data/shapenetsem_regression/raw/models-OBJ/models/e8ad30b420541e72247e78b20516dca3.obj,wss.e8ad30b420541e72247e78b20516dca3,e8ad30b420541e72247e78b20516dca3,SpaceShip,SpaceShip,test,16454.09375,7388.097656,358.776154,66.6816,14.773964000000001,65.110767
data/shapenetsem_regression/processed/Couch/52d307203aefd6bf366971e8a2cdf120.npz,data/shapenetsem_regression/raw/models-OBJ/models/52d307203aefd6bf366971e8a2cdf120.obj,wss.52d307203aefd6bf366971e8a2cdf120,52d307203aefd6bf366971e8a2cdf120,Couch,"Couch,_AttributesTrain",test,1.065743,0.202358,1.726872,2.1212103,0.85995705,0.9108320000000001
data/shapenetsem_regression/processed/Desk/2bd3ebdfde8d0440bd0beb7c8bc640fc.npz,data/shapenetsem_regression/raw/models-OBJ/models/2bd3ebdfde8d0440bd0beb7c8bc640fc.obj,wss.2bd3ebdfde8d0440bd0beb7c8bc640fc,2bd3ebdfde8d0440bd0beb7c8bc640fc,Desk,"Desk,_StanfordSceneDBModels,_OIMwhitelist",test,0.57429,0.139524,0.621245,1.8465844999999999,0.7532336,0.8533862000000001
data/shapenetsem_regression/processed/ChestOfDrawers/adece72df027acd6658fc1ad354006c7.npz,data/shapenetsem_regression/raw/models-OBJ/models/adece72df027acd6658fc1ad354006c7.obj,wss.adece72df027acd6658fc1ad354006c7,adece72df027acd6658fc1ad354006c7,ChestOfDrawers,"ChestOfDrawers,Dresser,_AttributesTrain",test,0.794522,0.078276,0.948348,1.7872983,0.8340725999999999,0.52956985
data/shapenetsem_regression/processed/Bed/cbd6cb72a17c426898d5fc0473d00a1c.npz,data/shapenetsem_regression/raw/models-OBJ/models/cbd6cb72a17c426898d5fc0473d00a1c.obj,wss.cbd6cb72a17c426898d5fc0473d00a1c,cbd6cb72a17c426898d5fc0473d00a1c,Bed,"Bed,QueenBed",test,1.517456,0.292824,0.032762,2.0029903,1.4272406000000002,2.0805698
data/shapenetsem_regression/processed/Bed/50b21efadb3692347b0284d1ea60f713.npz,data/shapenetsem_regression/raw/models-OBJ/models/50b21efadb3692347b0284d1ea60f713.obj,wss.50b21efadb3692347b0284d1ea60f713,50b21efadb3692347b0284d1ea60f713,Bed,"Bed,LoftBed",test,1.089192,0.30537,0.053775,1.8042188,1.8871545,1.900233
data/shapenetsem_regression/processed/MediaStorage/6238e1c446597a73f08984f51debc075.npz,data/shapenetsem_regression/raw/models-OBJ/models/6238e1c446597a73f08984f51debc075.obj,wss.6238e1c446597a73f08984f51debc075,6238e1c446597a73f08984f51debc075,MediaStorage,"MediaStorage,WallUnit",test,1.07395,0.46025,0.173057,2.0602332000000003,2.060233,0.882957
data/shapenetsem_regression/processed/Piano/2d830fc20d8095cac2cc019b058015.npz,data/shapenetsem_regression/raw/models-OBJ/models/2d830fc20d8095cac2cc019b058015.obj,wss.2d830fc20d8095cac2cc019b058015,2d830fc20d8095cac2cc019b058015,Piano,Piano,test,0.978291,0.201259,0.66861,1.7923355,1.3281165,0.7888626
data/shapenetsem_regression/processed/Bed/ef3d44f20e91a0b335836c728d324152.npz,data/shapenetsem_regression/raw/models-OBJ/models/ef3d44f20e91a0b335836c728d324152.obj,wss.ef3d44f20e91a0b335836c728d324152,ef3d44f20e91a0b335836c728d324152,Bed,"Bed,PosterBed",test,2.319862,0.488608,0.044887,2.3969810000000003,2.3566963000000003,2.1250539
data/shapenetsem_regression/processed/Couch/4820b629990b6a20860f0fe00407fa79.npz,data/shapenetsem_regression/raw/models-OBJ/models/4820b629990b6a20860f0fe00407fa79.obj,wss.4820b629990b6a20860f0fe00407fa79,4820b629990b6a20860f0fe00407fa79,Couch,Couch,test,0.987089,0.110936,1.52519,2.038065,0.7756469,1.1461914
data/shapenetsem_regression/processed/ChestOfDrawers/a654f8047507ee4d7ba7973443ab7b40.npz,data/shapenetsem_regression/raw/models-OBJ/models/a654f8047507ee4d7ba7973443ab7b40.obj,wss.a654f8047507ee4d7ba7973443ab7b40,a654f8047507ee4d7ba7973443ab7b40,ChestOfDrawers,"ChestOfDrawers,Dresser",test,0.907701,0.099111,1.092538,1.75798,0.7747443,0.6927017
data/shapenetsem_regression/processed/ChestOfDrawers/f14bdab1e3de81b7be36894b151eda76.npz,data/shapenetsem_regression/raw/models-OBJ/models/f14bdab1e3de81b7be36894b151eda76.obj,wss.f14bdab1e3de81b7be36894b151eda76,f14bdab1e3de81b7be36894b151eda76,ChestOfDrawers,ChestOfDrawers,test,0.723106,0.063125,1.163441,1.2935468,0.6180959,0.8980676
data/shapenetsem_regression/processed/ChestOfDrawers/f989e903f4bb6e8dfd586a03b579ca2a.npz,data/shapenetsem_regression/raw/models-OBJ/models/f989e903f4bb6e8dfd586a03b579ca2a.obj,wss.f989e903f4bb6e8dfd586a03b579ca2a,f989e903f4bb6e8dfd586a03b579ca2a,ChestOfDrawers,"ChestOfDrawers,Dresser,Bed,DoubleBed",test,3.18222,0.264782,3.201936,1.4735873000000002,1.312837,2.1704602
data/shapenetsem_regression/processed/Couch/38a4328fc3e65ba54c37b9ce3a3de242.npz,data/shapenetsem_regression/raw/models-OBJ/models/38a4328fc3e65ba54c37b9ce3a3de242.obj,wss.38a4328fc3e65ba54c37b9ce3a3de242,38a4328fc3e65ba54c37b9ce3a3de242,Couch,Couch,test,0.868974,0.152045,0.615883,1.9853596,0.7967207000000001,1.22140205
data/shapenetsem_regression/processed/Bed/3d14f0782e488c8bc19762eaa7ba40f.npz,data/shapenetsem_regression/raw/models-OBJ/models/3d14f0782e488c8bc19762eaa7ba40f.obj,wss.3d14f0782e488c8bc19762eaa7ba40f,3d14f0782e488c8bc19762eaa7ba40f,Bed,"Bed,KingBed",test,3.079285,0.592341,0.152339,1.9968587,2.05017,2.0816307000000003
data/shapenetsem_regression/processed/ChestOfDrawers/1857891cdabf6824b0fd397b9007d287.npz,data/shapenetsem_regression/raw/models-OBJ/models/1857891cdabf6824b0fd397b9007d287.obj,wss.1857891cdabf6824b0fd397b9007d287,1857891cdabf6824b0fd397b9007d287,ChestOfDrawers,"ChestOfDrawers,Armoire",test,0.893905,0.124523,0.755353,1.2301565600000002,1.6228644,0.6718548599999999
data/shapenetsem_regression/processed/Oven/c47347fe34186104ce1c87046f7725cd.npz,data/shapenetsem_regression/raw/models-OBJ/models/c47347fe34186104ce1c87046f7725cd.obj,wss.c47347fe34186104ce1c87046f7725cd,c47347fe34186104ce1c87046f7725cd,Oven,Oven,test,1.613573,0.10157,1.31995,1.2401282,1.4685257999999999,1.2008722
data/shapenetsem_regression/processed/Sink/99ffc34e3e5019c319620b61f6587b3e.npz,data/shapenetsem_regression/raw/models-OBJ/models/99ffc34e3e5019c319620b61f6587b3e.obj,wss.99ffc34e3e5019c319620b61f6587b3e,99ffc34e3e5019c319620b61f6587b3e,Sink,"Sink,_StanfordSceneDBModels",test,1.152312,0.078098,0.942387,1.1332845,1.4270284000000002,0.8971836000000001
data/shapenetsem_regression/processed/_StanfordSceneDBModels/87e5a00a6f82649d4c54cb9312d83b78.npz,data/shapenetsem_regression/raw/models-OBJ/models/87e5a00a6f82649d4c54cb9312d83b78.obj,wss.87e5a00a6f82649d4c54cb9312d83b78,87e5a00a6f82649d4c54cb9312d83b78,_StanfordSceneDBModels,_StanfordSceneDBModels,test,0.005602,0.009534,0.508477,0.7217648,0.9597127000000001,0.041707
data/shapenetsem_regression/processed/Cabinet/1c996c187f4354db7252c133a7e17d94.npz,data/shapenetsem_regression/raw/models-OBJ/models/1c996c187f4354db7252c133a7e17d94.obj,wss.1c996c187f4354db7252c133a7e17d94,1c996c187f4354db7252c133a7e17d94,Cabinet,Cabinet,test,0.111762,0.062764,0.651218,1.7353528,0.24140293000000002,0.4779071
data/shapenetsem_regression/processed/Bed/53aed3390123e35e586ad40cf4e34ff2.npz,data/shapenetsem_regression/raw/models-OBJ/models/53aed3390123e35e586ad40cf4e34ff2.obj,wss.53aed3390123e35e586ad40cf4e34ff2,53aed3390123e35e586ad40cf4e34ff2,Bed,"Bed,_Attributes,QueenBed",test,1.45333,0.358259,0.030713,1.7675418,0.9815851999999999,2.5079828
data/shapenetsem_regression/processed/Refrigerator/4e9cb3653cebee966ac32dd72af0469e.npz,data/shapenetsem_regression/raw/models-OBJ/models/4e9cb3653cebee966ac32dd72af0469e.obj,wss.4e9cb3653cebee966ac32dd72af0469e,4e9cb3653cebee966ac32dd72af0469e,Refrigerator,Refrigerator,test,1.113509,0.139967,0.912564,0.72937454,1.261623,1.2826482
data/shapenetsem_regression/processed/Oven/28b035530ad7512171c104f9ce9ca338.npz,data/shapenetsem_regression/raw/models-OBJ/models/28b035530ad7512171c104f9ce9ca338.obj,wss.28b035530ad7512171c104f9ce9ca338,28b035530ad7512171c104f9ce9ca338,Oven,Oven,test,1.907133,0.161077,1.096075,1.069936,1.6451659,1.1342670400000001
data/shapenetsem_regression/processed/ChestOfDrawers/941289c22ad19099a87002a4eeaf610.npz,data/shapenetsem_regression/raw/models-OBJ/models/941289c22ad19099a87002a4eeaf610.obj,wss.941289c22ad19099a87002a4eeaf610,941289c22ad19099a87002a4eeaf610,ChestOfDrawers,"ChestOfDrawers,Dresser",test,0.727251,0.075791,0.880785,1.8201245000000001,0.7754756,0.50630226
data/shapenetsem_regression/processed/Chair/1c2ef41c252b099d59eca69a6ee3e3b.npz,data/shapenetsem_regression/raw/models-OBJ/models/1c2ef41c252b099d59eca69a6ee3e3b.obj,wss.1c2ef41c252b099d59eca69a6ee3e3b,1c2ef41c252b099d59eca69a6ee3e3b,Chair,"Chair,ChairWithOttoman",test,0.297264,0.037345,0.638164,0.73772385,0.7544903600000001,1.2615175
data/shapenetsem_regression/processed/WallArt/26669c159324543dfb65771025dd39c4.npz,data/shapenetsem_regression/raw/models-OBJ/models/26669c159324543dfb65771025dd39c4.obj,wss.26669c159324543dfb65771025dd39c4,26669c159324543dfb65771025dd39c4,WallArt,"WallArt,Picture",test,0.014719,0.011591,0.958223,1.046476,0.9118329000000001,0.01906451
data/shapenetsem_regression/processed/ChestOfDrawers/93ed21b9d466810e69cfe887f122d6dc.npz,data/shapenetsem_regression/raw/models-OBJ/models/93ed21b9d466810e69cfe887f122d6dc.obj,wss.93ed21b9d466810e69cfe887f122d6dc,93ed21b9d466810e69cfe887f122d6dc,ChestOfDrawers,"ChestOfDrawers,Armoire",test,1.155277,0.096721,0.620007,1.1229221,1.7124551,0.6363236
data/shapenetsem_regression/processed/ChestOfDrawers/3d3bd5d212b42e1bf1783a44a88d6274.npz,data/shapenetsem_regression/raw/models-OBJ/models/3d3bd5d212b42e1bf1783a44a88d6274.obj,wss.3d3bd5d212b42e1bf1783a44a88d6274,3d3bd5d212b42e1bf1783a44a88d6274,ChestOfDrawers,"ChestOfDrawers,Dresser,_AttributesTrain",test,1.225156,0.095888,1.037579,1.429417,1.2592483,0.7359796000000001
data/shapenetsem_regression/processed/Room/room05.npz,data/shapenetsem_regression/raw/models-OBJ/models/room05.obj,wss.room05,room05,Room,Room,test,24.896553,13.981465,2.667814,9.303407,3.429,6.1722
data/shapenetsem_regression/processed/Chair/341ecb71545d84835ecd29875b6f0d44.npz,data/shapenetsem_regression/raw/models-OBJ/models/341ecb71545d84835ecd29875b6f0d44.obj,wss.341ecb71545d84835ecd29875b6f0d44,341ecb71545d84835ecd29875b6f0d44,Chair,Chair,test,0.367477,0.067,0.636894,1.0906717000000001,0.6771581000000001,0.976902
data/shapenetsem_regression/processed/Bathtub/1481ab0f22540f6d1471cf7290b934a9.npz,data/shapenetsem_regression/raw/models-OBJ/models/1481ab0f22540f6d1471cf7290b934a9.obj,wss.1481ab0f22540f6d1471cf7290b934a9,1481ab0f22540f6d1471cf7290b934a9,Bathtub,Bathtub,test,1.191628,0.380098,1.287856,2.8531598000000002,1.16857704,1.331482
data/shapenetsem_regression/processed/Fireplace/7ff30edaf58db82d7923e9681dcda2b2.npz,data/shapenetsem_regression/raw/models-OBJ/models/7ff30edaf58db82d7923e9681dcda2b2.obj,wss.7ff30edaf58db82d7923e9681dcda2b2,7ff30edaf58db82d7923e9681dcda2b2,Fireplace,Fireplace,test,0.417293,0.084735,0.493076,1.5798334,2.1857230000000003,0.6821969
data/shapenetsem_regression/processed/Piano/b0e9391ecbf7334c4383822c87ad59db.npz,data/shapenetsem_regression/raw/models-OBJ/models/b0e9391ecbf7334c4383822c87ad59db.obj,wss.b0e9391ecbf7334c4383822c87ad59db,b0e9391ecbf7334c4383822c87ad59db,Piano,"Piano,_AttributesTrain",test,0.921371,0.179598,0.710572,1.8111775,1.1538354,0.9937571
data/shapenetsem_regression/processed/Cabinet/995a40846929e9753da27ece6ae88fff.npz,data/shapenetsem_regression/raw/models-OBJ/models/995a40846929e9753da27ece6ae88fff.obj,wss.995a40846929e9753da27ece6ae88fff,995a40846929e9753da27ece6ae88fff,Cabinet,Cabinet,test,0.328564,0.138294,0.455374,0.7653807,1.5307614,0.6075209
data/shapenetsem_regression/processed/ArcadeMachine/3be82c979afd1aa61d9de88c1cabaeb7.npz,data/shapenetsem_regression/raw/models-OBJ/models/3be82c979afd1aa61d9de88c1cabaeb7.obj,wss.3be82c979afd1aa61d9de88c1cabaeb7,3be82c979afd1aa61d9de88c1cabaeb7,ArcadeMachine,ArcadeMachine,test,1.195469,0.124181,0.804511,0.7532232000000001,1.9523756,1.14965645
data/shapenetsem_regression/processed/_StanfordSceneDBModels/30a61d3de0af34c98003bebfc69e68f4.npz,data/shapenetsem_regression/raw/models-OBJ/models/30a61d3de0af34c98003bebfc69e68f4.obj,wss.30a61d3de0af34c98003bebfc69e68f4,30a61d3de0af34c98003bebfc69e68f4,_StanfordSceneDBModels,"_StanfordSceneDBModels,Cabinet",test,2.821052,0.362426,0.319791,1.7468176,2.3241118000000003,0.82334595
data/shapenetsem_regression/processed/PianoKeyboard/4e0ed93d0e5d1ccad036e429376ef87f.npz,data/shapenetsem_regression/raw/models-OBJ/models/4e0ed93d0e5d1ccad036e429376ef87f.obj,wss.4e0ed93d0e5d1ccad036e429376ef87f,4e0ed93d0e5d1ccad036e429376ef87f,PianoKeyboard,PianoKeyboard,test,0.045401,0.011615,0.507722,1.1655762,0.132334585,0.43187770000000003
data/shapenetsem_regression/processed/Cabinet/a74f34d134fb0b1f527673594e8e5018.npz,data/shapenetsem_regression/raw/models-OBJ/models/a74f34d134fb0b1f527673594e8e5018.obj,wss.a74f34d134fb0b1f527673594e8e5018,a74f34d134fb0b1f527673594e8e5018,Cabinet,Cabinet,test,0.996367,0.061864,1.232043,0.9287002,0.82667656,1.3237218
data/shapenetsem_regression/processed/Oven/2fa8e17b1fbf2605df3a1b0d597ce76e.npz,data/shapenetsem_regression/raw/models-OBJ/models/2fa8e17b1fbf2605df3a1b0d597ce76e.obj,wss.2fa8e17b1fbf2605df3a1b0d597ce76e,2fa8e17b1fbf2605df3a1b0d597ce76e,Oven,Oven,test,1.813092,0.152463,0.08217,1.3611476,1.3750722,1.1803152000000001
data/shapenetsem_regression/processed/ChestOfDrawers/a32bad670fcbf4ec2ea98d69e91ba870.npz,data/shapenetsem_regression/raw/models-OBJ/models/a32bad670fcbf4ec2ea98d69e91ba870.obj,wss.a32bad670fcbf4ec2ea98d69e91ba870,a32bad670fcbf4ec2ea98d69e91ba870,ChestOfDrawers,"ChestOfDrawers,Dresser,_AttributesTrain",test,1.259991,0.0874,0.100695,1.2894568000000002,1.3164212000000002,0.8803255
data/shapenetsem_regression/processed/Bed/a3c605d83641becdbb2345cbfc1ee49b.npz,data/shapenetsem_regression/raw/models-OBJ/models/a3c605d83641becdbb2345cbfc1ee49b.obj,wss.a3c605d83641becdbb2345cbfc1ee49b,a3c605d83641becdbb2345cbfc1ee49b,Bed,"Bed,_AttributesTrain,QueenBed",test,1.56334,0.391499,0.02398,1.7963065,1.00608345,2.4776642
data/shapenetsem_regression/processed/Chair/16755fc794d5b2bb223a0abef958bcd0.npz,data/shapenetsem_regression/raw/models-OBJ/models/16755fc794d5b2bb223a0abef958bcd0.obj,wss.16755fc794d5b2bb223a0abef958bcd0,16755fc794d5b2bb223a0abef958bcd0,Chair,"Chair,rankChairs",test,0.092744,0.050695,0.596428,0.6789896000000001,1.1066613,0.9574534
data/shapenetsem_regression/processed/Window/9cd953ff1799e2ac855d9a73f203f210.npz,data/shapenetsem_regression/raw/models-OBJ/models/9cd953ff1799e2ac855d9a73f203f210.obj,wss.9cd953ff1799e2ac855d9a73f203f210,9cd953ff1799e2ac855d9a73f203f210,Window,Window,test,0.172786,0.091563,0.569502,1.2209988,2.5670007,0.10955605
data/shapenetsem_regression/processed/Chair/de862f78d1412e5268d4f5a3519f61be.npz,data/shapenetsem_regression/raw/models-OBJ/models/de862f78d1412e5268d4f5a3519f61be.obj,wss.de862f78d1412e5268d4f5a3519f61be,de862f78d1412e5268d4f5a3519f61be,Chair,"Chair,BeanBag",test,0.365057,0.027114,1.026981,1.135671,0.5978462600000001,1.130568
data/shapenetsem_regression/processed/Bed/42f923455a78ddac4c0a96bcf8072e44.npz,data/shapenetsem_regression/raw/models-OBJ/models/42f923455a78ddac4c0a96bcf8072e44.obj,wss.42f923455a78ddac4c0a96bcf8072e44,42f923455a78ddac4c0a96bcf8072e44,Bed,"Bed,QueenBed",test,1.688354,0.337071,0.045914,1.8194435,0.8936204999999999,2.5037477000000004
data/shapenetsem_regression/processed/Room/room12.npz,data/shapenetsem_regression/raw/models-OBJ/models/room12.obj,wss.room12,room12,Room,Room,test,10.131584,10.638337,45.511921,6.646991000000001,2.8626202000000003,8.4650726
data/shapenetsem_regression/processed/_StanfordSceneDBModels/ebe03a4f682975d5d8d7931a1991df3d.npz,data/shapenetsem_regression/raw/models-OBJ/models/ebe03a4f682975d5d8d7931a1991df3d.obj,wss.ebe03a4f682975d5d8d7931a1991df3d,ebe03a4f682975d5d8d7931a1991df3d,_StanfordSceneDBModels,"_StanfordSceneDBModels,Rug",test,0.056977,0.038801,1.492448,0.9067976,0.035768132,1.6288773
data/shapenetsem_regression/processed/Couch/aa5fe2c92f01ce0a30cbbda41991e4d0.npz,data/shapenetsem_regression/raw/models-OBJ/models/aa5fe2c92f01ce0a30cbbda41991e4d0.obj,wss.aa5fe2c92f01ce0a30cbbda41991e4d0,aa5fe2c92f01ce0a30cbbda41991e4d0,Couch,Couch,test,0.79487,0.136297,2.302944,2.1295605,0.63202164,1.0647803
data/shapenetsem_regression/processed/Couch/63d0dd6566dfec32ea65c47b660136e7.npz,data/shapenetsem_regression/raw/models-OBJ/models/63d0dd6566dfec32ea65c47b660136e7.obj,wss.63d0dd6566dfec32ea65c47b660136e7,63d0dd6566dfec32ea65c47b660136e7,Couch,"Couch,_AttributesTrain",test,1.283701,0.168014,0.009529,1.9280353,0.91208046,1.23251236
data/shapenetsem_regression/processed/Bed/48e75386f4befb3bdb95bf570adb8a59.npz,data/shapenetsem_regression/raw/models-OBJ/models/48e75386f4befb3bdb95bf570adb8a59.obj,wss.48e75386f4befb3bdb95bf570adb8a59,48e75386f4befb3bdb95bf570adb8a59,Bed,"Bed,_AttributesTrain,QueenBed",test,2.003448,0.610627,0.140995,2.3178052,0.9849753,2.0109674
