sample_index,model_id,npz_path,ground_truth_id,ground_truth_name,predicted_id,predicted_name,correct,confidence,top5_ids,top5_names
0,0,/home/udays/geometric_deep_learning/data/processed/airplane/test/airplane_0627.npz,0,airplane,0,airplane,1,0.999991,0 29 31 26 3,airplane sink stairs plant bench
1,1,/home/udays/geometric_deep_learning/data/processed/airplane/test/airplane_0628.npz,0,airplane,0,airplane,1,0.999991,0 29 31 26 12,airplane sink stairs plant desk
2,2,/home/udays/geometric_deep_learning/data/processed/airplane/test/airplane_0629.npz,0,airplane,0,airplane,1,0.999288,0 29 26 8 31,airplane sink plant chair stairs
3,3,/home/udays/geometric_deep_learning/data/processed/airplane/test/airplane_0630.npz,0,airplane,0,airplane,1,0.999999,0 29 31 17 26,airplane sink stairs guitar plant
4,4,/home/udays/geometric_deep_learning/data/processed/airplane/test/airplane_0631.npz,0,airplane,0,airplane,1,0.999763,0 29 26 2 7,airplane sink plant bed car
5,5,/home/udays/geometric_deep_learning/data/processed/airplane/test/airplane_0632.npz,0,airplane,0,airplane,1,0.999995,0 29 31 26 7,airplane sink stairs plant car
6,6,/home/udays/geometric_deep_learning/data/processed/airplane/test/airplane_0633.npz,0,airplane,0,airplane,1,0.999999,0 29 31 17 2,airplane sink stairs guitar bed
7,7,/home/udays/geometric_deep_learning/data/processed/airplane/test/airplane_0634.npz,0,airplane,0,airplane,1,0.999843,0 29 31 3 8,airplane sink stairs bench chair
8,8,/home/udays/geometric_deep_learning/data/processed/airplane/test/airplane_0635.npz,0,airplane,0,airplane,1,0.999998,0 29 31 17 2,airplane sink stairs guitar bed
9,9,/home/udays/geometric_deep_learning/data/processed/airplane/test/airplane_0636.npz,0,airplane,0,airplane,1,0.999999,0 29 31 17 8,airplane sink stairs guitar chair
10,10,/home/udays/geometric_deep_learning/data/processed/airplane/test/airplane_0637.npz,0,airplane,0,airplane,1,0.999971,0 29 31 4 26,airplane sink stairs bookshelf plant
11,11,/home/udays/geometric_deep_learning/data/processed/airplane/test/airplane_0638.npz,0,airplane,0,airplane,1,0.999999,0 29 8 3 26,airplane sink chair bench plant
12,12,/home/udays/geometric_deep_learning/data/processed/airplane/test/airplane_0639.npz,0,airplane,0,airplane,1,0.999955,0 29 31 26 3,airplane sink stairs plant bench
13,13,/home/udays/geometric_deep_learning/data/processed/airplane/test/airplane_0640.npz,0,airplane,0,airplane,1,0.999999,0 29 2 31 30,airplane sink bed stairs sofa
14,14,/home/udays/geometric_deep_learning/data/processed/airplane/test/airplane_0641.npz,0,airplane,0,airplane,1,0.999989,0 29 12 2 8,airplane sink desk bed chair
15,15,/home/udays/geometric_deep_learning/data/processed/airplane/test/airplane_0642.npz,0,airplane,0,airplane,1,0.999999,0 29 17 31 2,airplane sink guitar stairs bed
16,16,/home/udays/geometric_deep_learning/data/processed/airplane/test/airplane_0643.npz,0,airplane,0,airplane,1,0.999995,0 29 4 31 26,airplane sink bookshelf stairs plant
17,17,/home/udays/geometric_deep_learning/data/processed/airplane/test/airplane_0644.npz,0,airplane,0,airplane,1,0.999999,0 29 31 26 2,airplane sink stairs plant bed
18,18,/home/udays/geometric_deep_learning/data/processed/airplane/test/airplane_0645.npz,0,airplane,0,airplane,1,1.000000,0 29 31 26 8,airplane sink stairs plant chair
19,19,/home/udays/geometric_deep_learning/data/processed/airplane/test/airplane_0646.npz,0,airplane,0,airplane,1,0.999985,0 29 26 31 2,airplane sink plant stairs bed
20,20,/home/udays/geometric_deep_learning/data/processed/airplane/test/airplane_0647.npz,0,airplane,0,airplane,1,0.999997,0 29 4 31 26,airplane sink bookshelf stairs plant
21,21,/home/udays/geometric_deep_learning/data/processed/airplane/test/airplane_0648.npz,0,airplane,0,airplane,1,0.999987,0 29 2 31 3,airplane sink bed stairs bench
22,22,/home/udays/geometric_deep_learning/data/processed/airplane/test/airplane_0649.npz,0,airplane,0,airplane,1,0.999977,0 29 31 8 3,airplane sink stairs chair bench
23,23,/home/udays/geometric_deep_learning/data/processed/airplane/test/airplane_0650.npz,0,airplane,0,airplane,1,1.000000,0 29 31 17 2,airplane sink stairs guitar bed
24,24,/home/udays/geometric_deep_learning/data/processed/airplane/test/airplane_0651.npz,0,airplane,0,airplane,1,0.999999,0 29 17 31 26,airplane sink guitar stairs plant
25,25,/home/udays/geometric_deep_learning/data/processed/airplane/test/airplane_0652.npz,0,airplane,0,airplane,1,0.999976,0 29 31 2 26,airplane sink stairs bed plant
26,26,/home/udays/geometric_deep_learning/data/processed/airplane/test/airplane_0653.npz,0,airplane,0,airplane,1,0.999995,0 29 17 31 2,airplane sink guitar stairs bed
27,27,/home/udays/geometric_deep_learning/data/processed/airplane/test/airplane_0654.npz,0,airplane,0,airplane,1,0.999994,0 29 17 31 3,airplane sink guitar stairs bench
28,28,/home/udays/geometric_deep_learning/data/processed/airplane/test/airplane_0655.npz,0,airplane,0,airplane,1,0.999993,0 29 31 3 4,airplane sink stairs bench bookshelf
29,29,/home/udays/geometric_deep_learning/data/processed/airplane/test/airplane_0656.npz,0,airplane,0,airplane,1,0.999995,0 4 29 31 3,airplane bookshelf sink stairs bench
30,30,/home/udays/geometric_deep_learning/data/processed/airplane/test/airplane_0657.npz,0,airplane,0,airplane,1,0.999756,0 29 31 26 8,airplane sink stairs plant chair
31,31,/home/udays/geometric_deep_learning/data/processed/airplane/test/airplane_0658.npz,0,airplane,0,airplane,1,0.999993,0 29 31 4 3,airplane sink stairs bookshelf bench
32,32,/home/udays/geometric_deep_learning/data/processed/airplane/test/airplane_0659.npz,0,airplane,0,airplane,1,0.999988,0 29 26 31 8,airplane sink plant stairs chair
33,33,/home/udays/geometric_deep_learning/data/processed/airplane/test/airplane_0660.npz,0,airplane,0,airplane,1,0.999998,0 29 2 31 8,airplane sink bed stairs chair
34,34,/home/udays/geometric_deep_learning/data/processed/airplane/test/airplane_0661.npz,0,airplane,0,airplane,1,0.999994,0 29 31 3 12,airplane sink stairs bench desk
35,35,/home/udays/geometric_deep_learning/data/processed/airplane/test/airplane_0662.npz,0,airplane,0,airplane,1,0.999715,0 29 2 31 3,airplane sink bed stairs bench
36,36,/home/udays/geometric_deep_learning/data/processed/airplane/test/airplane_0663.npz,0,airplane,0,airplane,1,1.000000,0 29 17 31 26,airplane sink guitar stairs plant
37,37,/home/udays/geometric_deep_learning/data/processed/airplane/test/airplane_0664.npz,0,airplane,0,airplane,1,0.999999,0 29 17 3 12,airplane sink guitar bench desk
38,38,/home/udays/geometric_deep_learning/data/processed/airplane/test/airplane_0665.npz,0,airplane,0,airplane,1,0.999993,0 29 31 17 26,airplane sink stairs guitar plant
39,39,/home/udays/geometric_deep_learning/data/processed/airplane/test/airplane_0666.npz,0,airplane,0,airplane,1,0.999987,0 29 31 2 4,airplane sink stairs bed bookshelf
40,40,/home/udays/geometric_deep_learning/data/processed/airplane/test/airplane_0667.npz,0,airplane,0,airplane,1,0.999998,0 29 31 17 2,airplane sink stairs guitar bed
41,41,/home/udays/geometric_deep_learning/data/processed/airplane/test/airplane_0668.npz,0,airplane,0,airplane,1,1.000000,0 29 31 17 2,airplane sink stairs guitar bed
42,42,/home/udays/geometric_deep_learning/data/processed/airplane/test/airplane_0669.npz,0,airplane,0,airplane,1,0.999999,0 29 17 2 31,airplane sink guitar bed stairs
43,43,/home/udays/geometric_deep_learning/data/processed/airplane/test/airplane_0670.npz,0,airplane,0,airplane,1,0.999986,0 29 31 26 3,airplane sink stairs plant bench
44,44,/home/udays/geometric_deep_learning/data/processed/airplane/test/airplane_0671.npz,0,airplane,0,airplane,1,0.999992,0 29 31 8 26,airplane sink stairs chair plant
45,45,/home/udays/geometric_deep_learning/data/processed/airplane/test/airplane_0672.npz,0,airplane,0,airplane,1,0.999982,0 29 31 4 3,airplane sink stairs bookshelf bench
46,46,/home/udays/geometric_deep_learning/data/processed/airplane/test/airplane_0673.npz,0,airplane,0,airplane,1,0.999999,0 29 17 26 31,airplane sink guitar plant stairs
47,47,/home/udays/geometric_deep_learning/data/processed/airplane/test/airplane_0674.npz,0,airplane,0,airplane,1,0.999983,0 29 12 4 31,airplane sink desk bookshelf stairs
48,48,/home/udays/geometric_deep_learning/data/processed/airplane/test/airplane_0675.npz,0,airplane,0,airplane,1,0.999998,0 29 17 31 8,airplane sink guitar stairs chair
49,49,/home/udays/geometric_deep_learning/data/processed/airplane/test/airplane_0676.npz,0,airplane,0,airplane,1,0.999999,0 29 4 31 26,airplane sink bookshelf stairs plant
50,50,/home/udays/geometric_deep_learning/data/processed/airplane/test/airplane_0677.npz,0,airplane,0,airplane,1,0.999991,0 29 3 12 31,airplane sink bench desk stairs
51,51,/home/udays/geometric_deep_learning/data/processed/airplane/test/airplane_0678.npz,0,airplane,0,airplane,1,0.999999,0 29 31 2 17,airplane sink stairs bed guitar
52,52,/home/udays/geometric_deep_learning/data/processed/airplane/test/airplane_0679.npz,0,airplane,0,airplane,1,0.999993,0 29 31 26 17,airplane sink stairs plant guitar
53,53,/home/udays/geometric_deep_learning/data/processed/airplane/test/airplane_0680.npz,0,airplane,0,airplane,1,0.999997,0 31 29 26 30,airplane stairs sink plant sofa
54,54,/home/udays/geometric_deep_learning/data/processed/airplane/test/airplane_0681.npz,0,airplane,0,airplane,1,0.999996,0 29 31 17 2,airplane sink stairs guitar bed
55,55,/home/udays/geometric_deep_learning/data/processed/airplane/test/airplane_0682.npz,0,airplane,0,airplane,1,0.999999,0 29 2 31 26,airplane sink bed stairs plant
56,56,/home/udays/geometric_deep_learning/data/processed/airplane/test/airplane_0683.npz,0,airplane,0,airplane,1,0.999994,0 29 31 26 8,airplane sink stairs plant chair
57,57,/home/udays/geometric_deep_learning/data/processed/airplane/test/airplane_0684.npz,0,airplane,0,airplane,1,1.000000,0 29 17 31 4,airplane sink guitar stairs bookshelf
58,58,/home/udays/geometric_deep_learning/data/processed/airplane/test/airplane_0685.npz,0,airplane,0,airplane,1,0.999883,0 29 31 17 3,airplane sink stairs guitar bench
59,59,/home/udays/geometric_deep_learning/data/processed/airplane/test/airplane_0686.npz,0,airplane,0,airplane,1,0.999999,0 29 31 26 4,airplane sink stairs plant bookshelf
60,60,/home/udays/geometric_deep_learning/data/processed/airplane/test/airplane_0687.npz,0,airplane,0,airplane,1,0.999999,0 29 31 2 3,airplane sink stairs bed bench
61,61,/home/udays/geometric_deep_learning/data/processed/airplane/test/airplane_0688.npz,0,airplane,0,airplane,1,0.999982,0 29 2 31 8,airplane sink bed stairs chair
62,62,/home/udays/geometric_deep_learning/data/processed/airplane/test/airplane_0689.npz,0,airplane,0,airplane,1,0.999998,0 29 17 31 2,airplane sink guitar stairs bed
63,63,/home/udays/geometric_deep_learning/data/processed/airplane/test/airplane_0690.npz,0,airplane,0,airplane,1,0.999999,0 29 26 31 2,airplane sink plant stairs bed
64,64,/home/udays/geometric_deep_learning/data/processed/airplane/test/airplane_0691.npz,0,airplane,0,airplane,1,0.999998,0 29 2 17 31,airplane sink bed guitar stairs
65,65,/home/udays/geometric_deep_learning/data/processed/airplane/test/airplane_0692.npz,0,airplane,0,airplane,1,0.999995,0 29 31 17 3,airplane sink stairs guitar bench
66,66,/home/udays/geometric_deep_learning/data/processed/airplane/test/airplane_0693.npz,0,airplane,0,airplane,1,0.999996,0 29 31 26 8,airplane sink stairs plant chair
67,67,/home/udays/geometric_deep_learning/data/processed/airplane/test/airplane_0694.npz,0,airplane,0,airplane,1,0.999978,0 29 31 3 30,airplane sink stairs bench sofa
68,68,/home/udays/geometric_deep_learning/data/processed/airplane/test/airplane_0695.npz,0,airplane,0,airplane,1,0.999998,0 29 31 30 17,airplane sink stairs sofa guitar
69,69,/home/udays/geometric_deep_learning/data/processed/airplane/test/airplane_0696.npz,0,airplane,0,airplane,1,0.999990,0 29 31 17 3,airplane sink stairs guitar bench
70,70,/home/udays/geometric_deep_learning/data/processed/airplane/test/airplane_0697.npz,0,airplane,0,airplane,1,1.000000,0 29 17 26 31,airplane sink guitar plant stairs
71,71,/home/udays/geometric_deep_learning/data/processed/airplane/test/airplane_0698.npz,0,airplane,0,airplane,1,0.999999,0 29 17 11 20,airplane sink guitar curtain laptop
72,72,/home/udays/geometric_deep_learning/data/processed/airplane/test/airplane_0699.npz,0,airplane,0,airplane,1,0.999981,0 29 31 17 2,airplane sink stairs guitar bed
73,73,/home/udays/geometric_deep_learning/data/processed/airplane/test/airplane_0700.npz,0,airplane,0,airplane,1,0.999996,0 29 17 31 26,airplane sink guitar stairs plant
74,74,/home/udays/geometric_deep_learning/data/processed/airplane/test/airplane_0701.npz,0,airplane,0,airplane,1,0.999988,0 29 31 2 26,airplane sink stairs bed plant
75,75,/home/udays/geometric_deep_learning/data/processed/airplane/test/airplane_0702.npz,0,airplane,0,airplane,1,0.999996,0 29 31 4 17,airplane sink stairs bookshelf guitar
76,76,/home/udays/geometric_deep_learning/data/processed/airplane/test/airplane_0703.npz,0,airplane,0,airplane,1,0.999971,0 29 31 2 17,airplane sink stairs bed guitar
77,77,/home/udays/geometric_deep_learning/data/processed/airplane/test/airplane_0704.npz,0,airplane,0,airplane,1,1.000000,0 29 17 31 4,airplane sink guitar stairs bookshelf
78,78,/home/udays/geometric_deep_learning/data/processed/airplane/test/airplane_0705.npz,0,airplane,0,airplane,1,0.999998,0 29 31 17 4,airplane sink stairs guitar bookshelf
79,79,/home/udays/geometric_deep_learning/data/processed/airplane/test/airplane_0706.npz,0,airplane,0,airplane,1,0.999996,0 29 31 2 8,airplane sink stairs bed chair
80,80,/home/udays/geometric_deep_learning/data/processed/airplane/test/airplane_0707.npz,0,airplane,0,airplane,1,0.999939,0 29 31 2 26,airplane sink stairs bed plant
81,81,/home/udays/geometric_deep_learning/data/processed/airplane/test/airplane_0708.npz,0,airplane,0,airplane,1,0.999998,0 29 31 26 2,airplane sink stairs plant bed
82,82,/home/udays/geometric_deep_learning/data/processed/airplane/test/airplane_0709.npz,0,airplane,0,airplane,1,0.999915,0 29 2 31 8,airplane sink bed stairs chair
83,83,/home/udays/geometric_deep_learning/data/processed/airplane/test/airplane_0710.npz,0,airplane,0,airplane,1,0.999999,0 29 7 31 26,airplane sink car stairs plant
84,84,/home/udays/geometric_deep_learning/data/processed/airplane/test/airplane_0711.npz,0,airplane,0,airplane,1,0.999990,0 29 31 2 17,airplane sink stairs bed guitar
85,85,/home/udays/geometric_deep_learning/data/processed/airplane/test/airplane_0712.npz,0,airplane,0,airplane,1,0.999988,0 29 31 30 3,airplane sink stairs sofa bench
86,86,/home/udays/geometric_deep_learning/data/processed/airplane/test/airplane_0713.npz,0,airplane,0,airplane,1,0.999998,0 29 17 31 2,airplane sink guitar stairs bed
87,87,/home/udays/geometric_deep_learning/data/processed/airplane/test/airplane_0714.npz,0,airplane,0,airplane,1,0.999968,0 29 31 2 26,airplane sink stairs bed plant
88,88,/home/udays/geometric_deep_learning/data/processed/airplane/test/airplane_0715.npz,0,airplane,0,airplane,1,0.999995,0 29 8 31 7,airplane sink chair stairs car
89,89,/home/udays/geometric_deep_learning/data/processed/airplane/test/airplane_0716.npz,0,airplane,0,airplane,1,1.000000,0 29 31 26 12,airplane sink stairs plant desk
90,90,/home/udays/geometric_deep_learning/data/processed/airplane/test/airplane_0717.npz,0,airplane,0,airplane,1,0.999998,0 29 17 2 3,airplane sink guitar bed bench
91,91,/home/udays/geometric_deep_learning/data/processed/airplane/test/airplane_0718.npz,0,airplane,0,airplane,1,1.000000,0 29 2 26 31,airplane sink bed plant stairs
92,92,/home/udays/geometric_deep_learning/data/processed/airplane/test/airplane_0719.npz,0,airplane,0,airplane,1,0.999998,0 29 2 17 3,airplane sink bed guitar bench
93,93,/home/udays/geometric_deep_learning/data/processed/airplane/test/airplane_0720.npz,0,airplane,0,airplane,1,0.999999,0 29 31 2 17,airplane sink stairs bed guitar
94,94,/home/udays/geometric_deep_learning/data/processed/airplane/test/airplane_0721.npz,0,airplane,0,airplane,1,1.000000,0 29 17 31 26,airplane sink guitar stairs plant
95,95,/home/udays/geometric_deep_learning/data/processed/airplane/test/airplane_0722.npz,0,airplane,0,airplane,1,0.999999,0 29 17 2 31,airplane sink guitar bed stairs
96,96,/home/udays/geometric_deep_learning/data/processed/airplane/test/airplane_0723.npz,0,airplane,0,airplane,1,0.999999,0 29 31 26 8,airplane sink stairs plant chair
97,97,/home/udays/geometric_deep_learning/data/processed/airplane/test/airplane_0724.npz,0,airplane,0,airplane,1,0.999985,0 29 31 4 26,airplane sink stairs bookshelf plant
98,98,/home/udays/geometric_deep_learning/data/processed/airplane/test/airplane_0725.npz,0,airplane,0,airplane,1,0.999991,0 29 31 3 4,airplane sink stairs bench bookshelf
99,99,/home/udays/geometric_deep_learning/data/processed/airplane/test/airplane_0726.npz,0,airplane,0,airplane,1,1.000000,0 29 12 8 26,airplane sink desk chair plant
100,100,/home/udays/geometric_deep_learning/data/processed/bathtub/test/bathtub_0107.npz,1,bathtub,1,bathtub,1,0.684471,1 15 29 6 10,bathtub flower_pot sink bowl cup
101,101,/home/udays/geometric_deep_learning/data/processed/bathtub/test/bathtub_0108.npz,1,bathtub,1,bathtub,1,0.863512,1 16 29 6 27,bathtub glass_box sink bowl radio
102,102,/home/udays/geometric_deep_learning/data/processed/bathtub/test/bathtub_0109.npz,1,bathtub,1,bathtub,1,0.944854,1 29 6 15 16,bathtub sink bowl flower_pot glass_box
103,103,/home/udays/geometric_deep_learning/data/processed/bathtub/test/bathtub_0110.npz,1,bathtub,1,bathtub,1,0.653522,1 29 16 6 15,bathtub sink glass_box bowl flower_pot
104,104,/home/udays/geometric_deep_learning/data/processed/bathtub/test/bathtub_0111.npz,1,bathtub,2,bed,0,0.484534,2 1 30 29 10,bed bathtub sofa sink cup
105,105,/home/udays/geometric_deep_learning/data/processed/bathtub/test/bathtub_0112.npz,1,bathtub,1,bathtub,1,0.850097,1 29 16 15 35,bathtub sink glass_box flower_pot toilet
106,106,/home/udays/geometric_deep_learning/data/processed/bathtub/test/bathtub_0113.npz,1,bathtub,1,bathtub,1,0.953594,1 29 16 15 7,bathtub sink glass_box flower_pot car
107,107,/home/udays/geometric_deep_learning/data/processed/bathtub/test/bathtub_0114.npz,1,bathtub,1,bathtub,1,0.961942,1 15 35 29 6,bathtub flower_pot toilet sink bowl
108,108,/home/udays/geometric_deep_learning/data/processed/bathtub/test/bathtub_0115.npz,1,bathtub,1,bathtub,1,0.543880,1 29 16 6 15,bathtub sink glass_box bowl flower_pot
109,109,/home/udays/geometric_deep_learning/data/processed/bathtub/test/bathtub_0116.npz,1,bathtub,1,bathtub,1,0.954135,1 29 16 15 6,bathtub sink glass_box flower_pot bowl
110,110,/home/udays/geometric_deep_learning/data/processed/bathtub/test/bathtub_0117.npz,1,bathtub,6,bowl,0,0.868904,6 15 29 1 37,bowl flower_pot sink bathtub vase
111,111,/home/udays/geometric_deep_learning/data/processed/bathtub/test/bathtub_0118.npz,1,bathtub,1,bathtub,1,0.943144,1 29 15 6 16,bathtub sink flower_pot bowl glass_box
112,112,/home/udays/geometric_deep_learning/data/processed/bathtub/test/bathtub_0119.npz,1,bathtub,1,bathtub,1,0.947362,1 29 15 6 10,bathtub sink flower_pot bowl cup
113,113,/home/udays/geometric_deep_learning/data/processed/bathtub/test/bathtub_0120.npz,1,bathtub,1,bathtub,1,0.594707,1 29 6 16 15,bathtub sink bowl glass_box flower_pot
114,114,/home/udays/geometric_deep_learning/data/processed/bathtub/test/bathtub_0121.npz,1,bathtub,1,bathtub,1,0.958459,1 29 16 6 15,bathtub sink glass_box bowl flower_pot
115,115,/home/udays/geometric_deep_learning/data/processed/bathtub/test/bathtub_0122.npz,1,bathtub,15,flower_pot,0,0.525705,15 1 37 6 10,flower_pot bathtub vase bowl cup
116,116,/home/udays/geometric_deep_learning/data/processed/bathtub/test/bathtub_0123.npz,1,bathtub,29,sink,0,0.485889,29 1 2 35 15,sink bathtub bed toilet flower_pot
117,117,/home/udays/geometric_deep_learning/data/processed/bathtub/test/bathtub_0124.npz,1,bathtub,1,bathtub,1,0.470857,1 29 16 15 6,bathtub sink glass_box flower_pot bowl
118,118,/home/udays/geometric_deep_learning/data/processed/bathtub/test/bathtub_0125.npz,1,bathtub,1,bathtub,1,0.506382,1 29 15 10 16,bathtub sink flower_pot cup glass_box
119,119,/home/udays/geometric_deep_learning/data/processed/bathtub/test/bathtub_0126.npz,1,bathtub,29,sink,0,0.589103,29 1 16 6 27,sink bathtub glass_box bowl radio
120,120,/home/udays/geometric_deep_learning/data/processed/bathtub/test/bathtub_0127.npz,1,bathtub,6,bowl,0,0.985509,6 29 1 27 15,bowl sink bathtub radio flower_pot
121,121,/home/udays/geometric_deep_learning/data/processed/bathtub/test/bathtub_0128.npz,1,bathtub,1,bathtub,1,0.909137,1 29 15 35 6,bathtub sink flower_pot toilet bowl
122,122,/home/udays/geometric_deep_learning/data/processed/bathtub/test/bathtub_0129.npz,1,bathtub,29,sink,0,0.554466,29 1 16 15 35,sink bathtub glass_box flower_pot toilet
123,123,/home/udays/geometric_deep_learning/data/processed/bathtub/test/bathtub_0130.npz,1,bathtub,1,bathtub,1,0.606622,1 29 15 6 10,bathtub sink flower_pot bowl cup
124,124,/home/udays/geometric_deep_learning/data/processed/bathtub/test/bathtub_0131.npz,1,bathtub,1,bathtub,1,0.907418,1 29 16 15 6,bathtub sink glass_box flower_pot bowl
125,125,/home/udays/geometric_deep_learning/data/processed/bathtub/test/bathtub_0132.npz,1,bathtub,1,bathtub,1,0.884798,1 29 16 6 15,bathtub sink glass_box bowl flower_pot
126,126,/home/udays/geometric_deep_learning/data/processed/bathtub/test/bathtub_0133.npz,1,bathtub,1,bathtub,1,0.895163,1 29 16 6 15,bathtub sink glass_box bowl flower_pot
127,127,/home/udays/geometric_deep_learning/data/processed/bathtub/test/bathtub_0134.npz,1,bathtub,2,bed,0,0.673736,2 1 6 29 15,bed bathtub bowl sink flower_pot
128,128,/home/udays/geometric_deep_learning/data/processed/bathtub/test/bathtub_0135.npz,1,bathtub,1,bathtub,1,0.954816,1 15 29 6 10,bathtub flower_pot sink bowl cup
129,129,/home/udays/geometric_deep_learning/data/processed/bathtub/test/bathtub_0136.npz,1,bathtub,1,bathtub,1,0.363170,1 16 29 6 27,bathtub glass_box sink bowl radio
130,130,/home/udays/geometric_deep_learning/data/processed/bathtub/test/bathtub_0137.npz,1,bathtub,1,bathtub,1,0.839563,1 29 16 6 15,bathtub sink glass_box bowl flower_pot
131,131,/home/udays/geometric_deep_learning/data/processed/bathtub/test/bathtub_0138.npz,1,bathtub,27,radio,0,0.205372,27 3 36 1 6,radio bench tv_stand bathtub bowl
132,132,/home/udays/geometric_deep_learning/data/processed/bathtub/test/bathtub_0139.npz,1,bathtub,2,bed,0,0.736973,2 27 6 29 1,bed radio bowl sink bathtub
133,133,/home/udays/geometric_deep_learning/data/processed/bathtub/test/bathtub_0140.npz,1,bathtub,1,bathtub,1,0.802568,1 6 15 29 37,bathtub bowl flower_pot sink vase
134,134,/home/udays/geometric_deep_learning/data/processed/bathtub/test/bathtub_0141.npz,1,bathtub,1,bathtub,1,0.937387,1 29 15 35 30,bathtub sink flower_pot toilet sofa
135,135,/home/udays/geometric_deep_learning/data/processed/bathtub/test/bathtub_0142.npz,1,bathtub,1,bathtub,1,0.552435,1 6 15 29 10,bathtub bowl flower_pot sink cup
136,136,/home/udays/geometric_deep_learning/data/processed/bathtub/test/bathtub_0143.npz,1,bathtub,1,bathtub,1,0.750763,1 6 29 15 16,bathtub bowl sink flower_pot glass_box
137,137,/home/udays/geometric_deep_learning/data/processed/bathtub/test/bathtub_0144.npz,1,bathtub,1,bathtub,1,0.813811,1 6 15 29 16,bathtub bowl flower_pot sink glass_box
138,138,/home/udays/geometric_deep_learning/data/processed/bathtub/test/bathtub_0145.npz,1,bathtub,1,bathtub,1,0.388336,1 6 29 15 10,bathtub bowl sink flower_pot cup
139,139,/home/udays/geometric_deep_learning/data/processed/bathtub/test/bathtub_0146.npz,1,bathtub,1,bathtub,1,0.983987,1 29 15 6 30,bathtub sink flower_pot bowl sofa
140,140,/home/udays/geometric_deep_learning/data/processed/bathtub/test/bathtub_0147.npz,1,bathtub,1,bathtub,1,0.942321,1 29 16 6 15,bathtub sink glass_box bowl flower_pot
141,141,/home/udays/geometric_deep_learning/data/processed/bathtub/test/bathtub_0148.npz,1,bathtub,6,bowl,0,0.493955,6 1 15 37 29,bowl bathtub flower_pot vase sink
142,142,/home/udays/geometric_deep_learning/data/processed/bathtub/test/bathtub_0149.npz,1,bathtub,29,sink,0,0.522605,29 1 6 15 10,sink bathtub bowl flower_pot cup
143,143,/home/udays/geometric_deep_learning/data/processed/bathtub/test/bathtub_0150.npz,1,bathtub,1,bathtub,1,0.851321,1 6 29 15 16,bathtub bowl sink flower_pot glass_box
144,144,/home/udays/geometric_deep_learning/data/processed/bathtub/test/bathtub_0151.npz,1,bathtub,1,bathtub,1,0.783003,1 29 16 15 6,bathtub sink glass_box flower_pot bowl
145,145,/home/udays/geometric_deep_learning/data/processed/bathtub/test/bathtub_0152.npz,1,bathtub,1,bathtub,1,0.946192,1 29 16 15 30,bathtub sink glass_box flower_pot sofa
146,146,/home/udays/geometric_deep_learning/data/processed/bathtub/test/bathtub_0153.npz,1,bathtub,1,bathtub,1,0.680671,1 29 15 35 6,bathtub sink flower_pot toilet bowl
147,147,/home/udays/geometric_deep_learning/data/processed/bathtub/test/bathtub_0154.npz,1,bathtub,1,bathtub,1,0.985128,1 29 15 6 10,bathtub sink flower_pot bowl cup
148,148,/home/udays/geometric_deep_learning/data/processed/bathtub/test/bathtub_0155.npz,1,bathtub,1,bathtub,1,0.868728,1 6 29 15 10,bathtub bowl sink flower_pot cup
149,149,/home/udays/geometric_deep_learning/data/processed/bathtub/test/bathtub_0156.npz,1,bathtub,1,bathtub,1,0.988025,1 29 15 6 16,bathtub sink flower_pot bowl glass_box
150,150,/home/udays/geometric_deep_learning/data/processed/bed/test/bed_0516.npz,2,bed,2,bed,1,0.516069,2 12 8 3 25,bed desk chair bench piano
151,151,/home/udays/geometric_deep_learning/data/processed/bed/test/bed_0517.npz,2,bed,2,bed,1,0.999971,2 3 33 30 8,bed bench table sofa chair
152,152,/home/udays/geometric_deep_learning/data/processed/bed/test/bed_0518.npz,2,bed,2,bed,1,0.999425,2 30 23 7 28,bed sofa night_stand car range_hood
153,153,/home/udays/geometric_deep_learning/data/processed/bed/test/bed_0519.npz,2,bed,2,bed,1,0.998289,2 8 3 25 30,bed chair bench piano sofa
154,154,/home/udays/geometric_deep_learning/data/processed/bed/test/bed_0520.npz,2,bed,2,bed,1,0.995253,2 3 33 25 30,bed bench table piano sofa
155,155,/home/udays/geometric_deep_learning/data/processed/bed/test/bed_0521.npz,2,bed,2,bed,1,0.999976,2 3 30 25 33,bed bench sofa piano table
156,156,/home/udays/geometric_deep_learning/data/processed/bed/test/bed_0522.npz,2,bed,2,bed,1,0.999860,2 30 3 36 23,bed sofa bench tv_stand night_stand
157,157,/home/udays/geometric_deep_learning/data/processed/bed/test/bed_0523.npz,2,bed,2,bed,1,0.999874,2 29 3 20 27,bed sink bench laptop radio
158,158,/home/udays/geometric_deep_learning/data/processed/bed/test/bed_0524.npz,2,bed,2,bed,1,0.999999,2 3 30 23 8,bed bench sofa night_stand chair
159,159,/home/udays/geometric_deep_learning/data/processed/bed/test/bed_0525.npz,2,bed,2,bed,1,0.981267,2 3 30 36 33,bed bench sofa tv_stand table
160,160,/home/udays/geometric_deep_learning/data/processed/bed/test/bed_0526.npz,2,bed,2,bed,1,0.999941,2 3 30 25 33,bed bench sofa piano table
161,161,/home/udays/geometric_deep_learning/data/processed/bed/test/bed_0527.npz,2,bed,2,bed,1,0.997465,2 27 3 36 20,bed radio bench tv_stand laptop
162,162,/home/udays/geometric_deep_learning/data/processed/bed/test/bed_0528.npz,2,bed,2,bed,1,0.999994,2 3 30 33 25,bed bench sofa table piano
163,163,/home/udays/geometric_deep_learning/data/processed/bed/test/bed_0529.npz,2,bed,2,bed,1,0.991226,2 3 33 36 30,bed bench table tv_stand sofa
164,164,/home/udays/geometric_deep_learning/data/processed/bed/test/bed_0530.npz,2,bed,2,bed,1,0.999934,2 30 8 23 3,bed sofa chair night_stand bench
165,165,/home/udays/geometric_deep_learning/data/processed/bed/test/bed_0531.npz,2,bed,2,bed,1,0.998952,2 30 8 20 23,bed sofa chair laptop night_stand
166,166,/home/udays/geometric_deep_learning/data/processed/bed/test/bed_0532.npz,2,bed,2,bed,1,0.999822,2 3 30 8 25,bed bench sofa chair piano
167,167,/home/udays/geometric_deep_learning/data/processed/bed/test/bed_0533.npz,2,bed,2,bed,1,0.999932,2 30 3 8 20,bed sofa bench chair laptop
168,168,/home/udays/geometric_deep_learning/data/processed/bed/test/bed_0534.npz,2,bed,2,bed,1,0.996927,2 30 8 3 25,bed sofa chair bench piano
169,169,/home/udays/geometric_deep_learning/data/processed/bed/test/bed_0535.npz,2,bed,2,bed,1,0.999977,2 30 3 23 25,bed sofa bench night_stand piano
170,170,/home/udays/geometric_deep_learning/data/processed/bed/test/bed_0536.npz,2,bed,2,bed,1,0.943398,2 3 33 25 36,bed bench table piano tv_stand
171,171,/home/udays/geometric_deep_learning/data/processed/bed/test/bed_0537.npz,2,bed,2,bed,1,0.984578,2 30 3 36 33,bed sofa bench tv_stand table
172,172,/home/udays/geometric_deep_learning/data/processed/bed/test/bed_0538.npz,2,bed,2,bed,1,0.999812,2 30 3 36 23,bed sofa bench tv_stand night_stand
173,173,/home/udays/geometric_deep_learning/data/processed/bed/test/bed_0539.npz,2,bed,2,bed,1,0.999990,2 3 30 33 23,bed bench sofa table night_stand
174,174,/home/udays/geometric_deep_learning/data/processed/bed/test/bed_0540.npz,2,bed,2,bed,1,0.999959,2 3 33 30 36,bed bench table sofa tv_stand
175,175,/home/udays/geometric_deep_learning/data/processed/bed/test/bed_0541.npz,2,bed,2,bed,1,0.999997,2 30 8 3 23,bed sofa chair bench night_stand
176,176,/home/udays/geometric_deep_learning/data/processed/bed/test/bed_0542.npz,2,bed,2,bed,1,0.981652,2 3 36 33 27,bed bench tv_stand table radio
177,177,/home/udays/geometric_deep_learning/data/processed/bed/test/bed_0543.npz,2,bed,2,bed,1,0.995363,2 25 3 8 30,bed piano bench chair sofa
178,178,/home/udays/geometric_deep_learning/data/processed/bed/test/bed_0544.npz,2,bed,2,bed,1,0.845275,2 3 25 30 33,bed bench piano sofa table
179,179,/home/udays/geometric_deep_learning/data/processed/bed/test/bed_0545.npz,2,bed,2,bed,1,0.999298,2 3 30 33 36,bed bench sofa table tv_stand
180,180,/home/udays/geometric_deep_learning/data/processed/bed/test/bed_0546.npz,2,bed,2,bed,1,0.992685,2 3 8 30 25,bed bench chair sofa piano
181,181,/home/udays/geometric_deep_learning/data/processed/bed/test/bed_0547.npz,2,bed,2,bed,1,0.999972,2 20 30 8 27,bed laptop sofa chair radio
182,182,/home/udays/geometric_deep_learning/data/processed/bed/test/bed_0548.npz,2,bed,2,bed,1,0.999984,2 30 3 23 20,bed sofa bench night_stand laptop
183,183,/home/udays/geometric_deep_learning/data/processed/bed/test/bed_0549.npz,2,bed,2,bed,1,0.999999,2 30 3 33 23,bed sofa bench table night_stand
184,184,/home/udays/geometric_deep_learning/data/processed/bed/test/bed_0550.npz,2,bed,2,bed,1,0.999967,2 20 3 27 30,bed laptop bench radio sofa
185,185,/home/udays/geometric_deep_learning/data/processed/bed/test/bed_0551.npz,2,bed,2,bed,1,0.983621,2 3 30 36 33,bed bench sofa tv_stand table
186,186,/home/udays/geometric_deep_learning/data/processed/bed/test/bed_0552.npz,2,bed,2,bed,1,0.999861,2 8 20 30 23,bed chair laptop sofa night_stand
187,187,/home/udays/geometric_deep_learning/data/processed/bed/test/bed_0553.npz,2,bed,2,bed,1,0.999863,2 3 25 30 8,bed bench piano sofa chair
188,188,/home/udays/geometric_deep_learning/data/processed/bed/test/bed_0554.npz,2,bed,2,bed,1,0.999844,2 3 33 30 36,bed bench table sofa tv_stand
189,189,/home/udays/geometric_deep_learning/data/processed/bed/test/bed_0555.npz,2,bed,2,bed,1,0.999931,2 30 3 36 20,bed sofa bench tv_stand laptop
190,190,/home/udays/geometric_deep_learning/data/processed/bed/test/bed_0556.npz,2,bed,2,bed,1,0.999964,2 20 27 29 3,bed laptop radio sink bench
191,191,/home/udays/geometric_deep_learning/data/processed/bed/test/bed_0557.npz,2,bed,2,bed,1,0.982096,2 25 3 33 34,bed piano bench table tent
192,192,/home/udays/geometric_deep_learning/data/processed/bed/test/bed_0558.npz,2,bed,2,bed,1,0.999988,2 3 30 20 36,bed bench sofa laptop tv_stand
193,193,/home/udays/geometric_deep_learning/data/processed/bed/test/bed_0559.npz,2,bed,2,bed,1,0.999858,2 8 3 30 25,bed chair bench sofa piano
194,194,/home/udays/geometric_deep_learning/data/processed/bed/test/bed_0560.npz,2,bed,2,bed,1,0.999959,2 3 30 27 7,bed bench sofa radio car
195,195,/home/udays/geometric_deep_learning/data/processed/bed/test/bed_0561.npz,2,bed,2,bed,1,0.999995,2 3 30 25 33,bed bench sofa piano table
196,196,/home/udays/geometric_deep_learning/data/processed/bed/test/bed_0562.npz,2,bed,2,bed,1,0.870318,2 25 3 33 30,bed piano bench table sofa
197,197,/home/udays/geometric_deep_learning/data/processed/bed/test/bed_0563.npz,2,bed,2,bed,1,0.999947,2 3 30 36 27,bed bench sofa tv_stand radio
198,198,/home/udays/geometric_deep_learning/data/processed/bed/test/bed_0564.npz,2,bed,2,bed,1,0.813477,2 3 33 25 36,bed bench table piano tv_stand
199,199,/home/udays/geometric_deep_learning/data/processed/bed/test/bed_0565.npz,2,bed,2,bed,1,0.999924,2 29 27 23 3,bed sink radio night_stand bench
200,200,/home/udays/geometric_deep_learning/data/processed/bed/test/bed_0566.npz,2,bed,2,bed,1,0.994548,2 30 36 28 3,bed sofa tv_stand range_hood bench
201,201,/home/udays/geometric_deep_learning/data/processed/bed/test/bed_0567.npz,2,bed,2,bed,1,0.999964,2 3 30 33 36,bed bench sofa table tv_stand
202,202,/home/udays/geometric_deep_learning/data/processed/bed/test/bed_0568.npz,2,bed,2,bed,1,0.999784,2 30 3 25 8,bed sofa bench piano chair
203,203,/home/udays/geometric_deep_learning/data/processed/bed/test/bed_0569.npz,2,bed,2,bed,1,0.999670,2 8 3 25 33,bed chair bench piano table
204,204,/home/udays/geometric_deep_learning/data/processed/bed/test/bed_0570.npz,2,bed,2,bed,1,0.998192,2 3 33 25 36,bed bench table piano tv_stand
205,205,/home/udays/geometric_deep_learning/data/processed/bed/test/bed_0571.npz,2,bed,2,bed,1,0.999894,2 3 27 29 33,bed bench radio sink table
206,206,/home/udays/geometric_deep_learning/data/processed/bed/test/bed_0572.npz,2,bed,2,bed,1,0.999818,2 3 25 30 33,bed bench piano sofa table
207,207,/home/udays/geometric_deep_learning/data/processed/bed/test/bed_0573.npz,2,bed,2,bed,1,0.999952,2 30 3 33 8,bed sofa bench table chair
208,208,/home/udays/geometric_deep_learning/data/processed/bed/test/bed_0574.npz,2,bed,2,bed,1,0.999911,2 30 3 33 8,bed sofa bench table chair
209,209,/home/udays/geometric_deep_learning/data/processed/bed/test/bed_0575.npz,2,bed,2,bed,1,0.999999,2 30 3 23 36,bed sofa bench night_stand tv_stand
210,210,/home/udays/geometric_deep_learning/data/processed/bed/test/bed_0576.npz,2,bed,2,bed,1,0.999447,2 25 3 8 30,bed piano bench chair sofa
211,211,/home/udays/geometric_deep_learning/data/processed/bed/test/bed_0577.npz,2,bed,2,bed,1,0.995858,2 30 3 36 33,bed sofa bench tv_stand table
212,212,/home/udays/geometric_deep_learning/data/processed/bed/test/bed_0578.npz,2,bed,2,bed,1,0.999996,2 30 20 8 23,bed sofa laptop chair night_stand
213,213,/home/udays/geometric_deep_learning/data/processed/bed/test/bed_0579.npz,2,bed,2,bed,1,0.999969,2 30 20 3 36,bed sofa laptop bench tv_stand
214,214,/home/udays/geometric_deep_learning/data/processed/bed/test/bed_0580.npz,2,bed,2,bed,1,0.999579,2 30 3 25 8,bed sofa bench piano chair
215,215,/home/udays/geometric_deep_learning/data/processed/bed/test/bed_0581.npz,2,bed,2,bed,1,0.999876,2 3 27 20 30,bed bench radio laptop sofa
216,216,/home/udays/geometric_deep_learning/data/processed/bed/test/bed_0582.npz,2,bed,2,bed,1,0.999983,2 30 3 23 27,bed sofa bench night_stand radio
217,217,/home/udays/geometric_deep_learning/data/processed/bed/test/bed_0583.npz,2,bed,2,bed,1,0.999909,2 23 30 7 36,bed night_stand sofa car tv_stand
218,218,/home/udays/geometric_deep_learning/data/processed/bed/test/bed_0584.npz,2,bed,2,bed,1,0.999977,2 3 30 36 27,bed bench sofa tv_stand radio
219,219,/home/udays/geometric_deep_learning/data/processed/bed/test/bed_0585.npz,2,bed,2,bed,1,0.999983,2 3 30 33 20,bed bench sofa table laptop
220,220,/home/udays/geometric_deep_learning/data/processed/bed/test/bed_0586.npz,2,bed,2,bed,1,0.999995,2 30 20 3 23,bed sofa laptop bench night_stand
221,221,/home/udays/geometric_deep_learning/data/processed/bed/test/bed_0587.npz,2,bed,2,bed,1,0.999962,2 3 27 29 20,bed bench radio sink laptop
222,222,/home/udays/geometric_deep_learning/data/processed/bed/test/bed_0588.npz,2,bed,2,bed,1,0.990040,2 29 27 36 3,bed sink radio tv_stand bench
223,223,/home/udays/geometric_deep_learning/data/processed/bed/test/bed_0589.npz,2,bed,2,bed,1,0.999980,2 30 3 20 28,bed sofa bench laptop range_hood
224,224,/home/udays/geometric_deep_learning/data/processed/bed/test/bed_0590.npz,2,bed,2,bed,1,0.999216,2 3 36 27 30,bed bench tv_stand radio sofa
225,225,/home/udays/geometric_deep_learning/data/processed/bed/test/bed_0591.npz,2,bed,2,bed,1,0.999626,2 8 30 23 3,bed chair sofa night_stand bench
226,226,/home/udays/geometric_deep_learning/data/processed/bed/test/bed_0592.npz,2,bed,2,bed,1,0.999982,2 30 3 8 23,bed sofa bench chair night_stand
227,227,/home/udays/geometric_deep_learning/data/processed/bed/test/bed_0593.npz,2,bed,2,bed,1,0.999950,2 3 33 36 27,bed bench table tv_stand radio
228,228,/home/udays/geometric_deep_learning/data/processed/bed/test/bed_0594.npz,2,bed,2,bed,1,0.999988,2 3 30 27 23,bed bench sofa radio night_stand
229,229,/home/udays/geometric_deep_learning/data/processed/bed/test/bed_0595.npz,2,bed,27,radio,0,0.762963,27 36 2 3 33,radio tv_stand bed bench table
230,230,/home/udays/geometric_deep_learning/data/processed/bed/test/bed_0596.npz,2,bed,2,bed,1,0.999906,2 3 30 25 33,bed bench sofa piano table
231,231,/home/udays/geometric_deep_learning/data/processed/bed/test/bed_0597.npz,2,bed,2,bed,1,0.999394,2 30 3 8 20,bed sofa bench chair laptop
232,232,/home/udays/geometric_deep_learning/data/processed/bed/test/bed_0598.npz,2,bed,2,bed,1,0.995830,2 29 20 1 30,bed sink laptop bathtub sofa
233,233,/home/udays/geometric_deep_learning/data/processed/bed/test/bed_0599.npz,2,bed,2,bed,1,0.999785,2 3 33 27 36,bed bench table radio tv_stand
234,234,/home/udays/geometric_deep_learning/data/processed/bed/test/bed_0600.npz,2,bed,2,bed,1,0.999994,2 3 33 30 36,bed bench table sofa tv_stand
235,235,/home/udays/geometric_deep_learning/data/processed/bed/test/bed_0601.npz,2,bed,2,bed,1,0.999951,2 3 20 30 29,bed bench laptop sofa sink
236,236,/home/udays/geometric_deep_learning/data/processed/bed/test/bed_0602.npz,2,bed,2,bed,1,0.999992,2 30 3 8 20,bed sofa bench chair laptop
237,237,/home/udays/geometric_deep_learning/data/processed/bed/test/bed_0603.npz,2,bed,2,bed,1,0.997861,2 3 30 25 33,bed bench sofa piano table
238,238,/home/udays/geometric_deep_learning/data/processed/bed/test/bed_0604.npz,2,bed,27,radio,0,0.992766,27 16 34 36 3,radio glass_box tent tv_stand bench
239,239,/home/udays/geometric_deep_learning/data/processed/bed/test/bed_0605.npz,2,bed,2,bed,1,0.999724,2 30 20 3 8,bed sofa laptop bench chair
240,240,/home/udays/geometric_deep_learning/data/processed/bed/test/bed_0606.npz,2,bed,2,bed,1,0.989816,2 3 33 30 25,bed bench table sofa piano
241,241,/home/udays/geometric_deep_learning/data/processed/bed/test/bed_0607.npz,2,bed,2,bed,1,0.999997,2 3 30 8 0,bed bench sofa chair airplane
242,242,/home/udays/geometric_deep_learning/data/processed/bed/test/bed_0608.npz,2,bed,2,bed,1,0.999955,2 3 30 33 25,bed bench sofa table piano
243,243,/home/udays/geometric_deep_learning/data/processed/bed/test/bed_0609.npz,2,bed,2,bed,1,0.999972,2 30 3 27 20,bed sofa bench radio laptop
244,244,/home/udays/geometric_deep_learning/data/processed/bed/test/bed_0610.npz,2,bed,2,bed,1,0.999939,2 3 30 8 33,bed bench sofa chair table
245,245,/home/udays/geometric_deep_learning/data/processed/bed/test/bed_0611.npz,2,bed,2,bed,1,0.999903,2 30 3 36 33,bed sofa bench tv_stand table
246,246,/home/udays/geometric_deep_learning/data/processed/bed/test/bed_0612.npz,2,bed,2,bed,1,0.958022,2 3 30 33 36,bed bench sofa table tv_stand
247,247,/home/udays/geometric_deep_learning/data/processed/bed/test/bed_0613.npz,2,bed,2,bed,1,0.999895,2 3 25 30 33,bed bench piano sofa table
248,248,/home/udays/geometric_deep_learning/data/processed/bed/test/bed_0614.npz,2,bed,2,bed,1,0.866517,2 8 29 23 20,bed chair sink night_stand laptop
249,249,/home/udays/geometric_deep_learning/data/processed/bed/test/bed_0615.npz,2,bed,2,bed,1,0.999698,2 27 3 20 36,bed radio bench laptop tv_stand
250,250,/home/udays/geometric_deep_learning/data/processed/bench/test/bench_0174.npz,3,bench,3,bench,1,0.900532,3 33 25 12 36,bench table piano desk tv_stand
251,251,/home/udays/geometric_deep_learning/data/processed/bench/test/bench_0175.npz,3,bench,3,bench,1,0.754026,3 36 33 4 18,bench tv_stand table bookshelf keyboard
252,252,/home/udays/geometric_deep_learning/data/processed/bench/test/bench_0176.npz,3,bench,3,bench,1,0.823663,3 33 36 34 18,bench table tv_stand tent keyboard
253,253,/home/udays/geometric_deep_learning/data/processed/bench/test/bench_0177.npz,3,bench,3,bench,1,0.999469,3 30 25 4 2,bench sofa piano bookshelf bed
254,254,/home/udays/geometric_deep_learning/data/processed/bench/test/bench_0178.npz,3,bench,30,sofa,0,0.653908,30 3 2 36 12,sofa bench bed tv_stand desk
255,255,/home/udays/geometric_deep_learning/data/processed/bench/test/bench_0179.npz,3,bench,3,bench,1,0.986527,3 30 36 4 2,bench sofa tv_stand bookshelf bed
256,256,/home/udays/geometric_deep_learning/data/processed/bench/test/bench_0180.npz,3,bench,30,sofa,0,0.807190,30 3 2 36 4,sofa bench bed tv_stand bookshelf
257,257,/home/udays/geometric_deep_learning/data/processed/bench/test/bench_0181.npz,3,bench,3,bench,1,0.979523,3 36 25 12 4,bench tv_stand piano desk bookshelf
258,258,/home/udays/geometric_deep_learning/data/processed/bench/test/bench_0182.npz,3,bench,3,bench,1,0.918761,3 30 8 25 36,bench sofa chair piano tv_stand
259,259,/home/udays/geometric_deep_learning/data/processed/bench/test/bench_0183.npz,3,bench,3,bench,1,0.961042,3 8 12 30 36,bench chair desk sofa tv_stand
260,260,/home/udays/geometric_deep_learning/data/processed/bench/test/bench_0184.npz,3,bench,12,desk,0,0.588322,12 36 33 4 3,desk tv_stand table bookshelf bench
261,261,/home/udays/geometric_deep_learning/data/processed/bench/test/bench_0185.npz,3,bench,3,bench,1,0.997878,3 30 36 4 25,bench sofa tv_stand bookshelf piano
262,262,/home/udays/geometric_deep_learning/data/processed/bench/test/bench_0186.npz,3,bench,33,table,0,0.496160,33 3 12 36 25,table bench desk tv_stand piano
263,263,/home/udays/geometric_deep_learning/data/processed/bench/test/bench_0187.npz,3,bench,3,bench,1,0.998095,3 36 33 30 4,bench tv_stand table sofa bookshelf
264,264,/home/udays/geometric_deep_learning/data/processed/bench/test/bench_0188.npz,3,bench,3,bench,1,0.972694,3 33 25 36 37,bench table piano tv_stand vase
265,265,/home/udays/geometric_deep_learning/data/processed/bench/test/bench_0189.npz,3,bench,3,bench,1,0.997949,3 30 25 4 2,bench sofa piano bookshelf bed
266,266,/home/udays/geometric_deep_learning/data/processed/bench/test/bench_0190.npz,3,bench,3,bench,1,0.999278,3 30 4 25 36,bench sofa bookshelf piano tv_stand
267,267,/home/udays/geometric_deep_learning/data/processed/bench/test/bench_0191.npz,3,bench,3,bench,1,0.895104,3 30 2 25 36,bench sofa bed piano tv_stand
268,268,/home/udays/geometric_deep_learning/data/processed/bench/test/bench_0192.npz,3,bench,3,bench,1,0.967525,3 30 12 36 21,bench sofa desk tv_stand mantel
269,269,/home/udays/geometric_deep_learning/data/processed/bench/test/bench_0193.npz,3,bench,22,monitor,0,0.462640,22 20 11 13 34,monitor laptop curtain door tent
270,270,/home/udays/geometric_deep_learning/data/processed/bookshelf/test/bookshelf_0573.npz,4,bookshelf,4,bookshelf,1,0.379150,4 13 11 38 5,bookshelf door curtain wardrobe bottle
271,271,/home/udays/geometric_deep_learning/data/processed/bookshelf/test/bookshelf_0574.npz,4,bookshelf,4,bookshelf,1,0.986256,4 36 38 14 23,bookshelf tv_stand wardrobe dresser night_stand
272,272,/home/udays/geometric_deep_learning/data/processed/bookshelf/test/bookshelf_0575.npz,4,bookshelf,4,bookshelf,1,0.991665,4 36 38 14 23,bookshelf tv_stand wardrobe dresser night_stand
273,273,/home/udays/geometric_deep_learning/data/processed/bookshelf/test/bookshelf_0576.npz,4,bookshelf,4,bookshelf,1,0.906414,4 36 3 12 23,bookshelf tv_stand bench desk night_stand
274,274,/home/udays/geometric_deep_learning/data/processed/bookshelf/test/bookshelf_0577.npz,4,bookshelf,4,bookshelf,1,0.997499,4 36 14 23 38,bookshelf tv_stand dresser night_stand wardrobe
275,275,/home/udays/geometric_deep_learning/data/processed/bookshelf/test/bookshelf_0578.npz,4,bookshelf,4,bookshelf,1,0.971536,4 36 5 14 15,bookshelf tv_stand bottle dresser flower_pot
276,276,/home/udays/geometric_deep_learning/data/processed/bookshelf/test/bookshelf_0579.npz,4,bookshelf,4,bookshelf,1,0.941345,4 36 23 12 14,bookshelf tv_stand night_stand desk dresser
277,277,/home/udays/geometric_deep_learning/data/processed/bookshelf/test/bookshelf_0580.npz,4,bookshelf,4,bookshelf,1,0.525465,4 36 12 23 21,bookshelf tv_stand desk night_stand mantel
278,278,/home/udays/geometric_deep_learning/data/processed/bookshelf/test/bookshelf_0581.npz,4,bookshelf,4,bookshelf,1,0.997786,4 36 38 22 14,bookshelf tv_stand wardrobe monitor dresser
279,279,/home/udays/geometric_deep_learning/data/processed/bookshelf/test/bookshelf_0582.npz,4,bookshelf,4,bookshelf,1,0.999185,4 36 26 31 14,bookshelf tv_stand plant stairs dresser
280,280,/home/udays/geometric_deep_learning/data/processed/bookshelf/test/bookshelf_0583.npz,4,bookshelf,4,bookshelf,1,0.997764,4 36 23 14 38,bookshelf tv_stand night_stand dresser wardrobe
281,281,/home/udays/geometric_deep_learning/data/processed/bookshelf/test/bookshelf_0584.npz,4,bookshelf,4,bookshelf,1,0.979008,4 13 11 38 14,bookshelf door curtain wardrobe dresser
282,282,/home/udays/geometric_deep_learning/data/processed/bookshelf/test/bookshelf_0585.npz,4,bookshelf,4,bookshelf,1,0.625083,4 36 14 3 38,bookshelf tv_stand dresser bench wardrobe
283,283,/home/udays/geometric_deep_learning/data/processed/bookshelf/test/bookshelf_0586.npz,4,bookshelf,4,bookshelf,1,0.998995,4 36 38 14 22,bookshelf tv_stand wardrobe dresser monitor
284,284,/home/udays/geometric_deep_learning/data/processed/bookshelf/test/bookshelf_0587.npz,4,bookshelf,4,bookshelf,1,0.973982,4 36 12 38 23,bookshelf tv_stand desk wardrobe night_stand
285,285,/home/udays/geometric_deep_learning/data/processed/bookshelf/test/bookshelf_0588.npz,4,bookshelf,4,bookshelf,1,0.956218,4 14 36 38 27,bookshelf dresser tv_stand wardrobe radio
286,286,/home/udays/geometric_deep_learning/data/processed/bookshelf/test/bookshelf_0589.npz,4,bookshelf,4,bookshelf,1,0.598807,4 36 23 14 27,bookshelf tv_stand night_stand dresser radio
287,287,/home/udays/geometric_deep_learning/data/processed/bookshelf/test/bookshelf_0590.npz,4,bookshelf,4,bookshelf,1,0.889438,4 38 36 14 5,bookshelf wardrobe tv_stand dresser bottle
288,288,/home/udays/geometric_deep_learning/data/processed/bookshelf/test/bookshelf_0591.npz,4,bookshelf,4,bookshelf,1,0.623412,4 38 14 39 5,bookshelf wardrobe dresser xbox bottle
289,289,/home/udays/geometric_deep_learning/data/processed/bookshelf/test/bookshelf_0592.npz,4,bookshelf,13,door,0,0.891635,13 11 4 37 39,door curtain bookshelf vase xbox
290,290,/home/udays/geometric_deep_learning/data/processed/bookshelf/test/bookshelf_0593.npz,4,bookshelf,4,bookshelf,1,0.995080,4 36 38 23 21,bookshelf tv_stand wardrobe night_stand mantel
291,291,/home/udays/geometric_deep_learning/data/processed/bookshelf/test/bookshelf_0594.npz,4,bookshelf,4,bookshelf,1,0.998893,4 36 38 22 21,bookshelf tv_stand wardrobe monitor mantel
292,292,/home/udays/geometric_deep_learning/data/processed/bookshelf/test/bookshelf_0595.npz,4,bookshelf,4,bookshelf,1,0.516383,4 14 38 37 5,bookshelf dresser wardrobe vase bottle
293,293,/home/udays/geometric_deep_learning/data/processed/bookshelf/test/bookshelf_0596.npz,4,bookshelf,4,bookshelf,1,0.999624,4 36 26 31 29,bookshelf tv_stand plant stairs sink
294,294,/home/udays/geometric_deep_learning/data/processed/bookshelf/test/bookshelf_0597.npz,4,bookshelf,4,bookshelf,1,0.913956,4 22 11 36 38,bookshelf monitor curtain tv_stand wardrobe
295,295,/home/udays/geometric_deep_learning/data/processed/bookshelf/test/bookshelf_0598.npz,4,bookshelf,4,bookshelf,1,0.997818,4 36 38 14 23,bookshelf tv_stand wardrobe dresser night_stand
296,296,/home/udays/geometric_deep_learning/data/processed/bookshelf/test/bookshelf_0599.npz,4,bookshelf,4,bookshelf,1,0.998864,4 36 26 15 14,bookshelf tv_stand plant flower_pot dresser
297,297,/home/udays/geometric_deep_learning/data/processed/bookshelf/test/bookshelf_0600.npz,4,bookshelf,4,bookshelf,1,0.997874,4 36 38 14 23,bookshelf tv_stand wardrobe dresser night_stand
298,298,/home/udays/geometric_deep_learning/data/processed/bookshelf/test/bookshelf_0601.npz,4,bookshelf,4,bookshelf,1,0.997556,4 36 14 38 23,bookshelf tv_stand dresser wardrobe night_stand
299,299,/home/udays/geometric_deep_learning/data/processed/bookshelf/test/bookshelf_0602.npz,4,bookshelf,4,bookshelf,1,0.987781,4 22 38 14 36,bookshelf monitor wardrobe dresser tv_stand
300,300,/home/udays/geometric_deep_learning/data/processed/bookshelf/test/bookshelf_0603.npz,4,bookshelf,4,bookshelf,1,0.969805,4 36 23 38 14,bookshelf tv_stand night_stand wardrobe dresser
301,301,/home/udays/geometric_deep_learning/data/processed/bookshelf/test/bookshelf_0604.npz,4,bookshelf,4,bookshelf,1,0.997288,4 36 38 14 13,bookshelf tv_stand wardrobe dresser door
302,302,/home/udays/geometric_deep_learning/data/processed/bookshelf/test/bookshelf_0605.npz,4,bookshelf,4,bookshelf,1,0.997923,4 36 14 23 38,bookshelf tv_stand dresser night_stand wardrobe
303,303,/home/udays/geometric_deep_learning/data/processed/bookshelf/test/bookshelf_0606.npz,4,bookshelf,4,bookshelf,1,0.992413,4 36 22 38 21,bookshelf tv_stand monitor wardrobe mantel
304,304,/home/udays/geometric_deep_learning/data/processed/bookshelf/test/bookshelf_0607.npz,4,bookshelf,4,bookshelf,1,0.820192,4 14 23 38 36,bookshelf dresser night_stand wardrobe tv_stand
305,305,/home/udays/geometric_deep_learning/data/processed/bookshelf/test/bookshelf_0608.npz,4,bookshelf,4,bookshelf,1,0.991593,4 36 38 14 27,bookshelf tv_stand wardrobe dresser radio
306,306,/home/udays/geometric_deep_learning/data/processed/bookshelf/test/bookshelf_0609.npz,4,bookshelf,4,bookshelf,1,0.972786,4 36 38 14 22,bookshelf tv_stand wardrobe dresser monitor
307,307,/home/udays/geometric_deep_learning/data/processed/bookshelf/test/bookshelf_0610.npz,4,bookshelf,4,bookshelf,1,0.959669,4 22 11 38 14,bookshelf monitor curtain wardrobe dresser
308,308,/home/udays/geometric_deep_learning/data/processed/bookshelf/test/bookshelf_0611.npz,4,bookshelf,4,bookshelf,1,0.860645,4 36 23 14 27,bookshelf tv_stand night_stand dresser radio
309,309,/home/udays/geometric_deep_learning/data/processed/bookshelf/test/bookshelf_0612.npz,4,bookshelf,4,bookshelf,1,0.986023,4 36 21 38 22,bookshelf tv_stand mantel wardrobe monitor
310,310,/home/udays/geometric_deep_learning/data/processed/bookshelf/test/bookshelf_0613.npz,4,bookshelf,4,bookshelf,1,0.995345,4 36 38 14 23,bookshelf tv_stand wardrobe dresser night_stand
311,311,/home/udays/geometric_deep_learning/data/processed/bookshelf/test/bookshelf_0614.npz,4,bookshelf,4,bookshelf,1,0.999830,4 26 36 31 0,bookshelf plant tv_stand stairs airplane
312,312,/home/udays/geometric_deep_learning/data/processed/bookshelf/test/bookshelf_0615.npz,4,bookshelf,4,bookshelf,1,0.987082,4 36 38 14 21,bookshelf tv_stand wardrobe dresser mantel
313,313,/home/udays/geometric_deep_learning/data/processed/bookshelf/test/bookshelf_0616.npz,4,bookshelf,4,bookshelf,1,0.995274,4 22 36 38 14,bookshelf monitor tv_stand wardrobe dresser
314,314,/home/udays/geometric_deep_learning/data/processed/bookshelf/test/bookshelf_0617.npz,4,bookshelf,4,bookshelf,1,0.997320,4 36 14 38 26,bookshelf tv_stand dresser wardrobe plant
315,315,/home/udays/geometric_deep_learning/data/processed/bookshelf/test/bookshelf_0618.npz,4,bookshelf,4,bookshelf,1,0.997224,4 36 23 14 38,bookshelf tv_stand night_stand dresser wardrobe
316,316,/home/udays/geometric_deep_learning/data/processed/bookshelf/test/bookshelf_0619.npz,4,bookshelf,4,bookshelf,1,0.968072,4 36 23 14 38,bookshelf tv_stand night_stand dresser wardrobe
317,317,/home/udays/geometric_deep_learning/data/processed/bookshelf/test/bookshelf_0620.npz,4,bookshelf,4,bookshelf,1,0.987613,4 36 25 38 22,bookshelf tv_stand piano wardrobe monitor
318,318,/home/udays/geometric_deep_learning/data/processed/bookshelf/test/bookshelf_0621.npz,4,bookshelf,4,bookshelf,1,0.991843,4 36 14 23 38,bookshelf tv_stand dresser night_stand wardrobe
319,319,/home/udays/geometric_deep_learning/data/processed/bookshelf/test/bookshelf_0622.npz,4,bookshelf,4,bookshelf,1,0.992095,4 36 23 3 38,bookshelf tv_stand night_stand bench wardrobe
320,320,/home/udays/geometric_deep_learning/data/processed/bookshelf/test/bookshelf_0623.npz,4,bookshelf,4,bookshelf,1,0.997889,4 14 36 38 23,bookshelf dresser tv_stand wardrobe night_stand
321,321,/home/udays/geometric_deep_learning/data/processed/bookshelf/test/bookshelf_0624.npz,4,bookshelf,4,bookshelf,1,0.998361,4 36 22 38 14,bookshelf tv_stand monitor wardrobe dresser
322,322,/home/udays/geometric_deep_learning/data/processed/bookshelf/test/bookshelf_0625.npz,4,bookshelf,4,bookshelf,1,0.992229,4 36 14 38 23,bookshelf tv_stand dresser wardrobe night_stand
323,323,/home/udays/geometric_deep_learning/data/processed/bookshelf/test/bookshelf_0626.npz,4,bookshelf,4,bookshelf,1,0.983988,4 36 37 22 26,bookshelf tv_stand vase monitor plant
324,324,/home/udays/geometric_deep_learning/data/processed/bookshelf/test/bookshelf_0627.npz,4,bookshelf,4,bookshelf,1,0.996471,4 36 22 14 23,bookshelf tv_stand monitor dresser night_stand
325,325,/home/udays/geometric_deep_learning/data/processed/bookshelf/test/bookshelf_0628.npz,4,bookshelf,4,bookshelf,1,0.996490,4 36 38 14 23,bookshelf tv_stand wardrobe dresser night_stand
326,326,/home/udays/geometric_deep_learning/data/processed/bookshelf/test/bookshelf_0629.npz,4,bookshelf,4,bookshelf,1,0.998479,4 36 14 26 38,bookshelf tv_stand dresser plant wardrobe
327,327,/home/udays/geometric_deep_learning/data/processed/bookshelf/test/bookshelf_0630.npz,4,bookshelf,4,bookshelf,1,0.914935,4 36 38 21 23,bookshelf tv_stand wardrobe mantel night_stand
328,328,/home/udays/geometric_deep_learning/data/processed/bookshelf/test/bookshelf_0631.npz,4,bookshelf,38,wardrobe,0,0.668691,38 14 4 39 27,wardrobe dresser bookshelf xbox radio
329,329,/home/udays/geometric_deep_learning/data/processed/bookshelf/test/bookshelf_0632.npz,4,bookshelf,4,bookshelf,1,0.903595,4 36 3 38 21,bookshelf tv_stand bench wardrobe mantel
330,330,/home/udays/geometric_deep_learning/data/processed/bookshelf/test/bookshelf_0633.npz,4,bookshelf,4,bookshelf,1,0.896699,4 38 14 22 39,bookshelf wardrobe dresser monitor xbox
331,331,/home/udays/geometric_deep_learning/data/processed/bookshelf/test/bookshelf_0634.npz,4,bookshelf,4,bookshelf,1,0.941420,4 36 21 38 12,bookshelf tv_stand mantel wardrobe desk
332,332,/home/udays/geometric_deep_learning/data/processed/bookshelf/test/bookshelf_0635.npz,4,bookshelf,4,bookshelf,1,0.997162,4 36 14 38 23,bookshelf tv_stand dresser wardrobe night_stand
333,333,/home/udays/geometric_deep_learning/data/processed/bookshelf/test/bookshelf_0636.npz,4,bookshelf,4,bookshelf,1,0.853839,4 36 23 29 14,bookshelf tv_stand night_stand sink dresser
334,334,/home/udays/geometric_deep_learning/data/processed/bookshelf/test/bookshelf_0637.npz,4,bookshelf,4,bookshelf,1,0.923710,4 21 36 38 22,bookshelf mantel tv_stand wardrobe monitor
335,335,/home/udays/geometric_deep_learning/data/processed/bookshelf/test/bookshelf_0638.npz,4,bookshelf,4,bookshelf,1,0.995855,4 36 38 14 27,bookshelf tv_stand wardrobe dresser radio
336,336,/home/udays/geometric_deep_learning/data/processed/bookshelf/test/bookshelf_0639.npz,4,bookshelf,4,bookshelf,1,0.989830,4 36 14 23 38,bookshelf tv_stand dresser night_stand wardrobe
337,337,/home/udays/geometric_deep_learning/data/processed/bookshelf/test/bookshelf_0640.npz,4,bookshelf,4,bookshelf,1,0.903853,4 36 23 14 27,bookshelf tv_stand night_stand dresser radio
338,338,/home/udays/geometric_deep_learning/data/processed/bookshelf/test/bookshelf_0641.npz,4,bookshelf,4,bookshelf,1,0.858710,4 36 14 3 27,bookshelf tv_stand dresser bench radio
339,339,/home/udays/geometric_deep_learning/data/processed/bookshelf/test/bookshelf_0642.npz,4,bookshelf,4,bookshelf,1,0.996211,4 36 38 14 23,bookshelf tv_stand wardrobe dresser night_stand
340,340,/home/udays/geometric_deep_learning/data/processed/bookshelf/test/bookshelf_0643.npz,4,bookshelf,4,bookshelf,1,0.995758,4 36 38 23 14,bookshelf tv_stand wardrobe night_stand dresser
341,341,/home/udays/geometric_deep_learning/data/processed/bookshelf/test/bookshelf_0644.npz,4,bookshelf,4,bookshelf,1,0.999819,4 36 26 14 22,bookshelf tv_stand plant dresser monitor
342,342,/home/udays/geometric_deep_learning/data/processed/bookshelf/test/bookshelf_0645.npz,4,bookshelf,4,bookshelf,1,0.997116,4 36 0 12 29,bookshelf tv_stand airplane desk sink
343,343,/home/udays/geometric_deep_learning/data/processed/bookshelf/test/bookshelf_0646.npz,4,bookshelf,4,bookshelf,1,0.969161,4 36 21 22 38,bookshelf tv_stand mantel monitor wardrobe
344,344,/home/udays/geometric_deep_learning/data/processed/bookshelf/test/bookshelf_0647.npz,4,bookshelf,4,bookshelf,1,0.996852,4 36 14 38 23,bookshelf tv_stand dresser wardrobe night_stand
345,345,/home/udays/geometric_deep_learning/data/processed/bookshelf/test/bookshelf_0648.npz,4,bookshelf,4,bookshelf,1,0.858684,4 22 14 38 36,bookshelf monitor dresser wardrobe tv_stand
346,346,/home/udays/geometric_deep_learning/data/processed/bookshelf/test/bookshelf_0649.npz,4,bookshelf,4,bookshelf,1,0.821535,4 14 38 36 5,bookshelf dresser wardrobe tv_stand bottle
347,347,/home/udays/geometric_deep_learning/data/processed/bookshelf/test/bookshelf_0650.npz,4,bookshelf,4,bookshelf,1,0.999181,4 36 23 38 14,bookshelf tv_stand night_stand wardrobe dresser
348,348,/home/udays/geometric_deep_learning/data/processed/bookshelf/test/bookshelf_0651.npz,4,bookshelf,4,bookshelf,1,0.998151,4 36 38 21 14,bookshelf tv_stand wardrobe mantel dresser
349,349,/home/udays/geometric_deep_learning/data/processed/bookshelf/test/bookshelf_0652.npz,4,bookshelf,4,bookshelf,1,0.997256,4 36 38 14 13,bookshelf tv_stand wardrobe dresser door
350,350,/home/udays/geometric_deep_learning/data/processed/bookshelf/test/bookshelf_0653.npz,4,bookshelf,4,bookshelf,1,0.974333,4 36 38 21 22,bookshelf tv_stand wardrobe mantel monitor
351,351,/home/udays/geometric_deep_learning/data/processed/bookshelf/test/bookshelf_0654.npz,4,bookshelf,4,bookshelf,1,0.993362,4 36 38 14 23,bookshelf tv_stand wardrobe dresser night_stand
352,352,/home/udays/geometric_deep_learning/data/processed/bookshelf/test/bookshelf_0655.npz,4,bookshelf,4,bookshelf,1,0.997682,4 36 14 38 23,bookshelf tv_stand dresser wardrobe night_stand
353,353,/home/udays/geometric_deep_learning/data/processed/bookshelf/test/bookshelf_0656.npz,4,bookshelf,4,bookshelf,1,0.975874,4 36 14 38 27,bookshelf tv_stand dresser wardrobe radio
354,354,/home/udays/geometric_deep_learning/data/processed/bookshelf/test/bookshelf_0657.npz,4,bookshelf,4,bookshelf,1,0.999325,4 36 31 26 29,bookshelf tv_stand stairs plant sink
355,355,/home/udays/geometric_deep_learning/data/processed/bookshelf/test/bookshelf_0658.npz,4,bookshelf,4,bookshelf,1,0.697504,4 36 14 38 27,bookshelf tv_stand dresser wardrobe radio
356,356,/home/udays/geometric_deep_learning/data/processed/bookshelf/test/bookshelf_0659.npz,4,bookshelf,4,bookshelf,1,0.989042,4 36 38 14 21,bookshelf tv_stand wardrobe dresser mantel
357,357,/home/udays/geometric_deep_learning/data/processed/bookshelf/test/bookshelf_0660.npz,4,bookshelf,4,bookshelf,1,0.998391,4 36 38 14 23,bookshelf tv_stand wardrobe dresser night_stand
358,358,/home/udays/geometric_deep_learning/data/processed/bookshelf/test/bookshelf_0661.npz,4,bookshelf,4,bookshelf,1,0.997499,4 36 38 14 23,bookshelf tv_stand wardrobe dresser night_stand
359,359,/home/udays/geometric_deep_learning/data/processed/bookshelf/test/bookshelf_0662.npz,4,bookshelf,4,bookshelf,1,0.996690,4 36 14 38 23,bookshelf tv_stand dresser wardrobe night_stand
360,360,/home/udays/geometric_deep_learning/data/processed/bookshelf/test/bookshelf_0663.npz,4,bookshelf,4,bookshelf,1,0.998130,4 36 25 31 38,bookshelf tv_stand piano stairs wardrobe
361,361,/home/udays/geometric_deep_learning/data/processed/bookshelf/test/bookshelf_0664.npz,4,bookshelf,4,bookshelf,1,0.994644,4 36 38 14 23,bookshelf tv_stand wardrobe dresser night_stand
362,362,/home/udays/geometric_deep_learning/data/processed/bookshelf/test/bookshelf_0665.npz,4,bookshelf,4,bookshelf,1,0.747720,4 36 21 12 14,bookshelf tv_stand mantel desk dresser
363,363,/home/udays/geometric_deep_learning/data/processed/bookshelf/test/bookshelf_0666.npz,4,bookshelf,4,bookshelf,1,0.999228,4 36 12 21 25,bookshelf tv_stand desk mantel piano
364,364,/home/udays/geometric_deep_learning/data/processed/bookshelf/test/bookshelf_0667.npz,4,bookshelf,4,bookshelf,1,0.995858,4 36 23 14 38,bookshelf tv_stand night_stand dresser wardrobe
365,365,/home/udays/geometric_deep_learning/data/processed/bookshelf/test/bookshelf_0668.npz,4,bookshelf,5,bottle,0,0.672517,5 4 24 36 31,bottle bookshelf person tv_stand stairs
366,366,/home/udays/geometric_deep_learning/data/processed/bookshelf/test/bookshelf_0669.npz,4,bookshelf,4,bookshelf,1,0.923166,4 31 29 26 36,bookshelf stairs sink plant tv_stand
367,367,/home/udays/geometric_deep_learning/data/processed/bookshelf/test/bookshelf_0670.npz,4,bookshelf,4,bookshelf,1,0.885846,4 36 27 14 23,bookshelf tv_stand radio dresser night_stand
368,368,/home/udays/geometric_deep_learning/data/processed/bookshelf/test/bookshelf_0671.npz,4,bookshelf,4,bookshelf,1,0.921463,4 36 12 21 23,bookshelf tv_stand desk mantel night_stand
369,369,/home/udays/geometric_deep_learning/data/processed/bookshelf/test/bookshelf_0672.npz,4,bookshelf,11,curtain,0,0.502814,11 4 13 22 21,curtain bookshelf door monitor mantel
370,370,/home/udays/geometric_deep_learning/data/processed/bottle/test/bottle_0336.npz,5,bottle,5,bottle,1,0.992816,5 37 27 15 19,bottle vase radio flower_pot lamp
371,371,/home/udays/geometric_deep_learning/data/processed/bottle/test/bottle_0337.npz,5,bottle,5,bottle,1,0.999608,5 24 37 9 19,bottle person vase cone lamp
372,372,/home/udays/geometric_deep_learning/data/processed/bottle/test/bottle_0338.npz,5,bottle,5,bottle,1,0.998295,5 37 27 15 36,bottle vase radio flower_pot tv_stand
373,373,/home/udays/geometric_deep_learning/data/processed/bottle/test/bottle_0339.npz,5,bottle,5,bottle,1,0.998796,5 37 27 36 24,bottle vase radio tv_stand person
374,374,/home/udays/geometric_deep_learning/data/processed/bottle/test/bottle_0340.npz,5,bottle,5,bottle,1,0.996867,5 37 24 15 19,bottle vase person flower_pot lamp
375,375,/home/udays/geometric_deep_learning/data/processed/bottle/test/bottle_0341.npz,5,bottle,5,bottle,1,0.999198,5 37 4 36 27,bottle vase bookshelf tv_stand radio
376,376,/home/udays/geometric_deep_learning/data/processed/bottle/test/bottle_0342.npz,5,bottle,5,bottle,1,0.999783,5 37 24 27 4,bottle vase person radio bookshelf
377,377,/home/udays/geometric_deep_learning/data/processed/bottle/test/bottle_0343.npz,5,bottle,5,bottle,1,0.999697,5 37 24 19 15,bottle vase person lamp flower_pot
378,378,/home/udays/geometric_deep_learning/data/processed/bottle/test/bottle_0344.npz,5,bottle,5,bottle,1,0.999770,5 37 24 9 27,bottle vase person cone radio
379,379,/home/udays/geometric_deep_learning/data/processed/bottle/test/bottle_0345.npz,5,bottle,5,bottle,1,0.998631,5 37 24 15 9,bottle vase person flower_pot cone
380,380,/home/udays/geometric_deep_learning/data/processed/bottle/test/bottle_0346.npz,5,bottle,5,bottle,1,0.999247,5 37 24 9 15,bottle vase person cone flower_pot
381,381,/home/udays/geometric_deep_learning/data/processed/bottle/test/bottle_0347.npz,5,bottle,5,bottle,1,0.999681,5 37 24 9 27,bottle vase person cone radio
382,382,/home/udays/geometric_deep_learning/data/processed/bottle/test/bottle_0348.npz,5,bottle,5,bottle,1,0.996845,5 37 9 24 15,bottle vase cone person flower_pot
383,383,/home/udays/geometric_deep_learning/data/processed/bottle/test/bottle_0349.npz,5,bottle,5,bottle,1,0.999832,5 37 24 4 15,bottle vase person bookshelf flower_pot
384,384,/home/udays/geometric_deep_learning/data/processed/bottle/test/bottle_0350.npz,5,bottle,5,bottle,1,0.978725,5 37 15 4 27,bottle vase flower_pot bookshelf radio
385,385,/home/udays/geometric_deep_learning/data/processed/bottle/test/bottle_0351.npz,5,bottle,5,bottle,1,0.976992,5 37 24 15 11,bottle vase person flower_pot curtain
386,386,/home/udays/geometric_deep_learning/data/processed/bottle/test/bottle_0352.npz,5,bottle,5,bottle,1,0.999849,5 37 27 36 19,bottle vase radio tv_stand lamp
387,387,/home/udays/geometric_deep_learning/data/processed/bottle/test/bottle_0353.npz,5,bottle,5,bottle,1,0.992795,5 37 24 15 9,bottle vase person flower_pot cone
388,388,/home/udays/geometric_deep_learning/data/processed/bottle/test/bottle_0354.npz,5,bottle,5,bottle,1,0.999857,5 37 27 24 19,bottle vase radio person lamp
389,389,/home/udays/geometric_deep_learning/data/processed/bottle/test/bottle_0355.npz,5,bottle,5,bottle,1,0.995138,5 24 37 4 9,bottle person vase bookshelf cone
390,390,/home/udays/geometric_deep_learning/data/processed/bottle/test/bottle_0356.npz,5,bottle,5,bottle,1,0.999868,5 37 24 19 9,bottle vase person lamp cone
391,391,/home/udays/geometric_deep_learning/data/processed/bottle/test/bottle_0357.npz,5,bottle,5,bottle,1,0.978904,5 37 19 32 8,bottle vase lamp stool chair
392,392,/home/udays/geometric_deep_learning/data/processed/bottle/test/bottle_0358.npz,5,bottle,5,bottle,1,0.998152,5 37 27 19 38,bottle vase radio lamp wardrobe
393,393,/home/udays/geometric_deep_learning/data/processed/bottle/test/bottle_0359.npz,5,bottle,5,bottle,1,0.999182,5 24 37 15 9,bottle person vase flower_pot cone
394,394,/home/udays/geometric_deep_learning/data/processed/bottle/test/bottle_0360.npz,5,bottle,5,bottle,1,0.998290,5 37 27 38 14,bottle vase radio wardrobe dresser
395,395,/home/udays/geometric_deep_learning/data/processed/bottle/test/bottle_0361.npz,5,bottle,5,bottle,1,0.999200,5 37 24 9 15,bottle vase person cone flower_pot
396,396,/home/udays/geometric_deep_learning/data/processed/bottle/test/bottle_0362.npz,5,bottle,5,bottle,1,0.997844,5 37 24 4 36,bottle vase person bookshelf tv_stand
397,397,/home/udays/geometric_deep_learning/data/processed/bottle/test/bottle_0363.npz,5,bottle,5,bottle,1,0.982587,5 4 37 24 15,bottle bookshelf vase person flower_pot
398,398,/home/udays/geometric_deep_learning/data/processed/bottle/test/bottle_0364.npz,5,bottle,5,bottle,1,0.999936,5 37 24 19 4,bottle vase person lamp bookshelf
399,399,/home/udays/geometric_deep_learning/data/processed/bottle/test/bottle_0365.npz,5,bottle,5,bottle,1,0.966600,5 37 15 24 26,bottle vase flower_pot person plant
400,400,/home/udays/geometric_deep_learning/data/processed/bottle/test/bottle_0366.npz,5,bottle,5,bottle,1,0.999710,5 37 24 9 27,bottle vase person cone radio
401,401,/home/udays/geometric_deep_learning/data/processed/bottle/test/bottle_0367.npz,5,bottle,5,bottle,1,0.999695,5 37 24 19 9,bottle vase person lamp cone
402,402,/home/udays/geometric_deep_learning/data/processed/bottle/test/bottle_0368.npz,5,bottle,5,bottle,1,0.998642,5 4 37 15 27,bottle bookshelf vase flower_pot radio
403,403,/home/udays/geometric_deep_learning/data/processed/bottle/test/bottle_0369.npz,5,bottle,5,bottle,1,0.757143,5 37 32 10 19,bottle vase stool cup lamp
404,404,/home/udays/geometric_deep_learning/data/processed/bottle/test/bottle_0370.npz,5,bottle,5,bottle,1,0.999789,5 37 27 24 19,bottle vase radio person lamp
405,405,/home/udays/geometric_deep_learning/data/processed/bottle/test/bottle_0371.npz,5,bottle,5,bottle,1,0.999375,5 37 24 27 19,bottle vase person radio lamp
406,406,/home/udays/geometric_deep_learning/data/processed/bottle/test/bottle_0372.npz,5,bottle,5,bottle,1,0.997854,5 37 24 9 19,bottle vase person cone lamp
407,407,/home/udays/geometric_deep_learning/data/processed/bottle/test/bottle_0373.npz,5,bottle,5,bottle,1,0.985802,5 37 15 27 24,bottle vase flower_pot radio person
408,408,/home/udays/geometric_deep_learning/data/processed/bottle/test/bottle_0374.npz,5,bottle,5,bottle,1,0.955881,5 24 4 37 15,bottle person bookshelf vase flower_pot
409,409,/home/udays/geometric_deep_learning/data/processed/bottle/test/bottle_0375.npz,5,bottle,37,vase,0,0.882357,37 15 10 5 11,vase flower_pot cup bottle curtain
410,410,/home/udays/geometric_deep_learning/data/processed/bottle/test/bottle_0376.npz,5,bottle,37,vase,0,0.548162,37 5 15 24 26,vase bottle flower_pot person plant
411,411,/home/udays/geometric_deep_learning/data/processed/bottle/test/bottle_0377.npz,5,bottle,5,bottle,1,0.999825,5 37 24 9 27,bottle vase person cone radio
412,412,/home/udays/geometric_deep_learning/data/processed/bottle/test/bottle_0378.npz,5,bottle,5,bottle,1,0.999574,5 37 24 9 27,bottle vase person cone radio
413,413,/home/udays/geometric_deep_learning/data/processed/bottle/test/bottle_0379.npz,5,bottle,5,bottle,1,0.999931,5 37 24 27 19,bottle vase person radio lamp
414,414,/home/udays/geometric_deep_learning/data/processed/bottle/test/bottle_0380.npz,5,bottle,5,bottle,1,0.971523,5 24 37 9 11,bottle person vase cone curtain
415,415,/home/udays/geometric_deep_learning/data/processed/bottle/test/bottle_0381.npz,5,bottle,5,bottle,1,0.997361,5 37 27 15 19,bottle vase radio flower_pot lamp
416,416,/home/udays/geometric_deep_learning/data/processed/bottle/test/bottle_0382.npz,5,bottle,5,bottle,1,0.648347,5 37 10 15 9,bottle vase cup flower_pot cone
417,417,/home/udays/geometric_deep_learning/data/processed/bottle/test/bottle_0383.npz,5,bottle,5,bottle,1,0.998772,5 37 24 4 14,bottle vase person bookshelf dresser
418,418,/home/udays/geometric_deep_learning/data/processed/bottle/test/bottle_0384.npz,5,bottle,5,bottle,1,0.990029,5 4 36 37 15,bottle bookshelf tv_stand vase flower_pot
419,419,/home/udays/geometric_deep_learning/data/processed/bottle/test/bottle_0385.npz,5,bottle,5,bottle,1,0.999854,5 37 24 9 4,bottle vase person cone bookshelf
420,420,/home/udays/geometric_deep_learning/data/processed/bottle/test/bottle_0386.npz,5,bottle,5,bottle,1,0.996913,5 37 27 15 19,bottle vase radio flower_pot lamp
421,421,/home/udays/geometric_deep_learning/data/processed/bottle/test/bottle_0387.npz,5,bottle,5,bottle,1,0.993394,5 37 27 38 10,bottle vase radio wardrobe cup
422,422,/home/udays/geometric_deep_learning/data/processed/bottle/test/bottle_0388.npz,5,bottle,5,bottle,1,0.999820,5 37 24 4 27,bottle vase person bookshelf radio
423,423,/home/udays/geometric_deep_learning/data/processed/bottle/test/bottle_0389.npz,5,bottle,5,bottle,1,0.999933,5 24 37 4 19,bottle person vase bookshelf lamp
424,424,/home/udays/geometric_deep_learning/data/processed/bottle/test/bottle_0390.npz,5,bottle,5,bottle,1,0.978604,5 37 10 27 38,bottle vase cup radio wardrobe
425,425,/home/udays/geometric_deep_learning/data/processed/bottle/test/bottle_0391.npz,5,bottle,5,bottle,1,0.996437,5 37 15 27 24,bottle vase flower_pot radio person
426,426,/home/udays/geometric_deep_learning/data/processed/bottle/test/bottle_0392.npz,5,bottle,5,bottle,1,0.996214,5 37 24 15 9,bottle vase person flower_pot cone
427,427,/home/udays/geometric_deep_learning/data/processed/bottle/test/bottle_0393.npz,5,bottle,5,bottle,1,0.998495,5 24 15 37 4,bottle person flower_pot vase bookshelf
428,428,/home/udays/geometric_deep_learning/data/processed/bottle/test/bottle_0394.npz,5,bottle,5,bottle,1,0.998327,5 37 27 38 15,bottle vase radio wardrobe flower_pot
429,429,/home/udays/geometric_deep_learning/data/processed/bottle/test/bottle_0395.npz,5,bottle,5,bottle,1,0.994515,5 37 24 9 15,bottle vase person cone flower_pot
430,430,/home/udays/geometric_deep_learning/data/processed/bottle/test/bottle_0396.npz,5,bottle,5,bottle,1,0.995707,5 37 24 9 19,bottle vase person cone lamp
431,431,/home/udays/geometric_deep_learning/data/processed/bottle/test/bottle_0397.npz,5,bottle,5,bottle,1,0.999844,5 37 27 36 24,bottle vase radio tv_stand person
432,432,/home/udays/geometric_deep_learning/data/processed/bottle/test/bottle_0398.npz,5,bottle,5,bottle,1,0.997957,5 37 24 19 9,bottle vase person lamp cone
433,433,/home/udays/geometric_deep_learning/data/processed/bottle/test/bottle_0399.npz,5,bottle,5,bottle,1,0.999385,5 37 24 27 9,bottle vase person radio cone
434,434,/home/udays/geometric_deep_learning/data/processed/bottle/test/bottle_0400.npz,5,bottle,5,bottle,1,0.996943,5 37 24 15 9,bottle vase person flower_pot cone
435,435,/home/udays/geometric_deep_learning/data/processed/bottle/test/bottle_0401.npz,5,bottle,5,bottle,1,0.999930,5 37 24 27 36,bottle vase person radio tv_stand
436,436,/home/udays/geometric_deep_learning/data/processed/bottle/test/bottle_0402.npz,5,bottle,5,bottle,1,0.997580,5 37 27 9 19,bottle vase radio cone lamp
437,437,/home/udays/geometric_deep_learning/data/processed/bottle/test/bottle_0403.npz,5,bottle,5,bottle,1,0.953698,5 37 15 27 24,bottle vase flower_pot radio person
438,438,/home/udays/geometric_deep_learning/data/processed/bottle/test/bottle_0404.npz,5,bottle,5,bottle,1,0.999799,5 37 24 4 27,bottle vase person bookshelf radio
439,439,/home/udays/geometric_deep_learning/data/processed/bottle/test/bottle_0405.npz,5,bottle,5,bottle,1,0.999697,5 37 24 9 19,bottle vase person cone lamp
440,440,/home/udays/geometric_deep_learning/data/processed/bottle/test/bottle_0406.npz,5,bottle,5,bottle,1,0.999117,5 37 4 27 24,bottle vase bookshelf radio person
441,441,/home/udays/geometric_deep_learning/data/processed/bottle/test/bottle_0407.npz,5,bottle,5,bottle,1,0.993437,5 37 9 24 15,bottle vase cone person flower_pot
442,442,/home/udays/geometric_deep_learning/data/processed/bottle/test/bottle_0408.npz,5,bottle,5,bottle,1,0.996402,5 37 38 27 14,bottle vase wardrobe radio dresser
443,443,/home/udays/geometric_deep_learning/data/processed/bottle/test/bottle_0409.npz,5,bottle,5,bottle,1,0.941179,5 37 32 15 19,bottle vase stool flower_pot lamp
444,444,/home/udays/geometric_deep_learning/data/processed/bottle/test/bottle_0410.npz,5,bottle,5,bottle,1,0.998432,5 24 37 4 15,bottle person vase bookshelf flower_pot
445,445,/home/udays/geometric_deep_learning/data/processed/bottle/test/bottle_0411.npz,5,bottle,5,bottle,1,0.999662,5 37 24 9 27,bottle vase person cone radio
446,446,/home/udays/geometric_deep_learning/data/processed/bottle/test/bottle_0412.npz,5,bottle,5,bottle,1,0.999795,5 37 27 36 24,bottle vase radio tv_stand person
447,447,/home/udays/geometric_deep_learning/data/processed/bottle/test/bottle_0413.npz,5,bottle,5,bottle,1,0.999596,5 37 24 4 27,bottle vase person bookshelf radio
448,448,/home/udays/geometric_deep_learning/data/processed/bottle/test/bottle_0414.npz,5,bottle,5,bottle,1,0.992188,5 36 27 37 12,bottle tv_stand radio vase desk
449,449,/home/udays/geometric_deep_learning/data/processed/bottle/test/bottle_0415.npz,5,bottle,5,bottle,1,0.999530,5 37 24 9 15,bottle vase person cone flower_pot
450,450,/home/udays/geometric_deep_learning/data/processed/bottle/test/bottle_0416.npz,5,bottle,5,bottle,1,0.952073,5 37 15 24 4,bottle vase flower_pot person bookshelf
451,451,/home/udays/geometric_deep_learning/data/processed/bottle/test/bottle_0417.npz,5,bottle,5,bottle,1,0.999841,5 37 24 19 4,bottle vase person lamp bookshelf
452,452,/home/udays/geometric_deep_learning/data/processed/bottle/test/bottle_0418.npz,5,bottle,5,bottle,1,0.992684,5 37 15 10 32,bottle vase flower_pot cup stool
453,453,/home/udays/geometric_deep_learning/data/processed/bottle/test/bottle_0419.npz,5,bottle,5,bottle,1,0.999848,5 37 24 4 19,bottle vase person bookshelf lamp
454,454,/home/udays/geometric_deep_learning/data/processed/bottle/test/bottle_0420.npz,5,bottle,5,bottle,1,0.999849,5 37 24 19 9,bottle vase person lamp cone
455,455,/home/udays/geometric_deep_learning/data/processed/bottle/test/bottle_0421.npz,5,bottle,5,bottle,1,0.998667,5 37 15 24 4,bottle vase flower_pot person bookshelf
456,456,/home/udays/geometric_deep_learning/data/processed/bottle/test/bottle_0422.npz,5,bottle,5,bottle,1,0.999128,5 37 24 9 4,bottle vase person cone bookshelf
457,457,/home/udays/geometric_deep_learning/data/processed/bottle/test/bottle_0423.npz,5,bottle,5,bottle,1,0.999911,5 37 24 19 27,bottle vase person lamp radio
458,458,/home/udays/geometric_deep_learning/data/processed/bottle/test/bottle_0424.npz,5,bottle,5,bottle,1,0.997522,5 37 24 15 9,bottle vase person flower_pot cone
459,459,/home/udays/geometric_deep_learning/data/processed/bottle/test/bottle_0425.npz,5,bottle,32,stool,0,0.273389,32 37 10 5 19,stool vase cup bottle lamp
460,460,/home/udays/geometric_deep_learning/data/processed/bottle/test/bottle_0426.npz,5,bottle,5,bottle,1,0.998584,5 37 24 15 4,bottle vase person flower_pot bookshelf
461,461,/home/udays/geometric_deep_learning/data/processed/bottle/test/bottle_0427.npz,5,bottle,5,bottle,1,0.995752,5 37 27 9 15,bottle vase radio cone flower_pot
462,462,/home/udays/geometric_deep_learning/data/processed/bottle/test/bottle_0428.npz,5,bottle,5,bottle,1,0.999945,5 37 24 36 27,bottle vase person tv_stand radio
463,463,/home/udays/geometric_deep_learning/data/processed/bottle/test/bottle_0429.npz,5,bottle,15,flower_pot,0,0.565553,15 26 37 5 24,flower_pot plant vase bottle person
464,464,/home/udays/geometric_deep_learning/data/processed/bottle/test/bottle_0430.npz,5,bottle,5,bottle,1,0.999816,5 37 24 4 36,bottle vase person bookshelf tv_stand
465,465,/home/udays/geometric_deep_learning/data/processed/bottle/test/bottle_0431.npz,5,bottle,5,bottle,1,0.977570,5 27 37 15 10,bottle radio vase flower_pot cup
466,466,/home/udays/geometric_deep_learning/data/processed/bottle/test/bottle_0432.npz,5,bottle,5,bottle,1,0.999755,5 37 24 4 15,bottle vase person bookshelf flower_pot
467,467,/home/udays/geometric_deep_learning/data/processed/bottle/test/bottle_0433.npz,5,bottle,5,bottle,1,0.998013,5 37 27 15 24,bottle vase radio flower_pot person
468,468,/home/udays/geometric_deep_learning/data/processed/bottle/test/bottle_0434.npz,5,bottle,37,vase,0,0.558724,37 32 5 15 10,vase stool bottle flower_pot cup
469,469,/home/udays/geometric_deep_learning/data/processed/bottle/test/bottle_0435.npz,5,bottle,37,vase,0,0.629297,37 5 15 26 10,vase bottle flower_pot plant cup
470,470,/home/udays/geometric_deep_learning/data/processed/bowl/test/bowl_0065.npz,6,bowl,6,bowl,1,0.996110,6 15 10 37 29,bowl flower_pot cup vase sink
471,471,/home/udays/geometric_deep_learning/data/processed/bowl/test/bowl_0066.npz,6,bowl,6,bowl,1,0.985414,6 37 15 10 29,bowl vase flower_pot cup sink
472,472,/home/udays/geometric_deep_learning/data/processed/bowl/test/bowl_0067.npz,6,bowl,6,bowl,1,0.692262,6 37 15 10 5,bowl vase flower_pot cup bottle
473,473,/home/udays/geometric_deep_learning/data/processed/bowl/test/bowl_0068.npz,6,bowl,6,bowl,1,0.990138,6 15 37 10 29,bowl flower_pot vase cup sink
474,474,/home/udays/geometric_deep_learning/data/processed/bowl/test/bowl_0069.npz,6,bowl,6,bowl,1,0.997554,6 15 37 10 29,bowl flower_pot vase cup sink
475,475,/home/udays/geometric_deep_learning/data/processed/bowl/test/bowl_0070.npz,6,bowl,6,bowl,1,0.914667,6 37 15 10 1,bowl vase flower_pot cup bathtub
476,476,/home/udays/geometric_deep_learning/data/processed/bowl/test/bowl_0071.npz,6,bowl,6,bowl,1,0.932381,6 15 37 10 29,bowl flower_pot vase cup sink
477,477,/home/udays/geometric_deep_learning/data/processed/bowl/test/bowl_0072.npz,6,bowl,6,bowl,1,0.687184,6 37 15 10 1,bowl vase flower_pot cup bathtub
478,478,/home/udays/geometric_deep_learning/data/processed/bowl/test/bowl_0073.npz,6,bowl,6,bowl,1,0.995345,6 15 29 37 10,bowl flower_pot sink vase cup
479,479,/home/udays/geometric_deep_learning/data/processed/bowl/test/bowl_0074.npz,6,bowl,15,flower_pot,0,0.521378,15 6 37 10 1,flower_pot bowl vase cup bathtub
480,480,/home/udays/geometric_deep_learning/data/processed/bowl/test/bowl_0075.npz,6,bowl,6,bowl,1,0.940986,6 15 10 1 37,bowl flower_pot cup bathtub vase
481,481,/home/udays/geometric_deep_learning/data/processed/bowl/test/bowl_0076.npz,6,bowl,6,bowl,1,0.560026,6 37 15 10 1,bowl vase flower_pot cup bathtub
482,482,/home/udays/geometric_deep_learning/data/processed/bowl/test/bowl_0077.npz,6,bowl,6,bowl,1,0.988297,6 15 37 10 29,bowl flower_pot vase cup sink
483,483,/home/udays/geometric_deep_learning/data/processed/bowl/test/bowl_0078.npz,6,bowl,6,bowl,1,0.900619,6 15 37 10 1,bowl flower_pot vase cup bathtub
484,484,/home/udays/geometric_deep_learning/data/processed/bowl/test/bowl_0079.npz,6,bowl,6,bowl,1,0.564070,6 15 37 10 35,bowl flower_pot vase cup toilet
485,485,/home/udays/geometric_deep_learning/data/processed/bowl/test/bowl_0080.npz,6,bowl,6,bowl,1,0.975859,6 15 37 10 29,bowl flower_pot vase cup sink
486,486,/home/udays/geometric_deep_learning/data/processed/bowl/test/bowl_0081.npz,6,bowl,6,bowl,1,0.988942,6 15 37 10 29,bowl flower_pot vase cup sink
487,487,/home/udays/geometric_deep_learning/data/processed/bowl/test/bowl_0082.npz,6,bowl,37,vase,0,0.655143,37 6 15 10 5,vase bowl flower_pot cup bottle
488,488,/home/udays/geometric_deep_learning/data/processed/bowl/test/bowl_0083.npz,6,bowl,6,bowl,1,0.798201,6 27 37 1 29,bowl radio vase bathtub sink
489,489,/home/udays/geometric_deep_learning/data/processed/bowl/test/bowl_0084.npz,6,bowl,15,flower_pot,0,0.330113,15 37 6 1 10,flower_pot vase bowl bathtub cup
490,490,/home/udays/geometric_deep_learning/data/processed/car/test/car_0198.npz,7,car,7,car,1,0.986852,7 21 28 36 30,car mantel range_hood tv_stand sofa
491,491,/home/udays/geometric_deep_learning/data/processed/car/test/car_0199.npz,7,car,7,car,1,0.999572,7 37 25 27 26,car vase piano radio plant
492,492,/home/udays/geometric_deep_learning/data/processed/car/test/car_0200.npz,7,car,7,car,1,0.999400,7 25 37 27 36,car piano vase radio tv_stand
493,493,/home/udays/geometric_deep_learning/data/processed/car/test/car_0201.npz,7,car,7,car,1,0.999651,7 25 37 27 34,car piano vase radio tent
494,494,/home/udays/geometric_deep_learning/data/processed/car/test/car_0202.npz,7,car,7,car,1,0.973944,7 32 37 25 19,car stool vase piano lamp
495,495,/home/udays/geometric_deep_learning/data/processed/car/test/car_0203.npz,7,car,7,car,1,0.997045,7 25 28 3 36,car piano range_hood bench tv_stand
496,496,/home/udays/geometric_deep_learning/data/processed/car/test/car_0204.npz,7,car,7,car,1,0.999939,7 25 37 28 39,car piano vase range_hood xbox
497,497,/home/udays/geometric_deep_learning/data/processed/car/test/car_0205.npz,7,car,7,car,1,0.999885,7 25 37 27 36,car piano vase radio tv_stand
498,498,/home/udays/geometric_deep_learning/data/processed/car/test/car_0206.npz,7,car,7,car,1,0.998662,7 25 28 30 36,car piano range_hood sofa tv_stand
499,499,/home/udays/geometric_deep_learning/data/processed/car/test/car_0207.npz,7,car,7,car,1,0.994128,7 25 34 27 3,car piano tent radio bench
500,500,/home/udays/geometric_deep_learning/data/processed/car/test/car_0208.npz,7,car,7,car,1,0.999894,7 37 27 25 36,car vase radio piano tv_stand
501,501,/home/udays/geometric_deep_learning/data/processed/car/test/car_0209.npz,7,car,7,car,1,0.999626,7 37 25 27 2,car vase piano radio bed
502,502,/home/udays/geometric_deep_learning/data/processed/car/test/car_0210.npz,7,car,7,car,1,0.996014,7 25 28 36 39,car piano range_hood tv_stand xbox
503,503,/home/udays/geometric_deep_learning/data/processed/car/test/car_0211.npz,7,car,7,car,1,0.999833,7 25 28 34 27,car piano range_hood tent radio
504,504,/home/udays/geometric_deep_learning/data/processed/car/test/car_0212.npz,7,car,7,car,1,0.988263,7 28 25 36 37,car range_hood piano tv_stand vase
505,505,/home/udays/geometric_deep_learning/data/processed/car/test/car_0213.npz,7,car,7,car,1,0.999134,7 25 28 30 36,car piano range_hood sofa tv_stand
506,506,/home/udays/geometric_deep_learning/data/processed/car/test/car_0214.npz,7,car,7,car,1,0.994523,7 37 1 35 27,car vase bathtub toilet radio
507,507,/home/udays/geometric_deep_learning/data/processed/car/test/car_0215.npz,7,car,7,car,1,0.998575,7 27 37 39 25,car radio vase xbox piano
508,508,/home/udays/geometric_deep_learning/data/processed/car/test/car_0216.npz,7,car,7,car,1,0.999848,7 37 25 27 34,car vase piano radio tent
509,509,/home/udays/geometric_deep_learning/data/processed/car/test/car_0217.npz,7,car,7,car,1,0.928564,7 2 1 27 15,car bed bathtub radio flower_pot
510,510,/home/udays/geometric_deep_learning/data/processed/car/test/car_0218.npz,7,car,7,car,1,0.997684,7 25 3 27 39,car piano bench radio xbox
511,511,/home/udays/geometric_deep_learning/data/processed/car/test/car_0219.npz,7,car,7,car,1,0.998414,7 30 25 1 29,car sofa piano bathtub sink
512,512,/home/udays/geometric_deep_learning/data/processed/car/test/car_0220.npz,7,car,7,car,1,0.999986,7 25 28 39 37,car piano range_hood xbox vase
513,513,/home/udays/geometric_deep_learning/data/processed/car/test/car_0221.npz,7,car,7,car,1,0.999671,7 25 28 37 21,car piano range_hood vase mantel
514,514,/home/udays/geometric_deep_learning/data/processed/car/test/car_0222.npz,7,car,7,car,1,0.999671,7 25 28 39 30,car piano range_hood xbox sofa
515,515,/home/udays/geometric_deep_learning/data/processed/car/test/car_0223.npz,7,car,7,car,1,0.998190,7 25 28 32 37,car piano range_hood stool vase
516,516,/home/udays/geometric_deep_learning/data/processed/car/test/car_0224.npz,7,car,7,car,1,0.956203,7 25 4 36 28,car piano bookshelf tv_stand range_hood
517,517,/home/udays/geometric_deep_learning/data/processed/car/test/car_0225.npz,7,car,7,car,1,0.999582,7 25 27 36 37,car piano radio tv_stand vase
518,518,/home/udays/geometric_deep_learning/data/processed/car/test/car_0226.npz,7,car,7,car,1,0.625163,7 27 22 28 25,car radio monitor range_hood piano
519,519,/home/udays/geometric_deep_learning/data/processed/car/test/car_0227.npz,7,car,7,car,1,0.790264,7 25 28 3 30,car piano range_hood bench sofa
520,520,/home/udays/geometric_deep_learning/data/processed/car/test/car_0228.npz,7,car,7,car,1,0.989573,7 25 37 27 28,car piano vase radio range_hood
521,521,/home/udays/geometric_deep_learning/data/processed/car/test/car_0229.npz,7,car,7,car,1,0.998963,7 27 25 28 36,car radio piano range_hood tv_stand
522,522,/home/udays/geometric_deep_learning/data/processed/car/test/car_0230.npz,7,car,7,car,1,0.998795,7 25 27 37 28,car piano radio vase range_hood
523,523,/home/udays/geometric_deep_learning/data/processed/car/test/car_0231.npz,7,car,7,car,1,0.998756,7 37 25 27 36,car vase piano radio tv_stand
524,524,/home/udays/geometric_deep_learning/data/processed/car/test/car_0232.npz,7,car,7,car,1,0.999780,7 25 37 27 36,car piano vase radio tv_stand
525,525,/home/udays/geometric_deep_learning/data/processed/car/test/car_0233.npz,7,car,7,car,1,0.998559,7 28 25 36 39,car range_hood piano tv_stand xbox
526,526,/home/udays/geometric_deep_learning/data/processed/car/test/car_0234.npz,7,car,7,car,1,0.998423,7 28 30 25 36,car range_hood sofa piano tv_stand
527,527,/home/udays/geometric_deep_learning/data/processed/car/test/car_0235.npz,7,car,7,car,1,0.997684,7 28 30 36 27,car range_hood sofa tv_stand radio
528,528,/home/udays/geometric_deep_learning/data/processed/car/test/car_0236.npz,7,car,4,bookshelf,0,0.432535,4 25 21 36 3,bookshelf piano mantel tv_stand bench
529,529,/home/udays/geometric_deep_learning/data/processed/car/test/car_0237.npz,7,car,7,car,1,0.997305,7 25 30 28 2,car piano sofa range_hood bed
530,530,/home/udays/geometric_deep_learning/data/processed/car/test/car_0238.npz,7,car,7,car,1,0.999834,7 25 28 26 37,car piano range_hood plant vase
531,531,/home/udays/geometric_deep_learning/data/processed/car/test/car_0239.npz,7,car,7,car,1,0.975827,7 2 30 36 25,car bed sofa tv_stand piano
532,532,/home/udays/geometric_deep_learning/data/processed/car/test/car_0240.npz,7,car,7,car,1,0.999824,7 25 28 37 36,car piano range_hood vase tv_stand
533,533,/home/udays/geometric_deep_learning/data/processed/car/test/car_0241.npz,7,car,7,car,1,0.999842,7 25 28 39 37,car piano range_hood xbox vase
534,534,/home/udays/geometric_deep_learning/data/processed/car/test/car_0242.npz,7,car,7,car,1,0.990390,7 34 27 25 36,car tent radio piano tv_stand
535,535,/home/udays/geometric_deep_learning/data/processed/car/test/car_0243.npz,7,car,7,car,1,0.994684,7 25 28 37 36,car piano range_hood vase tv_stand
536,536,/home/udays/geometric_deep_learning/data/processed/car/test/car_0244.npz,7,car,29,sink,0,0.521923,29 31 8 28 1,sink stairs chair range_hood bathtub
537,537,/home/udays/geometric_deep_learning/data/processed/car/test/car_0245.npz,7,car,7,car,1,0.938356,7 25 28 36 26,car piano range_hood tv_stand plant
538,538,/home/udays/geometric_deep_learning/data/processed/car/test/car_0246.npz,7,car,7,car,1,0.999315,7 25 28 37 36,car piano range_hood vase tv_stand
539,539,/home/udays/geometric_deep_learning/data/processed/car/test/car_0247.npz,7,car,7,car,1,0.999387,7 37 27 39 25,car vase radio xbox piano
540,540,/home/udays/geometric_deep_learning/data/processed/car/test/car_0248.npz,7,car,7,car,1,0.999444,7 25 39 19 34,car piano xbox lamp tent
541,541,/home/udays/geometric_deep_learning/data/processed/car/test/car_0249.npz,7,car,7,car,1,0.999837,7 34 25 27 37,car tent piano radio vase
542,542,/home/udays/geometric_deep_learning/data/processed/car/test/car_0250.npz,7,car,7,car,1,0.995089,7 25 28 30 36,car piano range_hood sofa tv_stand
543,543,/home/udays/geometric_deep_learning/data/processed/car/test/car_0251.npz,7,car,7,car,1,0.998890,7 25 28 36 21,car piano range_hood tv_stand mantel
544,544,/home/udays/geometric_deep_learning/data/processed/car/test/car_0252.npz,7,car,19,lamp,0,0.344796,19 7 34 32 27,lamp car tent stool radio
545,545,/home/udays/geometric_deep_learning/data/processed/car/test/car_0253.npz,7,car,7,car,1,0.999631,7 25 27 36 2,car piano radio tv_stand bed
546,546,/home/udays/geometric_deep_learning/data/processed/car/test/car_0254.npz,7,car,7,car,1,0.995352,7 25 28 30 37,car piano range_hood sofa vase
547,547,/home/udays/geometric_deep_learning/data/processed/car/test/car_0255.npz,7,car,7,car,1,0.998614,7 25 28 2 36,car piano range_hood bed tv_stand
548,548,/home/udays/geometric_deep_learning/data/processed/car/test/car_0256.npz,7,car,7,car,1,0.999924,7 25 37 27 28,car piano vase radio range_hood
549,549,/home/udays/geometric_deep_learning/data/processed/car/test/car_0257.npz,7,car,7,car,1,0.941707,7 25 28 34 26,car piano range_hood tent plant
550,550,/home/udays/geometric_deep_learning/data/processed/car/test/car_0258.npz,7,car,7,car,1,0.996430,7 25 30 3 2,car piano sofa bench bed
551,551,/home/udays/geometric_deep_learning/data/processed/car/test/car_0259.npz,7,car,7,car,1,0.999484,7 39 25 32 19,car xbox piano stool lamp
552,552,/home/udays/geometric_deep_learning/data/processed/car/test/car_0260.npz,7,car,7,car,1,0.987523,7 25 2 30 28,car piano bed sofa range_hood
553,553,/home/udays/geometric_deep_learning/data/processed/car/test/car_0261.npz,7,car,7,car,1,0.999918,7 25 28 39 36,car piano range_hood xbox tv_stand
554,554,/home/udays/geometric_deep_learning/data/processed/car/test/car_0262.npz,7,car,7,car,1,0.999559,7 27 37 25 36,car radio vase piano tv_stand
555,555,/home/udays/geometric_deep_learning/data/processed/car/test/car_0263.npz,7,car,7,car,1,0.991474,7 36 28 3 30,car tv_stand range_hood bench sofa
556,556,/home/udays/geometric_deep_learning/data/processed/car/test/car_0264.npz,7,car,7,car,1,0.994688,7 25 39 34 32,car piano xbox tent stool
557,557,/home/udays/geometric_deep_learning/data/processed/car/test/car_0265.npz,7,car,7,car,1,0.999844,7 25 37 28 39,car piano vase range_hood xbox
558,558,/home/udays/geometric_deep_learning/data/processed/car/test/car_0266.npz,7,car,7,car,1,0.994893,7 34 25 27 28,car tent piano radio range_hood
559,559,/home/udays/geometric_deep_learning/data/processed/car/test/car_0267.npz,7,car,7,car,1,0.498860,7 25 28 34 2,car piano range_hood tent bed
560,560,/home/udays/geometric_deep_learning/data/processed/car/test/car_0268.npz,7,car,7,car,1,0.730125,7 25 31 28 4,car piano stairs range_hood bookshelf
561,561,/home/udays/geometric_deep_learning/data/processed/car/test/car_0269.npz,7,car,7,car,1,0.996543,7 34 25 27 2,car tent piano radio bed
562,562,/home/udays/geometric_deep_learning/data/processed/car/test/car_0270.npz,7,car,7,car,1,0.960428,7 37 25 3 27,car vase piano bench radio
563,563,/home/udays/geometric_deep_learning/data/processed/car/test/car_0271.npz,7,car,7,car,1,0.998067,7 28 25 26 37,car range_hood piano plant vase
564,564,/home/udays/geometric_deep_learning/data/processed/car/test/car_0272.npz,7,car,7,car,1,0.933204,7 25 28 30 26,car piano range_hood sofa plant
565,565,/home/udays/geometric_deep_learning/data/processed/car/test/car_0273.npz,7,car,7,car,1,0.998030,7 25 30 28 36,car piano sofa range_hood tv_stand
566,566,/home/udays/geometric_deep_learning/data/processed/car/test/car_0274.npz,7,car,7,car,1,0.925723,7 29 27 1 34,car sink radio bathtub tent
567,567,/home/udays/geometric_deep_learning/data/processed/car/test/car_0275.npz,7,car,7,car,1,0.997562,7 25 34 26 37,car piano tent plant vase
568,568,/home/udays/geometric_deep_learning/data/processed/car/test/car_0276.npz,7,car,7,car,1,0.997687,7 37 35 2 25,car vase toilet bed piano
569,569,/home/udays/geometric_deep_learning/data/processed/car/test/car_0277.npz,7,car,7,car,1,0.999875,7 27 37 34 25,car radio vase tent piano
570,570,/home/udays/geometric_deep_learning/data/processed/car/test/car_0278.npz,7,car,7,car,1,0.999884,7 34 27 37 39,car tent radio vase xbox
571,571,/home/udays/geometric_deep_learning/data/processed/car/test/car_0279.npz,7,car,7,car,1,0.998551,7 27 36 25 37,car radio tv_stand piano vase
572,572,/home/udays/geometric_deep_learning/data/processed/car/test/car_0280.npz,7,car,7,car,1,0.999957,7 25 37 27 34,car piano vase radio tent
573,573,/home/udays/geometric_deep_learning/data/processed/car/test/car_0281.npz,7,car,7,car,1,0.999305,7 25 28 30 3,car piano range_hood sofa bench
574,574,/home/udays/geometric_deep_learning/data/processed/car/test/car_0282.npz,7,car,1,bathtub,0,0.842621,1 30 29 2 6,bathtub sofa sink bed bowl
575,575,/home/udays/geometric_deep_learning/data/processed/car/test/car_0283.npz,7,car,7,car,1,0.909704,7 34 27 25 36,car tent radio piano tv_stand
576,576,/home/udays/geometric_deep_learning/data/processed/car/test/car_0284.npz,7,car,7,car,1,0.999887,7 25 39 19 37,car piano xbox lamp vase
577,577,/home/udays/geometric_deep_learning/data/processed/car/test/car_0285.npz,7,car,7,car,1,0.999987,7 37 25 39 28,car vase piano xbox range_hood
578,578,/home/udays/geometric_deep_learning/data/processed/car/test/car_0286.npz,7,car,7,car,1,0.961340,7 25 27 34 37,car piano radio tent vase
579,579,/home/udays/geometric_deep_learning/data/processed/car/test/car_0287.npz,7,car,7,car,1,0.941491,7 30 37 25 3,car sofa vase piano bench
580,580,/home/udays/geometric_deep_learning/data/processed/car/test/car_0288.npz,7,car,7,car,1,0.984130,7 30 1 37 2,car sofa bathtub vase bed
581,581,/home/udays/geometric_deep_learning/data/processed/car/test/car_0289.npz,7,car,7,car,1,0.991219,7 37 35 25 30,car vase toilet piano sofa
582,582,/home/udays/geometric_deep_learning/data/processed/car/test/car_0290.npz,7,car,7,car,1,0.995985,7 25 28 21 36,car piano range_hood mantel tv_stand
583,583,/home/udays/geometric_deep_learning/data/processed/car/test/car_0291.npz,7,car,7,car,1,0.999189,7 28 25 36 30,car range_hood piano tv_stand sofa
584,584,/home/udays/geometric_deep_learning/data/processed/car/test/car_0292.npz,7,car,7,car,1,0.992973,7 2 25 26 30,car bed piano plant sofa
585,585,/home/udays/geometric_deep_learning/data/processed/car/test/car_0293.npz,7,car,7,car,1,0.998985,7 25 37 27 36,car piano vase radio tv_stand
586,586,/home/udays/geometric_deep_learning/data/processed/car/test/car_0294.npz,7,car,7,car,1,0.980295,7 32 19 37 25,car stool lamp vase piano
587,587,/home/udays/geometric_deep_learning/data/processed/car/test/car_0295.npz,7,car,7,car,1,0.999151,7 25 28 37 26,car piano range_hood vase plant
588,588,/home/udays/geometric_deep_learning/data/processed/car/test/car_0296.npz,7,car,7,car,1,0.996895,7 30 36 28 25,car sofa tv_stand range_hood piano
589,589,/home/udays/geometric_deep_learning/data/processed/car/test/car_0297.npz,7,car,7,car,1,0.997423,7 25 34 27 28,car piano tent radio range_hood
590,590,/home/udays/geometric_deep_learning/data/processed/chair/test/chair_0890.npz,8,chair,8,chair,1,0.999991,8 29 12 3 32,chair sink desk bench stool
591,591,/home/udays/geometric_deep_learning/data/processed/chair/test/chair_0891.npz,8,chair,8,chair,1,0.986068,8 32 13 4 29,chair stool door bookshelf sink
592,592,/home/udays/geometric_deep_learning/data/processed/chair/test/chair_0892.npz,8,chair,8,chair,1,0.999990,8 35 32 26 24,chair toilet stool plant person
593,593,/home/udays/geometric_deep_learning/data/processed/chair/test/chair_0893.npz,8,chair,8,chair,1,0.999919,8 20 22 31 3,chair laptop monitor stairs bench
594,594,/home/udays/geometric_deep_learning/data/processed/chair/test/chair_0894.npz,8,chair,8,chair,1,0.999992,8 32 29 12 3,chair stool sink desk bench
595,595,/home/udays/geometric_deep_learning/data/processed/chair/test/chair_0895.npz,8,chair,8,chair,1,0.999655,8 35 22 32 10,chair toilet monitor stool cup
596,596,/home/udays/geometric_deep_learning/data/processed/chair/test/chair_0896.npz,8,chair,8,chair,1,0.998059,8 2 30 20 35,chair bed sofa laptop toilet
597,597,/home/udays/geometric_deep_learning/data/processed/chair/test/chair_0897.npz,8,chair,8,chair,1,0.987995,8 20 35 2 29,chair laptop toilet bed sink
598,598,/home/udays/geometric_deep_learning/data/processed/chair/test/chair_0898.npz,8,chair,8,chair,1,0.999880,8 32 35 31 37,chair stool toilet stairs vase
599,599,/home/udays/geometric_deep_learning/data/processed/chair/test/chair_0899.npz,8,chair,8,chair,1,0.999999,8 29 12 3 20,chair sink desk bench laptop
600,600,/home/udays/geometric_deep_learning/data/processed/chair/test/chair_0900.npz,8,chair,8,chair,1,0.999971,8 29 3 12 2,chair sink bench desk bed
601,601,/home/udays/geometric_deep_learning/data/processed/chair/test/chair_0901.npz,8,chair,8,chair,1,1.000000,8 32 23 12 35,chair stool night_stand desk toilet
602,602,/home/udays/geometric_deep_learning/data/processed/chair/test/chair_0902.npz,8,chair,8,chair,1,0.999996,8 3 29 20 2,chair bench sink laptop bed
603,603,/home/udays/geometric_deep_learning/data/processed/chair/test/chair_0903.npz,8,chair,8,chair,1,0.788145,8 2 23 30 20,chair bed night_stand sofa laptop
604,604,/home/udays/geometric_deep_learning/data/processed/chair/test/chair_0904.npz,8,chair,8,chair,1,0.999995,8 2 29 3 32,chair bed sink bench stool
605,605,/home/udays/geometric_deep_learning/data/processed/chair/test/chair_0905.npz,8,chair,8,chair,1,0.999979,8 32 24 22 26,chair stool person monitor plant
606,606,/home/udays/geometric_deep_learning/data/processed/chair/test/chair_0906.npz,8,chair,8,chair,1,0.992351,8 20 22 2 35,chair laptop monitor bed toilet
607,607,/home/udays/geometric_deep_learning/data/processed/chair/test/chair_0907.npz,8,chair,8,chair,1,0.711957,8 32 35 19 23,chair stool toilet lamp night_stand
608,608,/home/udays/geometric_deep_learning/data/processed/chair/test/chair_0908.npz,8,chair,8,chair,1,0.999905,8 32 35 3 23,chair stool toilet bench night_stand
609,609,/home/udays/geometric_deep_learning/data/processed/chair/test/chair_0909.npz,8,chair,8,chair,1,0.999995,8 12 29 3 23,chair desk sink bench night_stand
610,610,/home/udays/geometric_deep_learning/data/processed/chair/test/chair_0910.npz,8,chair,8,chair,1,0.999994,8 29 12 3 2,chair sink desk bench bed
611,611,/home/udays/geometric_deep_learning/data/processed/chair/test/chair_0911.npz,8,chair,8,chair,1,0.999997,8 29 20 32 3,chair sink laptop stool bench
612,612,/home/udays/geometric_deep_learning/data/processed/chair/test/chair_0912.npz,8,chair,8,chair,1,0.999997,8 32 29 35 20,chair stool sink toilet laptop
613,613,/home/udays/geometric_deep_learning/data/processed/chair/test/chair_0913.npz,8,chair,8,chair,1,0.997081,8 2 23 20 35,chair bed night_stand laptop toilet
614,614,/home/udays/geometric_deep_learning/data/processed/chair/test/chair_0914.npz,8,chair,8,chair,1,0.999959,8 32 29 20 3,chair stool sink laptop bench
615,615,/home/udays/geometric_deep_learning/data/processed/chair/test/chair_0915.npz,8,chair,8,chair,1,0.994096,8 30 12 3 25,chair sofa desk bench piano
616,616,/home/udays/geometric_deep_learning/data/processed/chair/test/chair_0916.npz,8,chair,8,chair,1,0.999990,8 20 22 3 29,chair laptop monitor bench sink
617,617,/home/udays/geometric_deep_learning/data/processed/chair/test/chair_0917.npz,8,chair,8,chair,1,0.999953,8 32 29 20 35,chair stool sink laptop toilet
618,618,/home/udays/geometric_deep_learning/data/processed/chair/test/chair_0918.npz,8,chair,8,chair,1,0.999999,8 12 35 32 23,chair desk toilet stool night_stand
619,619,/home/udays/geometric_deep_learning/data/processed/chair/test/chair_0919.npz,8,chair,8,chair,1,0.999957,8 32 25 23 3,chair stool piano night_stand bench
620,620,/home/udays/geometric_deep_learning/data/processed/chair/test/chair_0920.npz,8,chair,32,stool,0,0.897668,32 8 4 33 19,stool chair bookshelf table lamp
621,621,/home/udays/geometric_deep_learning/data/processed/chair/test/chair_0921.npz,8,chair,8,chair,1,0.999990,8 32 35 3 20,chair stool toilet bench laptop
622,622,/home/udays/geometric_deep_learning/data/processed/chair/test/chair_0922.npz,8,chair,8,chair,1,0.999845,8 35 29 2 32,chair toilet sink bed stool
623,623,/home/udays/geometric_deep_learning/data/processed/chair/test/chair_0923.npz,8,chair,8,chair,1,0.999888,8 32 29 35 23,chair stool sink toilet night_stand
624,624,/home/udays/geometric_deep_learning/data/processed/chair/test/chair_0924.npz,8,chair,8,chair,1,0.997275,8 35 32 37 15,chair toilet stool vase flower_pot
625,625,/home/udays/geometric_deep_learning/data/processed/chair/test/chair_0925.npz,8,chair,8,chair,1,0.999999,8 29 32 12 35,chair sink stool desk toilet
626,626,/home/udays/geometric_deep_learning/data/processed/chair/test/chair_0926.npz,8,chair,8,chair,1,0.978451,8 12 23 29 36,chair desk night_stand sink tv_stand
627,627,/home/udays/geometric_deep_learning/data/processed/chair/test/chair_0927.npz,8,chair,8,chair,1,0.999938,8 2 3 23 12,chair bed bench night_stand desk
628,628,/home/udays/geometric_deep_learning/data/processed/chair/test/chair_0928.npz,8,chair,8,chair,1,0.999994,8 35 32 29 23,chair toilet stool sink night_stand
629,629,/home/udays/geometric_deep_learning/data/processed/chair/test/chair_0929.npz,8,chair,8,chair,1,0.999939,8 2 3 30 23,chair bed bench sofa night_stand
630,630,/home/udays/geometric_deep_learning/data/processed/chair/test/chair_0930.npz,8,chair,8,chair,1,1.000000,8 35 32 22 29,chair toilet stool monitor sink
631,631,/home/udays/geometric_deep_learning/data/processed/chair/test/chair_0931.npz,8,chair,8,chair,1,0.999958,8 37 26 20 22,chair vase plant laptop monitor
632,632,/home/udays/geometric_deep_learning/data/processed/chair/test/chair_0932.npz,8,chair,8,chair,1,0.999971,8 35 29 23 32,chair toilet sink night_stand stool
633,633,/home/udays/geometric_deep_learning/data/processed/chair/test/chair_0933.npz,8,chair,8,chair,1,0.999997,8 35 2 32 29,chair toilet bed stool sink
634,634,/home/udays/geometric_deep_learning/data/processed/chair/test/chair_0934.npz,8,chair,8,chair,1,0.999958,8 2 20 30 22,chair bed laptop sofa monitor
635,635,/home/udays/geometric_deep_learning/data/processed/chair/test/chair_0935.npz,8,chair,8,chair,1,0.999920,8 22 2 3 20,chair monitor bed bench laptop
636,636,/home/udays/geometric_deep_learning/data/processed/chair/test/chair_0936.npz,8,chair,8,chair,1,0.999982,8 30 20 2 6,chair sofa laptop bed bowl
637,637,/home/udays/geometric_deep_learning/data/processed/chair/test/chair_0937.npz,8,chair,8,chair,1,0.999984,8 35 32 29 37,chair toilet stool sink vase
638,638,/home/udays/geometric_deep_learning/data/processed/chair/test/chair_0938.npz,8,chair,8,chair,1,0.999999,8 29 20 3 32,chair sink laptop bench stool
639,639,/home/udays/geometric_deep_learning/data/processed/chair/test/chair_0939.npz,8,chair,8,chair,1,0.999990,8 35 32 12 29,chair toilet stool desk sink
640,640,/home/udays/geometric_deep_learning/data/processed/chair/test/chair_0940.npz,8,chair,8,chair,1,0.999989,8 32 3 12 29,chair stool bench desk sink
641,641,/home/udays/geometric_deep_learning/data/processed/chair/test/chair_0941.npz,8,chair,8,chair,1,0.999516,8 29 3 12 2,chair sink bench desk bed
642,642,/home/udays/geometric_deep_learning/data/processed/chair/test/chair_0942.npz,8,chair,8,chair,1,0.999995,8 29 12 3 20,chair sink desk bench laptop
643,643,/home/udays/geometric_deep_learning/data/processed/chair/test/chair_0943.npz,8,chair,8,chair,1,0.999998,8 32 24 26 35,chair stool person plant toilet
644,644,/home/udays/geometric_deep_learning/data/processed/chair/test/chair_0944.npz,8,chair,8,chair,1,0.982324,8 32 13 29 4,chair stool door sink bookshelf
645,645,/home/udays/geometric_deep_learning/data/processed/chair/test/chair_0945.npz,8,chair,8,chair,1,0.999996,8 12 23 3 29,chair desk night_stand bench sink
646,646,/home/udays/geometric_deep_learning/data/processed/chair/test/chair_0946.npz,8,chair,8,chair,1,0.999961,8 29 20 26 3,chair sink laptop plant bench
647,647,/home/udays/geometric_deep_learning/data/processed/chair/test/chair_0947.npz,8,chair,8,chair,1,0.999967,8 29 35 2 32,chair sink toilet bed stool
648,648,/home/udays/geometric_deep_learning/data/processed/chair/test/chair_0948.npz,8,chair,8,chair,1,0.987062,8 32 23 35 2,chair stool night_stand toilet bed
649,649,/home/udays/geometric_deep_learning/data/processed/chair/test/chair_0949.npz,8,chair,8,chair,1,0.999592,8 32 29 12 35,chair stool sink desk toilet
650,650,/home/udays/geometric_deep_learning/data/processed/chair/test/chair_0950.npz,8,chair,8,chair,1,0.999499,8 20 3 32 33,chair laptop bench stool table
651,651,/home/udays/geometric_deep_learning/data/processed/chair/test/chair_0951.npz,8,chair,8,chair,1,0.999840,8 22 25 29 3,chair monitor piano sink bench
652,652,/home/udays/geometric_deep_learning/data/processed/chair/test/chair_0952.npz,8,chair,8,chair,1,0.999993,8 20 22 12 3,chair laptop monitor desk bench
653,653,/home/udays/geometric_deep_learning/data/processed/chair/test/chair_0953.npz,8,chair,8,chair,1,0.985133,8 35 32 28 29,chair toilet stool range_hood sink
654,654,/home/udays/geometric_deep_learning/data/processed/chair/test/chair_0954.npz,8,chair,8,chair,1,1.000000,8 22 35 20 32,chair monitor toilet laptop stool
655,655,/home/udays/geometric_deep_learning/data/processed/chair/test/chair_0955.npz,8,chair,8,chair,1,0.999970,8 32 3 12 22,chair stool bench desk monitor
656,656,/home/udays/geometric_deep_learning/data/processed/chair/test/chair_0956.npz,8,chair,8,chair,1,0.999998,8 32 3 20 12,chair stool bench laptop desk
657,657,/home/udays/geometric_deep_learning/data/processed/chair/test/chair_0957.npz,8,chair,8,chair,1,0.999969,8 32 3 12 33,chair stool bench desk table
658,658,/home/udays/geometric_deep_learning/data/processed/chair/test/chair_0958.npz,8,chair,8,chair,1,0.997397,8 2 23 30 29,chair bed night_stand sofa sink
659,659,/home/udays/geometric_deep_learning/data/processed/chair/test/chair_0959.npz,8,chair,8,chair,1,0.999998,8 3 32 12 2,chair bench stool desk bed
660,660,/home/udays/geometric_deep_learning/data/processed/chair/test/chair_0960.npz,8,chair,8,chair,1,0.999996,8 35 29 2 32,chair toilet sink bed stool
661,661,/home/udays/geometric_deep_learning/data/processed/chair/test/chair_0961.npz,8,chair,8,chair,1,0.999996,8 29 26 32 20,chair sink plant stool laptop
662,662,/home/udays/geometric_deep_learning/data/processed/chair/test/chair_0962.npz,8,chair,8,chair,1,0.999997,8 20 26 22 29,chair laptop plant monitor sink
663,663,/home/udays/geometric_deep_learning/data/processed/chair/test/chair_0963.npz,8,chair,8,chair,1,0.999998,8 29 32 23 35,chair sink stool night_stand toilet
664,664,/home/udays/geometric_deep_learning/data/processed/chair/test/chair_0964.npz,8,chair,8,chair,1,1.000000,8 35 32 20 22,chair toilet stool laptop monitor
665,665,/home/udays/geometric_deep_learning/data/processed/chair/test/chair_0965.npz,8,chair,8,chair,1,0.999997,8 29 26 20 3,chair sink plant laptop bench
666,666,/home/udays/geometric_deep_learning/data/processed/chair/test/chair_0966.npz,8,chair,8,chair,1,0.999999,8 12 32 25 35,chair desk stool piano toilet
667,667,/home/udays/geometric_deep_learning/data/processed/chair/test/chair_0967.npz,8,chair,8,chair,1,0.999924,8 32 35 29 3,chair stool toilet sink bench
668,668,/home/udays/geometric_deep_learning/data/processed/chair/test/chair_0968.npz,8,chair,8,chair,1,0.999936,8 3 29 12 2,chair bench sink desk bed
669,669,/home/udays/geometric_deep_learning/data/processed/chair/test/chair_0969.npz,8,chair,8,chair,1,0.999991,8 30 2 29 20,chair sofa bed sink laptop
670,670,/home/udays/geometric_deep_learning/data/processed/chair/test/chair_0970.npz,8,chair,8,chair,1,0.999999,8 32 3 29 12,chair stool bench sink desk
671,671,/home/udays/geometric_deep_learning/data/processed/chair/test/chair_0971.npz,8,chair,8,chair,1,1.000000,8 35 22 32 20,chair toilet monitor stool laptop
672,672,/home/udays/geometric_deep_learning/data/processed/chair/test/chair_0972.npz,8,chair,8,chair,1,0.999986,8 32 12 35 23,chair stool desk toilet night_stand
673,673,/home/udays/geometric_deep_learning/data/processed/chair/test/chair_0973.npz,8,chair,8,chair,1,0.994478,8 32 35 12 19,chair stool toilet desk lamp
674,674,/home/udays/geometric_deep_learning/data/processed/chair/test/chair_0974.npz,8,chair,8,chair,1,0.997295,8 20 35 2 32,chair laptop toilet bed stool
675,675,/home/udays/geometric_deep_learning/data/processed/chair/test/chair_0975.npz,8,chair,8,chair,1,0.999813,8 35 29 2 32,chair toilet sink bed stool
676,676,/home/udays/geometric_deep_learning/data/processed/chair/test/chair_0976.npz,8,chair,8,chair,1,0.995012,8 35 12 32 21,chair toilet desk stool mantel
677,677,/home/udays/geometric_deep_learning/data/processed/chair/test/chair_0977.npz,8,chair,8,chair,1,0.999992,8 12 35 23 32,chair desk toilet night_stand stool
678,678,/home/udays/geometric_deep_learning/data/processed/chair/test/chair_0978.npz,8,chair,8,chair,1,0.999997,8 12 29 32 3,chair desk sink stool bench
679,679,/home/udays/geometric_deep_learning/data/processed/chair/test/chair_0979.npz,8,chair,8,chair,1,0.999999,8 23 32 2 12,chair night_stand stool bed desk
680,680,/home/udays/geometric_deep_learning/data/processed/chair/test/chair_0980.npz,8,chair,8,chair,1,0.999992,8 32 3 2 20,chair stool bench bed laptop
681,681,/home/udays/geometric_deep_learning/data/processed/chair/test/chair_0981.npz,8,chair,8,chair,1,0.999992,8 32 2 29 20,chair stool bed sink laptop
682,682,/home/udays/geometric_deep_learning/data/processed/chair/test/chair_0982.npz,8,chair,8,chair,1,0.999961,8 29 12 32 23,chair sink desk stool night_stand
683,683,/home/udays/geometric_deep_learning/data/processed/chair/test/chair_0983.npz,8,chair,8,chair,1,0.999905,8 35 29 32 20,chair toilet sink stool laptop
684,684,/home/udays/geometric_deep_learning/data/processed/chair/test/chair_0984.npz,8,chair,8,chair,1,0.999951,8 35 32 29 2,chair toilet stool sink bed
685,685,/home/udays/geometric_deep_learning/data/processed/chair/test/chair_0985.npz,8,chair,8,chair,1,0.997303,8 31 35 20 32,chair stairs toilet laptop stool
686,686,/home/udays/geometric_deep_learning/data/processed/chair/test/chair_0986.npz,8,chair,8,chair,1,0.999995,8 35 32 23 12,chair toilet stool night_stand desk
687,687,/home/udays/geometric_deep_learning/data/processed/chair/test/chair_0987.npz,8,chair,8,chair,1,0.999980,8 20 3 2 12,chair laptop bench bed desk
688,688,/home/udays/geometric_deep_learning/data/processed/chair/test/chair_0988.npz,8,chair,8,chair,1,0.999722,8 3 29 12 33,chair bench sink desk table
689,689,/home/udays/geometric_deep_learning/data/processed/chair/test/chair_0989.npz,8,chair,8,chair,1,0.999995,8 12 23 29 3,chair desk night_stand sink bench
690,690,/home/udays/geometric_deep_learning/data/processed/cone/test/cone_0168.npz,9,cone,9,cone,1,0.997907,9 34 6 37 19,cone tent bowl vase lamp
691,691,/home/udays/geometric_deep_learning/data/processed/cone/test/cone_0169.npz,9,cone,9,cone,1,0.995124,9 34 6 37 19,cone tent bowl vase lamp
692,692,/home/udays/geometric_deep_learning/data/processed/cone/test/cone_0170.npz,9,cone,9,cone,1,0.999967,9 34 37 6 26,cone tent vase bowl plant
693,693,/home/udays/geometric_deep_learning/data/processed/cone/test/cone_0171.npz,9,cone,9,cone,1,0.999940,9 37 34 6 5,cone vase tent bowl bottle
694,694,/home/udays/geometric_deep_learning/data/processed/cone/test/cone_0172.npz,9,cone,9,cone,1,0.999948,9 34 37 6 5,cone tent vase bowl bottle
695,695,/home/udays/geometric_deep_learning/data/processed/cone/test/cone_0173.npz,9,cone,9,cone,1,0.975718,9 5 37 34 15,cone bottle vase tent flower_pot
696,696,/home/udays/geometric_deep_learning/data/processed/cone/test/cone_0174.npz,9,cone,9,cone,1,0.791261,9 34 6 37 19,cone tent bowl vase lamp
697,697,/home/udays/geometric_deep_learning/data/processed/cone/test/cone_0175.npz,9,cone,9,cone,1,0.999968,9 34 37 6 5,cone tent vase bowl bottle
698,698,/home/udays/geometric_deep_learning/data/processed/cone/test/cone_0176.npz,9,cone,24,person,0,0.442804,24 19 34 26 5,person lamp tent plant bottle
699,699,/home/udays/geometric_deep_learning/data/processed/cone/test/cone_0177.npz,9,cone,9,cone,1,0.999917,9 37 34 6 5,cone vase tent bowl bottle
700,700,/home/udays/geometric_deep_learning/data/processed/cone/test/cone_0178.npz,9,cone,9,cone,1,0.999692,9 34 37 5 19,cone tent vase bottle lamp
701,701,/home/udays/geometric_deep_learning/data/processed/cone/test/cone_0179.npz,9,cone,9,cone,1,0.999952,9 37 34 6 5,cone vase tent bowl bottle
702,702,/home/udays/geometric_deep_learning/data/processed/cone/test/cone_0180.npz,9,cone,9,cone,1,0.997316,9 34 6 37 31,cone tent bowl vase stairs
703,703,/home/udays/geometric_deep_learning/data/processed/cone/test/cone_0181.npz,9,cone,9,cone,1,0.962397,9 34 37 19 26,cone tent vase lamp plant
704,704,/home/udays/geometric_deep_learning/data/processed/cone/test/cone_0182.npz,9,cone,9,cone,1,0.999689,9 34 37 6 5,cone tent vase bowl bottle
705,705,/home/udays/geometric_deep_learning/data/processed/cone/test/cone_0183.npz,9,cone,9,cone,1,0.997962,9 34 20 28 31,cone tent laptop range_hood stairs
706,706,/home/udays/geometric_deep_learning/data/processed/cone/test/cone_0184.npz,9,cone,9,cone,1,0.999961,9 34 37 5 24,cone tent vase bottle person
707,707,/home/udays/geometric_deep_learning/data/processed/cone/test/cone_0185.npz,9,cone,28,range_hood,0,0.950247,28 9 21 19 34,range_hood cone mantel lamp tent
708,708,/home/udays/geometric_deep_learning/data/processed/cone/test/cone_0186.npz,9,cone,9,cone,1,0.999926,9 37 34 6 5,cone vase tent bowl bottle
709,709,/home/udays/geometric_deep_learning/data/processed/cone/test/cone_0187.npz,9,cone,9,cone,1,0.999466,9 34 37 26 19,cone tent vase plant lamp
710,710,/home/udays/geometric_deep_learning/data/processed/cup/test/cup_0080.npz,10,cup,37,vase,0,0.415399,37 10 15 19 22,vase cup flower_pot lamp monitor
711,711,/home/udays/geometric_deep_learning/data/processed/cup/test/cup_0081.npz,10,cup,37,vase,0,0.781176,37 15 10 5 19,vase flower_pot cup bottle lamp
712,712,/home/udays/geometric_deep_learning/data/processed/cup/test/cup_0082.npz,10,cup,15,flower_pot,0,0.410916,15 10 37 6 29,flower_pot cup vase bowl sink
713,713,/home/udays/geometric_deep_learning/data/processed/cup/test/cup_0083.npz,10,cup,6,bowl,0,0.876658,6 15 29 1 10,bowl flower_pot sink bathtub cup
714,714,/home/udays/geometric_deep_learning/data/processed/cup/test/cup_0084.npz,10,cup,10,cup,1,0.789016,10 15 37 6 19,cup flower_pot vase bowl lamp
715,715,/home/udays/geometric_deep_learning/data/processed/cup/test/cup_0085.npz,10,cup,10,cup,1,0.792982,10 15 37 19 6,cup flower_pot vase lamp bowl
716,716,/home/udays/geometric_deep_learning/data/processed/cup/test/cup_0086.npz,10,cup,10,cup,1,0.851187,10 15 37 19 6,cup flower_pot vase lamp bowl
717,717,/home/udays/geometric_deep_learning/data/processed/cup/test/cup_0087.npz,10,cup,10,cup,1,0.508087,10 15 37 6 19,cup flower_pot vase bowl lamp
718,718,/home/udays/geometric_deep_learning/data/processed/cup/test/cup_0088.npz,10,cup,37,vase,0,0.499247,37 15 10 6 19,vase flower_pot cup bowl lamp
719,719,/home/udays/geometric_deep_learning/data/processed/cup/test/cup_0089.npz,10,cup,10,cup,1,0.845919,10 15 37 29 1,cup flower_pot vase sink bathtub
720,720,/home/udays/geometric_deep_learning/data/processed/cup/test/cup_0090.npz,10,cup,37,vase,0,0.633880,37 15 10 5 6,vase flower_pot cup bottle bowl
721,721,/home/udays/geometric_deep_learning/data/processed/cup/test/cup_0091.npz,10,cup,10,cup,1,0.891971,10 15 37 22 14,cup flower_pot vase monitor dresser
722,722,/home/udays/geometric_deep_learning/data/processed/cup/test/cup_0092.npz,10,cup,10,cup,1,0.461937,10 15 37 6 19,cup flower_pot vase bowl lamp
723,723,/home/udays/geometric_deep_learning/data/processed/cup/test/cup_0093.npz,10,cup,37,vase,0,0.812333,37 15 10 6 5,vase flower_pot cup bowl bottle
724,724,/home/udays/geometric_deep_learning/data/processed/cup/test/cup_0094.npz,10,cup,10,cup,1,0.965635,10 15 37 22 16,cup flower_pot vase monitor glass_box
725,725,/home/udays/geometric_deep_learning/data/processed/cup/test/cup_0095.npz,10,cup,10,cup,1,0.658224,10 37 15 19 6,cup vase flower_pot lamp bowl
726,726,/home/udays/geometric_deep_learning/data/processed/cup/test/cup_0096.npz,10,cup,10,cup,1,0.914038,10 15 37 22 6,cup flower_pot vase monitor bowl
727,727,/home/udays/geometric_deep_learning/data/processed/cup/test/cup_0097.npz,10,cup,10,cup,1,0.495568,10 15 37 6 5,cup flower_pot vase bowl bottle
728,728,/home/udays/geometric_deep_learning/data/processed/cup/test/cup_0098.npz,10,cup,10,cup,1,0.850040,10 15 37 19 22,cup flower_pot vase lamp monitor
729,729,/home/udays/geometric_deep_learning/data/processed/cup/test/cup_0099.npz,10,cup,37,vase,0,0.640846,37 15 10 5 19,vase flower_pot cup bottle lamp
730,730,/home/udays/geometric_deep_learning/data/processed/curtain/test/curtain_0139.npz,11,curtain,13,door,0,0.555606,13 11 4 37 24,door curtain bookshelf vase person
731,731,/home/udays/geometric_deep_learning/data/processed/curtain/test/curtain_0140.npz,11,curtain,11,curtain,1,0.791292,11 13 21 22 4,curtain door mantel monitor bookshelf
732,732,/home/udays/geometric_deep_learning/data/processed/curtain/test/curtain_0141.npz,11,curtain,11,curtain,1,0.806752,11 22 13 20 4,curtain monitor door laptop bookshelf
733,733,/home/udays/geometric_deep_learning/data/processed/curtain/test/curtain_0142.npz,11,curtain,11,curtain,1,0.571337,11 22 4 21 13,curtain monitor bookshelf mantel door
734,734,/home/udays/geometric_deep_learning/data/processed/curtain/test/curtain_0143.npz,11,curtain,11,curtain,1,0.614682,11 22 4 13 20,curtain monitor bookshelf door laptop
735,735,/home/udays/geometric_deep_learning/data/processed/curtain/test/curtain_0144.npz,11,curtain,11,curtain,1,0.969553,11 26 13 24 0,curtain plant door person airplane
736,736,/home/udays/geometric_deep_learning/data/processed/curtain/test/curtain_0145.npz,11,curtain,13,door,0,0.628354,13 11 37 24 4,door curtain vase person bookshelf
737,737,/home/udays/geometric_deep_learning/data/processed/curtain/test/curtain_0146.npz,11,curtain,11,curtain,1,0.970113,11 13 26 20 22,curtain door plant laptop monitor
738,738,/home/udays/geometric_deep_learning/data/processed/curtain/test/curtain_0147.npz,11,curtain,11,curtain,1,0.523647,11 13 37 26 24,curtain door vase plant person
739,739,/home/udays/geometric_deep_learning/data/processed/curtain/test/curtain_0148.npz,11,curtain,11,curtain,1,0.801044,11 13 24 37 26,curtain door person vase plant
740,740,/home/udays/geometric_deep_learning/data/processed/curtain/test/curtain_0149.npz,11,curtain,13,door,0,0.761058,13 11 4 21 28,door curtain bookshelf mantel range_hood
741,741,/home/udays/geometric_deep_learning/data/processed/curtain/test/curtain_0150.npz,11,curtain,11,curtain,1,0.495875,11 20 13 9 22,curtain laptop door cone monitor
742,742,/home/udays/geometric_deep_learning/data/processed/curtain/test/curtain_0151.npz,11,curtain,11,curtain,1,0.779205,11 13 26 20 37,curtain door plant laptop vase
743,743,/home/udays/geometric_deep_learning/data/processed/curtain/test/curtain_0152.npz,11,curtain,11,curtain,1,0.831220,11 13 26 37 24,curtain door plant vase person
744,744,/home/udays/geometric_deep_learning/data/processed/curtain/test/curtain_0153.npz,11,curtain,11,curtain,1,0.710347,11 13 20 37 26,curtain door laptop vase plant
745,745,/home/udays/geometric_deep_learning/data/processed/curtain/test/curtain_0154.npz,11,curtain,11,curtain,1,0.923002,11 13 17 0 21,curtain door guitar airplane mantel
746,746,/home/udays/geometric_deep_learning/data/processed/curtain/test/curtain_0155.npz,11,curtain,13,door,0,0.546265,13 11 37 24 4,door curtain vase person bookshelf
747,747,/home/udays/geometric_deep_learning/data/processed/curtain/test/curtain_0156.npz,11,curtain,11,curtain,1,0.679976,11 13 20 37 10,curtain door laptop vase cup
748,748,/home/udays/geometric_deep_learning/data/processed/curtain/test/curtain_0157.npz,11,curtain,11,curtain,1,0.830165,11 13 26 20 37,curtain door plant laptop vase
749,749,/home/udays/geometric_deep_learning/data/processed/curtain/test/curtain_0158.npz,11,curtain,13,door,0,0.649601,13 11 4 37 24,door curtain bookshelf vase person
750,750,/home/udays/geometric_deep_learning/data/processed/desk/test/desk_0201.npz,12,desk,12,desk,1,0.896577,12 4 25 36 23,desk bookshelf piano tv_stand night_stand
751,751,/home/udays/geometric_deep_learning/data/processed/desk/test/desk_0202.npz,12,desk,33,table,0,0.884255,33 3 12 36 25,table bench desk tv_stand piano
752,752,/home/udays/geometric_deep_learning/data/processed/desk/test/desk_0203.npz,12,desk,12,desk,1,0.971218,12 36 4 3 21,desk tv_stand bookshelf bench mantel
753,753,/home/udays/geometric_deep_learning/data/processed/desk/test/desk_0204.npz,12,desk,12,desk,1,0.972092,12 36 4 3 33,desk tv_stand bookshelf bench table
754,754,/home/udays/geometric_deep_learning/data/processed/desk/test/desk_0205.npz,12,desk,12,desk,1,0.862214,12 29 25 23 4,desk sink piano night_stand bookshelf
755,755,/home/udays/geometric_deep_learning/data/processed/desk/test/desk_0206.npz,12,desk,12,desk,1,0.998362,12 36 25 4 21,desk tv_stand piano bookshelf mantel
756,756,/home/udays/geometric_deep_learning/data/processed/desk/test/desk_0207.npz,12,desk,25,piano,0,0.988264,25 3 33 12 2,piano bench table desk bed
757,757,/home/udays/geometric_deep_learning/data/processed/desk/test/desk_0208.npz,12,desk,12,desk,1,0.682891,12 3 36 21 33,desk bench tv_stand mantel table
758,758,/home/udays/geometric_deep_learning/data/processed/desk/test/desk_0209.npz,12,desk,12,desk,1,0.997942,12 36 21 3 33,desk tv_stand mantel bench table
759,759,/home/udays/geometric_deep_learning/data/processed/desk/test/desk_0210.npz,12,desk,12,desk,1,0.721766,12 0 36 29 8,desk airplane tv_stand sink chair
760,760,/home/udays/geometric_deep_learning/data/processed/desk/test/desk_0211.npz,12,desk,12,desk,1,0.842111,12 33 36 3 0,desk table tv_stand bench airplane
761,761,/home/udays/geometric_deep_learning/data/processed/desk/test/desk_0212.npz,12,desk,12,desk,1,0.998969,12 8 36 35 21,desk chair tv_stand toilet mantel
762,762,/home/udays/geometric_deep_learning/data/processed/desk/test/desk_0213.npz,12,desk,12,desk,1,0.990378,12 36 21 3 33,desk tv_stand mantel bench table
763,763,/home/udays/geometric_deep_learning/data/processed/desk/test/desk_0214.npz,12,desk,12,desk,1,0.988544,12 36 3 21 33,desk tv_stand bench mantel table
764,764,/home/udays/geometric_deep_learning/data/processed/desk/test/desk_0215.npz,12,desk,12,desk,1,0.979086,12 36 33 3 21,desk tv_stand table bench mantel
765,765,/home/udays/geometric_deep_learning/data/processed/desk/test/desk_0216.npz,12,desk,12,desk,1,0.995583,12 36 21 35 3,desk tv_stand mantel toilet bench
766,766,/home/udays/geometric_deep_learning/data/processed/desk/test/desk_0217.npz,12,desk,12,desk,1,0.952356,12 21 36 8 3,desk mantel tv_stand chair bench
767,767,/home/udays/geometric_deep_learning/data/processed/desk/test/desk_0218.npz,12,desk,12,desk,1,0.802172,12 36 3 33 4,desk tv_stand bench table bookshelf
768,768,/home/udays/geometric_deep_learning/data/processed/desk/test/desk_0219.npz,12,desk,29,sink,0,0.914327,29 12 35 23 8,sink desk toilet night_stand chair
769,769,/home/udays/geometric_deep_learning/data/processed/desk/test/desk_0220.npz,12,desk,12,desk,1,0.986426,12 36 33 3 27,desk tv_stand table bench radio
770,770,/home/udays/geometric_deep_learning/data/processed/desk/test/desk_0221.npz,12,desk,12,desk,1,0.648998,12 36 3 33 2,desk tv_stand bench table bed
771,771,/home/udays/geometric_deep_learning/data/processed/desk/test/desk_0222.npz,12,desk,12,desk,1,0.835165,12 33 3 21 36,desk table bench mantel tv_stand
772,772,/home/udays/geometric_deep_learning/data/processed/desk/test/desk_0223.npz,12,desk,36,tv_stand,0,0.752896,36 4 12 23 33,tv_stand bookshelf desk night_stand table
773,773,/home/udays/geometric_deep_learning/data/processed/desk/test/desk_0224.npz,12,desk,12,desk,1,0.612692,12 33 3 25 36,desk table bench piano tv_stand
774,774,/home/udays/geometric_deep_learning/data/processed/desk/test/desk_0225.npz,12,desk,12,desk,1,0.996296,12 3 36 33 25,desk bench tv_stand table piano
775,775,/home/udays/geometric_deep_learning/data/processed/desk/test/desk_0226.npz,12,desk,12,desk,1,0.999133,12 36 3 4 25,desk tv_stand bench bookshelf piano
776,776,/home/udays/geometric_deep_learning/data/processed/desk/test/desk_0227.npz,12,desk,12,desk,1,0.935483,12 36 33 21 4,desk tv_stand table mantel bookshelf
777,777,/home/udays/geometric_deep_learning/data/processed/desk/test/desk_0228.npz,12,desk,12,desk,1,0.997006,12 36 3 21 33,desk tv_stand bench mantel table
778,778,/home/udays/geometric_deep_learning/data/processed/desk/test/desk_0229.npz,12,desk,3,bench,0,0.593420,3 12 36 21 33,bench desk tv_stand mantel table
779,779,/home/udays/geometric_deep_learning/data/processed/desk/test/desk_0230.npz,12,desk,12,desk,1,0.532809,12 36 4 3 25,desk tv_stand bookshelf bench piano
780,780,/home/udays/geometric_deep_learning/data/processed/desk/test/desk_0231.npz,12,desk,4,bookshelf,0,0.509579,4 12 25 36 29,bookshelf desk piano tv_stand sink
781,781,/home/udays/geometric_deep_learning/data/processed/desk/test/desk_0232.npz,12,desk,12,desk,1,0.948531,12 33 36 3 21,desk table tv_stand bench mantel
782,782,/home/udays/geometric_deep_learning/data/processed/desk/test/desk_0233.npz,12,desk,12,desk,1,0.497437,12 25 23 8 4,desk piano night_stand chair bookshelf
783,783,/home/udays/geometric_deep_learning/data/processed/desk/test/desk_0234.npz,12,desk,12,desk,1,0.648170,12 33 23 36 8,desk table night_stand tv_stand chair
784,784,/home/udays/geometric_deep_learning/data/processed/desk/test/desk_0235.npz,12,desk,12,desk,1,0.561890,12 29 25 27 36,desk sink piano radio tv_stand
785,785,/home/udays/geometric_deep_learning/data/processed/desk/test/desk_0236.npz,12,desk,12,desk,1,0.891687,12 33 3 36 0,desk table bench tv_stand airplane
786,786,/home/udays/geometric_deep_learning/data/processed/desk/test/desk_0237.npz,12,desk,12,desk,1,0.995578,12 36 3 21 33,desk tv_stand bench mantel table
787,787,/home/udays/geometric_deep_learning/data/processed/desk/test/desk_0238.npz,12,desk,12,desk,1,0.992808,12 36 3 25 21,desk tv_stand bench piano mantel
788,788,/home/udays/geometric_deep_learning/data/processed/desk/test/desk_0239.npz,12,desk,12,desk,1,0.800133,12 25 3 2 36,desk piano bench bed tv_stand
789,789,/home/udays/geometric_deep_learning/data/processed/desk/test/desk_0240.npz,12,desk,12,desk,1,0.971983,12 21 36 3 33,desk mantel tv_stand bench table
790,790,/home/udays/geometric_deep_learning/data/processed/desk/test/desk_0241.npz,12,desk,12,desk,1,0.963530,12 36 3 33 23,desk tv_stand bench table night_stand
791,791,/home/udays/geometric_deep_learning/data/processed/desk/test/desk_0242.npz,12,desk,12,desk,1,0.853861,12 33 25 3 36,desk table piano bench tv_stand
792,792,/home/udays/geometric_deep_learning/data/processed/desk/test/desk_0243.npz,12,desk,2,bed,0,0.434313,2 30 8 36 23,bed sofa chair tv_stand night_stand
793,793,/home/udays/geometric_deep_learning/data/processed/desk/test/desk_0244.npz,12,desk,12,desk,1,0.994398,12 36 3 21 33,desk tv_stand bench mantel table
794,794,/home/udays/geometric_deep_learning/data/processed/desk/test/desk_0245.npz,12,desk,12,desk,1,0.963981,12 23 36 33 25,desk night_stand tv_stand table piano
795,795,/home/udays/geometric_deep_learning/data/processed/desk/test/desk_0246.npz,12,desk,3,bench,0,0.544398,3 12 33 36 2,bench desk table tv_stand bed
796,796,/home/udays/geometric_deep_learning/data/processed/desk/test/desk_0247.npz,12,desk,12,desk,1,0.991515,12 36 3 21 4,desk tv_stand bench mantel bookshelf
797,797,/home/udays/geometric_deep_learning/data/processed/desk/test/desk_0248.npz,12,desk,12,desk,1,0.967539,12 36 3 25 4,desk tv_stand bench piano bookshelf
798,798,/home/udays/geometric_deep_learning/data/processed/desk/test/desk_0249.npz,12,desk,12,desk,1,0.948326,12 33 36 0 3,desk table tv_stand airplane bench
799,799,/home/udays/geometric_deep_learning/data/processed/desk/test/desk_0250.npz,12,desk,12,desk,1,0.980571,12 23 21 25 36,desk night_stand mantel piano tv_stand
800,800,/home/udays/geometric_deep_learning/data/processed/desk/test/desk_0251.npz,12,desk,33,table,0,0.673521,33 12 3 36 32,table desk bench tv_stand stool
801,801,/home/udays/geometric_deep_learning/data/processed/desk/test/desk_0252.npz,12,desk,12,desk,1,0.743535,12 25 23 36 4,desk piano night_stand tv_stand bookshelf
802,802,/home/udays/geometric_deep_learning/data/processed/desk/test/desk_0253.npz,12,desk,12,desk,1,0.998194,12 36 21 3 25,desk tv_stand mantel bench piano
803,803,/home/udays/geometric_deep_learning/data/processed/desk/test/desk_0254.npz,12,desk,12,desk,1,0.663773,12 36 3 33 4,desk tv_stand bench table bookshelf
804,804,/home/udays/geometric_deep_learning/data/processed/desk/test/desk_0255.npz,12,desk,12,desk,1,0.644421,12 3 25 2 8,desk bench piano bed chair
805,805,/home/udays/geometric_deep_learning/data/processed/desk/test/desk_0256.npz,12,desk,12,desk,1,0.997181,12 36 3 33 21,desk tv_stand bench table mantel
806,806,/home/udays/geometric_deep_learning/data/processed/desk/test/desk_0257.npz,12,desk,12,desk,1,0.958680,12 3 36 33 29,desk bench tv_stand table sink
807,807,/home/udays/geometric_deep_learning/data/processed/desk/test/desk_0258.npz,12,desk,8,chair,0,0.323330,8 2 23 12 36,chair bed night_stand desk tv_stand
808,808,/home/udays/geometric_deep_learning/data/processed/desk/test/desk_0259.npz,12,desk,4,bookshelf,0,0.896618,4 12 36 23 21,bookshelf desk tv_stand night_stand mantel
809,809,/home/udays/geometric_deep_learning/data/processed/desk/test/desk_0260.npz,12,desk,12,desk,1,0.992829,12 36 23 25 3,desk tv_stand night_stand piano bench
810,810,/home/udays/geometric_deep_learning/data/processed/desk/test/desk_0261.npz,12,desk,12,desk,1,0.507880,12 36 4 3 33,desk tv_stand bookshelf bench table
811,811,/home/udays/geometric_deep_learning/data/processed/desk/test/desk_0262.npz,12,desk,12,desk,1,0.922826,12 36 33 3 23,desk tv_stand table bench night_stand
812,812,/home/udays/geometric_deep_learning/data/processed/desk/test/desk_0263.npz,12,desk,12,desk,1,0.414214,12 36 3 33 29,desk tv_stand bench table sink
813,813,/home/udays/geometric_deep_learning/data/processed/desk/test/desk_0264.npz,12,desk,12,desk,1,0.885857,12 36 3 33 4,desk tv_stand bench table bookshelf
814,814,/home/udays/geometric_deep_learning/data/processed/desk/test/desk_0265.npz,12,desk,12,desk,1,0.832393,12 33 23 25 36,desk table night_stand piano tv_stand
815,815,/home/udays/geometric_deep_learning/data/processed/desk/test/desk_0266.npz,12,desk,36,tv_stand,0,0.512716,36 14 4 23 27,tv_stand dresser bookshelf night_stand radio
816,816,/home/udays/geometric_deep_learning/data/processed/desk/test/desk_0267.npz,12,desk,12,desk,1,0.939215,12 33 36 3 0,desk table tv_stand bench airplane
817,817,/home/udays/geometric_deep_learning/data/processed/desk/test/desk_0268.npz,12,desk,21,mantel,0,0.400900,21 12 32 25 33,mantel desk stool piano table
818,818,/home/udays/geometric_deep_learning/data/processed/desk/test/desk_0269.npz,12,desk,12,desk,1,0.419436,12 23 14 36 21,desk night_stand dresser tv_stand mantel
819,819,/home/udays/geometric_deep_learning/data/processed/desk/test/desk_0270.npz,12,desk,12,desk,1,0.993146,12 36 33 3 29,desk tv_stand table bench sink
820,820,/home/udays/geometric_deep_learning/data/processed/desk/test/desk_0271.npz,12,desk,12,desk,1,0.988114,12 25 36 3 27,desk piano tv_stand bench radio
821,821,/home/udays/geometric_deep_learning/data/processed/desk/test/desk_0272.npz,12,desk,12,desk,1,0.996002,12 36 21 3 33,desk tv_stand mantel bench table
822,822,/home/udays/geometric_deep_learning/data/processed/desk/test/desk_0273.npz,12,desk,12,desk,1,0.810627,12 36 33 23 21,desk tv_stand table night_stand mantel
823,823,/home/udays/geometric_deep_learning/data/processed/desk/test/desk_0274.npz,12,desk,12,desk,1,0.989389,12 3 30 8 36,desk bench sofa chair tv_stand
824,824,/home/udays/geometric_deep_learning/data/processed/desk/test/desk_0275.npz,12,desk,12,desk,1,0.821530,12 36 4 3 25,desk tv_stand bookshelf bench piano
825,825,/home/udays/geometric_deep_learning/data/processed/desk/test/desk_0276.npz,12,desk,36,tv_stand,0,0.888415,36 12 4 23 14,tv_stand desk bookshelf night_stand dresser
826,826,/home/udays/geometric_deep_learning/data/processed/desk/test/desk_0277.npz,12,desk,12,desk,1,0.997346,12 36 3 21 33,desk tv_stand bench mantel table
827,827,/home/udays/geometric_deep_learning/data/processed/desk/test/desk_0278.npz,12,desk,36,tv_stand,0,0.713694,36 12 4 23 33,tv_stand desk bookshelf night_stand table
828,828,/home/udays/geometric_deep_learning/data/processed/desk/test/desk_0279.npz,12,desk,12,desk,1,0.687261,12 25 8 23 36,desk piano chair night_stand tv_stand
829,829,/home/udays/geometric_deep_learning/data/processed/desk/test/desk_0280.npz,12,desk,12,desk,1,0.998212,12 33 36 3 0,desk table tv_stand bench airplane
830,830,/home/udays/geometric_deep_learning/data/processed/desk/test/desk_0281.npz,12,desk,12,desk,1,0.925247,12 36 23 33 27,desk tv_stand night_stand table radio
831,831,/home/udays/geometric_deep_learning/data/processed/desk/test/desk_0282.npz,12,desk,12,desk,1,0.932812,12 36 33 3 4,desk tv_stand table bench bookshelf
832,832,/home/udays/geometric_deep_learning/data/processed/desk/test/desk_0283.npz,12,desk,12,desk,1,0.722511,12 3 36 2 30,desk bench tv_stand bed sofa
833,833,/home/udays/geometric_deep_learning/data/processed/desk/test/desk_0284.npz,12,desk,12,desk,1,0.993159,12 36 25 33 27,desk tv_stand piano table radio
834,834,/home/udays/geometric_deep_learning/data/processed/desk/test/desk_0285.npz,12,desk,12,desk,1,0.926922,12 25 4 36 0,desk piano bookshelf tv_stand airplane
835,835,/home/udays/geometric_deep_learning/data/processed/desk/test/desk_0286.npz,12,desk,12,desk,1,0.999263,12 36 3 33 21,desk tv_stand bench table mantel
836,836,/home/udays/geometric_deep_learning/data/processed/door/test/door_0110.npz,13,door,13,door,1,0.943318,13 11 37 4 38,door curtain vase bookshelf wardrobe
837,837,/home/udays/geometric_deep_learning/data/processed/door/test/door_0111.npz,13,door,13,door,1,0.930241,13 11 37 4 38,door curtain vase bookshelf wardrobe
838,838,/home/udays/geometric_deep_learning/data/processed/door/test/door_0112.npz,13,door,13,door,1,0.917841,13 11 37 4 24,door curtain vase bookshelf person
839,839,/home/udays/geometric_deep_learning/data/processed/door/test/door_0113.npz,13,door,13,door,1,0.821136,13 11 37 4 24,door curtain vase bookshelf person
840,840,/home/udays/geometric_deep_learning/data/processed/door/test/door_0114.npz,13,door,13,door,1,0.823057,13 11 37 4 24,door curtain vase bookshelf person
841,841,/home/udays/geometric_deep_learning/data/processed/door/test/door_0115.npz,13,door,13,door,1,0.548884,13 11 24 37 26,door curtain person vase plant
842,842,/home/udays/geometric_deep_learning/data/processed/door/test/door_0116.npz,13,door,13,door,1,0.830126,13 11 37 24 15,door curtain vase person flower_pot
843,843,/home/udays/geometric_deep_learning/data/processed/door/test/door_0117.npz,13,door,13,door,1,0.862751,13 11 37 10 4,door curtain vase cup bookshelf
844,844,/home/udays/geometric_deep_learning/data/processed/door/test/door_0118.npz,13,door,13,door,1,0.799679,13 11 37 10 20,door curtain vase cup laptop
845,845,/home/udays/geometric_deep_learning/data/processed/door/test/door_0119.npz,13,door,13,door,1,0.917872,13 11 37 4 39,door curtain vase bookshelf xbox
846,846,/home/udays/geometric_deep_learning/data/processed/door/test/door_0120.npz,13,door,13,door,1,0.944857,13 11 37 4 24,door curtain vase bookshelf person
847,847,/home/udays/geometric_deep_learning/data/processed/door/test/door_0121.npz,13,door,13,door,1,0.312394,13 28 37 20 31,door range_hood vase laptop stairs
848,848,/home/udays/geometric_deep_learning/data/processed/door/test/door_0122.npz,13,door,13,door,1,0.927010,13 11 37 4 39,door curtain vase bookshelf xbox
849,849,/home/udays/geometric_deep_learning/data/processed/door/test/door_0123.npz,13,door,13,door,1,0.902160,13 11 37 4 39,door curtain vase bookshelf xbox
850,850,/home/udays/geometric_deep_learning/data/processed/door/test/door_0124.npz,13,door,13,door,1,0.876476,13 11 32 37 4,door curtain stool vase bookshelf
851,851,/home/udays/geometric_deep_learning/data/processed/door/test/door_0125.npz,13,door,13,door,1,0.964075,13 11 37 4 24,door curtain vase bookshelf person
852,852,/home/udays/geometric_deep_learning/data/processed/door/test/door_0126.npz,13,door,13,door,1,0.903752,13 11 37 4 24,door curtain vase bookshelf person
853,853,/home/udays/geometric_deep_learning/data/processed/door/test/door_0127.npz,13,door,13,door,1,0.935554,13 11 37 4 24,door curtain vase bookshelf person
854,854,/home/udays/geometric_deep_learning/data/processed/door/test/door_0128.npz,13,door,13,door,1,0.815373,13 11 37 20 4,door curtain vase laptop bookshelf
855,855,/home/udays/geometric_deep_learning/data/processed/door/test/door_0129.npz,13,door,11,curtain,0,0.619822,11 13 37 20 26,curtain door vase laptop plant
856,856,/home/udays/geometric_deep_learning/data/processed/dresser/test/dresser_0201.npz,14,dresser,23,night_stand,0,0.557997,23 14 16 38 36,night_stand dresser glass_box wardrobe tv_stand
857,857,/home/udays/geometric_deep_learning/data/processed/dresser/test/dresser_0202.npz,14,dresser,14,dresser,1,0.811518,14 23 4 36 38,dresser night_stand bookshelf tv_stand wardrobe
858,858,/home/udays/geometric_deep_learning/data/processed/dresser/test/dresser_0203.npz,14,dresser,14,dresser,1,0.743387,14 23 38 36 27,dresser night_stand wardrobe tv_stand radio
859,859,/home/udays/geometric_deep_learning/data/processed/dresser/test/dresser_0204.npz,14,dresser,38,wardrobe,0,0.615078,38 14 39 23 4,wardrobe dresser xbox night_stand bookshelf
860,860,/home/udays/geometric_deep_learning/data/processed/dresser/test/dresser_0205.npz,14,dresser,38,wardrobe,0,0.669951,38 14 39 4 23,wardrobe dresser xbox bookshelf night_stand
861,861,/home/udays/geometric_deep_learning/data/processed/dresser/test/dresser_0206.npz,14,dresser,14,dresser,1,0.858343,14 23 36 4 38,dresser night_stand tv_stand bookshelf wardrobe
862,862,/home/udays/geometric_deep_learning/data/processed/dresser/test/dresser_0207.npz,14,dresser,5,bottle,0,0.855310,5 24 4 38 37,bottle person bookshelf wardrobe vase
863,863,/home/udays/geometric_deep_learning/data/processed/dresser/test/dresser_0208.npz,14,dresser,14,dresser,1,0.518676,14 23 4 36 38,dresser night_stand bookshelf tv_stand wardrobe
864,864,/home/udays/geometric_deep_learning/data/processed/dresser/test/dresser_0209.npz,14,dresser,14,dresser,1,0.467868,14 38 39 23 27,dresser wardrobe xbox night_stand radio
865,865,/home/udays/geometric_deep_learning/data/processed/dresser/test/dresser_0210.npz,14,dresser,14,dresser,1,0.664099,14 23 38 27 36,dresser night_stand wardrobe radio tv_stand
866,866,/home/udays/geometric_deep_learning/data/processed/dresser/test/dresser_0211.npz,14,dresser,14,dresser,1,0.549298,14 38 23 27 39,dresser wardrobe night_stand radio xbox
867,867,/home/udays/geometric_deep_learning/data/processed/dresser/test/dresser_0212.npz,14,dresser,33,table,0,0.547653,33 12 36 3 23,table desk tv_stand bench night_stand
868,868,/home/udays/geometric_deep_learning/data/processed/dresser/test/dresser_0213.npz,14,dresser,14,dresser,1,0.512903,14 38 23 27 4,dresser wardrobe night_stand radio bookshelf
869,869,/home/udays/geometric_deep_learning/data/processed/dresser/test/dresser_0214.npz,14,dresser,14,dresser,1,0.753851,14 38 23 27 4,dresser wardrobe night_stand radio bookshelf
870,870,/home/udays/geometric_deep_learning/data/processed/dresser/test/dresser_0215.npz,14,dresser,14,dresser,1,0.799690,14 38 23 36 21,dresser wardrobe night_stand tv_stand mantel
871,871,/home/udays/geometric_deep_learning/data/processed/dresser/test/dresser_0216.npz,14,dresser,14,dresser,1,0.835951,14 23 36 27 16,dresser night_stand tv_stand radio glass_box
872,872,/home/udays/geometric_deep_learning/data/processed/dresser/test/dresser_0217.npz,14,dresser,14,dresser,1,0.541189,14 23 38 36 27,dresser night_stand wardrobe tv_stand radio
873,873,/home/udays/geometric_deep_learning/data/processed/dresser/test/dresser_0218.npz,14,dresser,39,xbox,0,0.424783,39 38 14 22 16,xbox wardrobe dresser monitor glass_box
874,874,/home/udays/geometric_deep_learning/data/processed/dresser/test/dresser_0219.npz,14,dresser,23,night_stand,0,0.696760,23 14 27 36 38,night_stand dresser radio tv_stand wardrobe
875,875,/home/udays/geometric_deep_learning/data/processed/dresser/test/dresser_0220.npz,14,dresser,27,radio,0,0.555158,27 16 36 14 38,radio glass_box tv_stand dresser wardrobe
876,876,/home/udays/geometric_deep_learning/data/processed/dresser/test/dresser_0221.npz,14,dresser,14,dresser,1,0.692772,14 23 4 36 38,dresser night_stand bookshelf tv_stand wardrobe
877,877,/home/udays/geometric_deep_learning/data/processed/dresser/test/dresser_0222.npz,14,dresser,38,wardrobe,0,0.603586,38 14 39 23 4,wardrobe dresser xbox night_stand bookshelf
878,878,/home/udays/geometric_deep_learning/data/processed/dresser/test/dresser_0223.npz,14,dresser,27,radio,0,0.363717,27 14 23 38 36,radio dresser night_stand wardrobe tv_stand
879,879,/home/udays/geometric_deep_learning/data/processed/dresser/test/dresser_0224.npz,14,dresser,27,radio,0,0.374668,27 16 23 14 36,radio glass_box night_stand dresser tv_stand
880,880,/home/udays/geometric_deep_learning/data/processed/dresser/test/dresser_0225.npz,14,dresser,14,dresser,1,0.902160,14 23 4 38 36,dresser night_stand bookshelf wardrobe tv_stand
881,881,/home/udays/geometric_deep_learning/data/processed/dresser/test/dresser_0226.npz,14,dresser,38,wardrobe,0,0.634222,38 14 39 4 23,wardrobe dresser xbox bookshelf night_stand
882,882,/home/udays/geometric_deep_learning/data/processed/dresser/test/dresser_0227.npz,14,dresser,29,sink,0,0.682173,29 23 2 15 16,sink night_stand bed flower_pot glass_box
883,883,/home/udays/geometric_deep_learning/data/processed/dresser/test/dresser_0228.npz,14,dresser,14,dresser,1,0.650800,14 4 38 23 36,dresser bookshelf wardrobe night_stand tv_stand
884,884,/home/udays/geometric_deep_learning/data/processed/dresser/test/dresser_0229.npz,14,dresser,14,dresser,1,0.663528,14 23 38 21 36,dresser night_stand wardrobe mantel tv_stand
885,885,/home/udays/geometric_deep_learning/data/processed/dresser/test/dresser_0230.npz,14,dresser,38,wardrobe,0,0.727271,38 14 39 27 23,wardrobe dresser xbox radio night_stand
886,886,/home/udays/geometric_deep_learning/data/processed/dresser/test/dresser_0231.npz,14,dresser,38,wardrobe,0,0.448159,38 14 39 27 23,wardrobe dresser xbox radio night_stand
887,887,/home/udays/geometric_deep_learning/data/processed/dresser/test/dresser_0232.npz,14,dresser,4,bookshelf,0,0.997593,4 36 38 14 23,bookshelf tv_stand wardrobe dresser night_stand
888,888,/home/udays/geometric_deep_learning/data/processed/dresser/test/dresser_0233.npz,14,dresser,12,desk,0,0.866726,12 36 23 4 29,desk tv_stand night_stand bookshelf sink
889,889,/home/udays/geometric_deep_learning/data/processed/dresser/test/dresser_0234.npz,14,dresser,14,dresser,1,0.652074,14 23 36 38 4,dresser night_stand tv_stand wardrobe bookshelf
890,890,/home/udays/geometric_deep_learning/data/processed/dresser/test/dresser_0235.npz,14,dresser,14,dresser,1,0.814495,14 23 38 36 4,dresser night_stand wardrobe tv_stand bookshelf
891,891,/home/udays/geometric_deep_learning/data/processed/dresser/test/dresser_0236.npz,14,dresser,23,night_stand,0,0.420473,23 14 27 36 16,night_stand dresser radio tv_stand glass_box
892,892,/home/udays/geometric_deep_learning/data/processed/dresser/test/dresser_0237.npz,14,dresser,14,dresser,1,0.830339,14 36 38 23 4,dresser tv_stand wardrobe night_stand bookshelf
893,893,/home/udays/geometric_deep_learning/data/processed/dresser/test/dresser_0238.npz,14,dresser,38,wardrobe,0,0.474109,38 4 14 39 27,wardrobe bookshelf dresser xbox radio
894,894,/home/udays/geometric_deep_learning/data/processed/dresser/test/dresser_0239.npz,14,dresser,38,wardrobe,0,0.486755,38 14 39 27 23,wardrobe dresser xbox radio night_stand
895,895,/home/udays/geometric_deep_learning/data/processed/dresser/test/dresser_0240.npz,14,dresser,14,dresser,1,0.576084,14 23 38 36 27,dresser night_stand wardrobe tv_stand radio
896,896,/home/udays/geometric_deep_learning/data/processed/dresser/test/dresser_0241.npz,14,dresser,27,radio,0,0.250353,27 16 39 21 14,radio glass_box xbox mantel dresser
897,897,/home/udays/geometric_deep_learning/data/processed/dresser/test/dresser_0242.npz,14,dresser,14,dresser,1,0.681976,14 38 23 27 4,dresser wardrobe night_stand radio bookshelf
898,898,/home/udays/geometric_deep_learning/data/processed/dresser/test/dresser_0243.npz,14,dresser,14,dresser,1,0.617210,14 38 23 5 13,dresser wardrobe night_stand bottle door
899,899,/home/udays/geometric_deep_learning/data/processed/dresser/test/dresser_0244.npz,14,dresser,14,dresser,1,0.439836,14 38 39 23 4,dresser wardrobe xbox night_stand bookshelf
900,900,/home/udays/geometric_deep_learning/data/processed/dresser/test/dresser_0245.npz,14,dresser,14,dresser,1,0.857194,14 23 4 38 36,dresser night_stand bookshelf wardrobe tv_stand
901,901,/home/udays/geometric_deep_learning/data/processed/dresser/test/dresser_0246.npz,14,dresser,14,dresser,1,0.805287,14 23 36 4 38,dresser night_stand tv_stand bookshelf wardrobe
902,902,/home/udays/geometric_deep_learning/data/processed/dresser/test/dresser_0247.npz,14,dresser,38,wardrobe,0,0.698379,38 14 39 27 4,wardrobe dresser xbox radio bookshelf
903,903,/home/udays/geometric_deep_learning/data/processed/dresser/test/dresser_0248.npz,14,dresser,14,dresser,1,0.353863,14 38 27 39 23,dresser wardrobe radio xbox night_stand
904,904,/home/udays/geometric_deep_learning/data/processed/dresser/test/dresser_0249.npz,14,dresser,38,wardrobe,0,0.705614,38 14 39 4 23,wardrobe dresser xbox bookshelf night_stand
905,905,/home/udays/geometric_deep_learning/data/processed/dresser/test/dresser_0250.npz,14,dresser,23,night_stand,0,0.685337,23 14 36 16 38,night_stand dresser tv_stand glass_box wardrobe
906,906,/home/udays/geometric_deep_learning/data/processed/dresser/test/dresser_0251.npz,14,dresser,38,wardrobe,0,0.523540,38 14 39 27 23,wardrobe dresser xbox radio night_stand
907,907,/home/udays/geometric_deep_learning/data/processed/dresser/test/dresser_0252.npz,14,dresser,14,dresser,1,0.487920,14 38 23 39 27,dresser wardrobe night_stand xbox radio
908,908,/home/udays/geometric_deep_learning/data/processed/dresser/test/dresser_0253.npz,14,dresser,14,dresser,1,0.436343,14 4 36 38 27,dresser bookshelf tv_stand wardrobe radio
909,909,/home/udays/geometric_deep_learning/data/processed/dresser/test/dresser_0254.npz,14,dresser,27,radio,0,0.489256,27 14 36 16 23,radio dresser tv_stand glass_box night_stand
910,910,/home/udays/geometric_deep_learning/data/processed/dresser/test/dresser_0255.npz,14,dresser,38,wardrobe,0,0.582021,38 14 39 27 23,wardrobe dresser xbox radio night_stand
911,911,/home/udays/geometric_deep_learning/data/processed/dresser/test/dresser_0256.npz,14,dresser,14,dresser,1,0.624637,14 23 38 27 36,dresser night_stand wardrobe radio tv_stand
912,912,/home/udays/geometric_deep_learning/data/processed/dresser/test/dresser_0257.npz,14,dresser,36,tv_stand,0,0.503861,36 14 23 27 4,tv_stand dresser night_stand radio bookshelf
913,913,/home/udays/geometric_deep_learning/data/processed/dresser/test/dresser_0258.npz,14,dresser,36,tv_stand,0,0.935697,36 27 14 4 23,tv_stand radio dresser bookshelf night_stand
914,914,/home/udays/geometric_deep_learning/data/processed/dresser/test/dresser_0259.npz,14,dresser,16,glass_box,0,0.917083,16 27 36 14 23,glass_box radio tv_stand dresser night_stand
915,915,/home/udays/geometric_deep_learning/data/processed/dresser/test/dresser_0260.npz,14,dresser,14,dresser,1,0.780025,14 23 36 4 27,dresser night_stand tv_stand bookshelf radio
916,916,/home/udays/geometric_deep_learning/data/processed/dresser/test/dresser_0261.npz,14,dresser,14,dresser,1,0.759753,14 38 4 23 36,dresser wardrobe bookshelf night_stand tv_stand
917,917,/home/udays/geometric_deep_learning/data/processed/dresser/test/dresser_0262.npz,14,dresser,14,dresser,1,0.521901,14 38 23 5 27,dresser wardrobe night_stand bottle radio
918,918,/home/udays/geometric_deep_learning/data/processed/dresser/test/dresser_0263.npz,14,dresser,14,dresser,1,0.622198,14 38 23 5 13,dresser wardrobe night_stand bottle door
919,919,/home/udays/geometric_deep_learning/data/processed/dresser/test/dresser_0264.npz,14,dresser,14,dresser,1,0.432002,14 38 27 23 39,dresser wardrobe radio night_stand xbox
920,920,/home/udays/geometric_deep_learning/data/processed/dresser/test/dresser_0265.npz,14,dresser,14,dresser,1,0.523622,14 38 23 39 4,dresser wardrobe night_stand xbox bookshelf
921,921,/home/udays/geometric_deep_learning/data/processed/dresser/test/dresser_0266.npz,14,dresser,38,wardrobe,0,0.515020,38 14 23 39 27,wardrobe dresser night_stand xbox radio
922,922,/home/udays/geometric_deep_learning/data/processed/dresser/test/dresser_0267.npz,14,dresser,14,dresser,1,0.724885,14 38 23 5 21,dresser wardrobe night_stand bottle mantel
923,923,/home/udays/geometric_deep_learning/data/processed/dresser/test/dresser_0268.npz,14,dresser,14,dresser,1,0.879419,14 23 38 4 36,dresser night_stand wardrobe bookshelf tv_stand
924,924,/home/udays/geometric_deep_learning/data/processed/dresser/test/dresser_0269.npz,14,dresser,14,dresser,1,0.508867,14 38 23 16 39,dresser wardrobe night_stand glass_box xbox
925,925,/home/udays/geometric_deep_learning/data/processed/dresser/test/dresser_0270.npz,14,dresser,27,radio,0,0.243177,27 23 14 36 29,radio night_stand dresser tv_stand sink
926,926,/home/udays/geometric_deep_learning/data/processed/dresser/test/dresser_0271.npz,14,dresser,38,wardrobe,0,0.721782,38 14 5 39 27,wardrobe dresser bottle xbox radio
927,927,/home/udays/geometric_deep_learning/data/processed/dresser/test/dresser_0272.npz,14,dresser,23,night_stand,0,0.733064,23 14 36 27 38,night_stand dresser tv_stand radio wardrobe
928,928,/home/udays/geometric_deep_learning/data/processed/dresser/test/dresser_0273.npz,14,dresser,23,night_stand,0,0.510549,23 22 14 27 38,night_stand monitor dresser radio wardrobe
929,929,/home/udays/geometric_deep_learning/data/processed/dresser/test/dresser_0274.npz,14,dresser,14,dresser,1,0.517021,14 23 27 38 36,dresser night_stand radio wardrobe tv_stand
930,930,/home/udays/geometric_deep_learning/data/processed/dresser/test/dresser_0275.npz,14,dresser,38,wardrobe,0,0.538690,38 14 39 27 23,wardrobe dresser xbox radio night_stand
931,931,/home/udays/geometric_deep_learning/data/processed/dresser/test/dresser_0276.npz,14,dresser,14,dresser,1,0.875994,14 23 38 4 36,dresser night_stand wardrobe bookshelf tv_stand
932,932,/home/udays/geometric_deep_learning/data/processed/dresser/test/dresser_0277.npz,14,dresser,14,dresser,1,0.516302,14 23 36 4 38,dresser night_stand tv_stand bookshelf wardrobe
933,933,/home/udays/geometric_deep_learning/data/processed/dresser/test/dresser_0278.npz,14,dresser,14,dresser,1,0.953685,14 23 36 4 38,dresser night_stand tv_stand bookshelf wardrobe
934,934,/home/udays/geometric_deep_learning/data/processed/dresser/test/dresser_0279.npz,14,dresser,38,wardrobe,0,0.651624,38 14 39 27 23,wardrobe dresser xbox radio night_stand
935,935,/home/udays/geometric_deep_learning/data/processed/dresser/test/dresser_0280.npz,14,dresser,14,dresser,1,0.736402,14 36 23 4 27,dresser tv_stand night_stand bookshelf radio
936,936,/home/udays/geometric_deep_learning/data/processed/dresser/test/dresser_0281.npz,14,dresser,14,dresser,1,0.494634,14 38 23 27 39,dresser wardrobe night_stand radio xbox
937,937,/home/udays/geometric_deep_learning/data/processed/dresser/test/dresser_0282.npz,14,dresser,14,dresser,1,0.337082,14 23 27 16 36,dresser night_stand radio glass_box tv_stand
938,938,/home/udays/geometric_deep_learning/data/processed/dresser/test/dresser_0283.npz,14,dresser,38,wardrobe,0,0.514987,38 14 23 39 4,wardrobe dresser night_stand xbox bookshelf
939,939,/home/udays/geometric_deep_learning/data/processed/dresser/test/dresser_0284.npz,14,dresser,4,bookshelf,0,0.309593,4 36 23 14 27,bookshelf tv_stand night_stand dresser radio
940,940,/home/udays/geometric_deep_learning/data/processed/dresser/test/dresser_0285.npz,14,dresser,14,dresser,1,0.801902,14 23 36 4 38,dresser night_stand tv_stand bookshelf wardrobe
941,941,/home/udays/geometric_deep_learning/data/processed/dresser/test/dresser_0286.npz,14,dresser,27,radio,0,0.351537,27 36 14 38 4,radio tv_stand dresser wardrobe bookshelf
942,942,/home/udays/geometric_deep_learning/data/processed/flower_pot/test/flower_pot_0150.npz,15,flower_pot,15,flower_pot,1,0.417498,15 35 26 29 37,flower_pot toilet plant sink vase
943,943,/home/udays/geometric_deep_learning/data/processed/flower_pot/test/flower_pot_0151.npz,15,flower_pot,26,plant,0,0.986023,26 15 24 4 22,plant flower_pot person bookshelf monitor
944,944,/home/udays/geometric_deep_learning/data/processed/flower_pot/test/flower_pot_0152.npz,15,flower_pot,15,flower_pot,1,0.666820,15 26 37 10 5,flower_pot plant vase cup bottle
945,945,/home/udays/geometric_deep_learning/data/processed/flower_pot/test/flower_pot_0153.npz,15,flower_pot,37,vase,0,0.929413,37 15 10 5 6,vase flower_pot cup bottle bowl
946,946,/home/udays/geometric_deep_learning/data/processed/flower_pot/test/flower_pot_0154.npz,15,flower_pot,26,plant,0,0.857717,26 15 4 31 29,plant flower_pot bookshelf stairs sink
947,947,/home/udays/geometric_deep_learning/data/processed/flower_pot/test/flower_pot_0155.npz,15,flower_pot,37,vase,0,0.545025,37 15 10 6 5,vase flower_pot cup bowl bottle
948,948,/home/udays/geometric_deep_learning/data/processed/flower_pot/test/flower_pot_0156.npz,15,flower_pot,26,plant,0,0.594209,26 15 29 4 27,plant flower_pot sink bookshelf radio
949,949,/home/udays/geometric_deep_learning/data/processed/flower_pot/test/flower_pot_0157.npz,15,flower_pot,26,plant,0,0.716848,26 15 10 22 6,plant flower_pot cup monitor bowl
950,950,/home/udays/geometric_deep_learning/data/processed/flower_pot/test/flower_pot_0158.npz,15,flower_pot,26,plant,0,0.504088,26 15 29 37 25,plant flower_pot sink vase piano
951,951,/home/udays/geometric_deep_learning/data/processed/flower_pot/test/flower_pot_0159.npz,15,flower_pot,37,vase,0,0.951909,37 15 10 5 26,vase flower_pot cup bottle plant
952,952,/home/udays/geometric_deep_learning/data/processed/flower_pot/test/flower_pot_0160.npz,15,flower_pot,37,vase,0,0.614846,37 15 10 19 26,vase flower_pot cup lamp plant
953,953,/home/udays/geometric_deep_learning/data/processed/flower_pot/test/flower_pot_0161.npz,15,flower_pot,26,plant,0,0.720290,26 15 37 4 10,plant flower_pot vase bookshelf cup
954,954,/home/udays/geometric_deep_learning/data/processed/flower_pot/test/flower_pot_0162.npz,15,flower_pot,15,flower_pot,1,0.466316,15 10 37 6 35,flower_pot cup vase bowl toilet
955,955,/home/udays/geometric_deep_learning/data/processed/flower_pot/test/flower_pot_0163.npz,15,flower_pot,37,vase,0,0.973720,37 15 10 5 9,vase flower_pot cup bottle cone
956,956,/home/udays/geometric_deep_learning/data/processed/flower_pot/test/flower_pot_0164.npz,15,flower_pot,15,flower_pot,1,0.566748,15 26 37 29 4,flower_pot plant vase sink bookshelf
957,957,/home/udays/geometric_deep_learning/data/processed/flower_pot/test/flower_pot_0165.npz,15,flower_pot,26,plant,0,0.550446,26 15 37 35 4,plant flower_pot vase toilet bookshelf
958,958,/home/udays/geometric_deep_learning/data/processed/flower_pot/test/flower_pot_0166.npz,15,flower_pot,26,plant,0,0.647319,26 15 37 29 31,plant flower_pot vase sink stairs
959,959,/home/udays/geometric_deep_learning/data/processed/flower_pot/test/flower_pot_0167.npz,15,flower_pot,26,plant,0,0.690754,26 15 4 37 24,plant flower_pot bookshelf vase person
960,960,/home/udays/geometric_deep_learning/data/processed/flower_pot/test/flower_pot_0168.npz,15,flower_pot,26,plant,0,0.975546,26 15 24 11 4,plant flower_pot person curtain bookshelf
961,961,/home/udays/geometric_deep_learning/data/processed/flower_pot/test/flower_pot_0169.npz,15,flower_pot,26,plant,0,0.716778,26 15 37 24 4,plant flower_pot vase person bookshelf
962,962,/home/udays/geometric_deep_learning/data/processed/glass_box/test/glass_box_0172.npz,16,glass_box,16,glass_box,1,0.938954,16 36 27 14 28,glass_box tv_stand radio dresser range_hood
963,963,/home/udays/geometric_deep_learning/data/processed/glass_box/test/glass_box_0173.npz,16,glass_box,16,glass_box,1,0.995453,16 36 27 14 23,glass_box tv_stand radio dresser night_stand
964,964,/home/udays/geometric_deep_learning/data/processed/glass_box/test/glass_box_0174.npz,16,glass_box,16,glass_box,1,0.968234,16 27 36 14 22,glass_box radio tv_stand dresser monitor
965,965,/home/udays/geometric_deep_learning/data/processed/glass_box/test/glass_box_0175.npz,16,glass_box,16,glass_box,1,0.991400,16 36 27 14 39,glass_box tv_stand radio dresser xbox
966,966,/home/udays/geometric_deep_learning/data/processed/glass_box/test/glass_box_0176.npz,16,glass_box,16,glass_box,1,0.989160,16 36 27 14 23,glass_box tv_stand radio dresser night_stand
967,967,/home/udays/geometric_deep_learning/data/processed/glass_box/test/glass_box_0177.npz,16,glass_box,27,radio,0,0.548351,27 16 22 36 23,radio glass_box monitor tv_stand night_stand
968,968,/home/udays/geometric_deep_learning/data/processed/glass_box/test/glass_box_0178.npz,16,glass_box,16,glass_box,1,0.978893,16 27 36 14 39,glass_box radio tv_stand dresser xbox
969,969,/home/udays/geometric_deep_learning/data/processed/glass_box/test/glass_box_0179.npz,16,glass_box,16,glass_box,1,0.728917,16 23 14 27 22,glass_box night_stand dresser radio monitor
970,970,/home/udays/geometric_deep_learning/data/processed/glass_box/test/glass_box_0180.npz,16,glass_box,16,glass_box,1,0.884857,16 27 36 14 1,glass_box radio tv_stand dresser bathtub
971,971,/home/udays/geometric_deep_learning/data/processed/glass_box/test/glass_box_0181.npz,16,glass_box,16,glass_box,1,0.970946,16 36 27 14 39,glass_box tv_stand radio dresser xbox
972,972,/home/udays/geometric_deep_learning/data/processed/glass_box/test/glass_box_0182.npz,16,glass_box,11,curtain,0,0.938732,11 13 20 22 26,curtain door laptop monitor plant
973,973,/home/udays/geometric_deep_learning/data/processed/glass_box/test/glass_box_0183.npz,16,glass_box,27,radio,0,0.568069,27 16 23 14 22,radio glass_box night_stand dresser monitor
974,974,/home/udays/geometric_deep_learning/data/processed/glass_box/test/glass_box_0184.npz,16,glass_box,16,glass_box,1,0.633126,16 27 36 14 22,glass_box radio tv_stand dresser monitor
975,975,/home/udays/geometric_deep_learning/data/processed/glass_box/test/glass_box_0185.npz,16,glass_box,16,glass_box,1,0.550044,16 27 36 14 22,glass_box radio tv_stand dresser monitor
976,976,/home/udays/geometric_deep_learning/data/processed/glass_box/test/glass_box_0186.npz,16,glass_box,16,glass_box,1,0.764478,16 27 14 36 22,glass_box radio dresser tv_stand monitor
977,977,/home/udays/geometric_deep_learning/data/processed/glass_box/test/glass_box_0187.npz,16,glass_box,16,glass_box,1,0.424192,16 27 22 14 39,glass_box radio monitor dresser xbox
978,978,/home/udays/geometric_deep_learning/data/processed/glass_box/test/glass_box_0188.npz,16,glass_box,27,radio,0,0.954043,27 16 36 2 6,radio glass_box tv_stand bed bowl
979,979,/home/udays/geometric_deep_learning/data/processed/glass_box/test/glass_box_0189.npz,16,glass_box,16,glass_box,1,0.688401,16 27 22 23 14,glass_box radio monitor night_stand dresser
980,980,/home/udays/geometric_deep_learning/data/processed/glass_box/test/glass_box_0190.npz,16,glass_box,16,glass_box,1,0.966698,16 27 14 36 23,glass_box radio dresser tv_stand night_stand
981,981,/home/udays/geometric_deep_learning/data/processed/glass_box/test/glass_box_0191.npz,16,glass_box,16,glass_box,1,0.971093,16 27 36 14 33,glass_box radio tv_stand dresser table
982,982,/home/udays/geometric_deep_learning/data/processed/glass_box/test/glass_box_0192.npz,16,glass_box,16,glass_box,1,0.950391,16 23 27 14 29,glass_box night_stand radio dresser sink
983,983,/home/udays/geometric_deep_learning/data/processed/glass_box/test/glass_box_0193.npz,16,glass_box,16,glass_box,1,0.696339,16 27 14 36 22,glass_box radio dresser tv_stand monitor
984,984,/home/udays/geometric_deep_learning/data/processed/glass_box/test/glass_box_0194.npz,16,glass_box,16,glass_box,1,0.849782,16 27 22 23 14,glass_box radio monitor night_stand dresser
985,985,/home/udays/geometric_deep_learning/data/processed/glass_box/test/glass_box_0195.npz,16,glass_box,16,glass_box,1,0.746065,16 27 23 36 14,glass_box radio night_stand tv_stand dresser
986,986,/home/udays/geometric_deep_learning/data/processed/glass_box/test/glass_box_0196.npz,16,glass_box,16,glass_box,1,0.899935,16 27 14 38 39,glass_box radio dresser wardrobe xbox
987,987,/home/udays/geometric_deep_learning/data/processed/glass_box/test/glass_box_0197.npz,16,glass_box,16,glass_box,1,0.992076,16 27 36 14 1,glass_box radio tv_stand dresser bathtub
988,988,/home/udays/geometric_deep_learning/data/processed/glass_box/test/glass_box_0198.npz,16,glass_box,16,glass_box,1,0.598239,16 27 22 36 14,glass_box radio monitor tv_stand dresser
989,989,/home/udays/geometric_deep_learning/data/processed/glass_box/test/glass_box_0199.npz,16,glass_box,16,glass_box,1,0.515491,16 14 27 22 38,glass_box dresser radio monitor wardrobe
990,990,/home/udays/geometric_deep_learning/data/processed/glass_box/test/glass_box_0200.npz,16,glass_box,16,glass_box,1,0.578033,16 27 36 29 33,glass_box radio tv_stand sink table
991,991,/home/udays/geometric_deep_learning/data/processed/glass_box/test/glass_box_0201.npz,16,glass_box,16,glass_box,1,0.959213,16 27 14 36 22,glass_box radio dresser tv_stand monitor
992,992,/home/udays/geometric_deep_learning/data/processed/glass_box/test/glass_box_0202.npz,16,glass_box,27,radio,0,0.374099,27 22 35 23 36,radio monitor toilet night_stand tv_stand
993,993,/home/udays/geometric_deep_learning/data/processed/glass_box/test/glass_box_0203.npz,16,glass_box,16,glass_box,1,0.862408,16 27 36 14 1,glass_box radio tv_stand dresser bathtub
994,994,/home/udays/geometric_deep_learning/data/processed/glass_box/test/glass_box_0204.npz,16,glass_box,27,radio,0,0.803078,27 16 36 22 34,radio glass_box tv_stand monitor tent
995,995,/home/udays/geometric_deep_learning/data/processed/glass_box/test/glass_box_0205.npz,16,glass_box,16,glass_box,1,0.996200,16 27 36 1 29,glass_box radio tv_stand bathtub sink
996,996,/home/udays/geometric_deep_learning/data/processed/glass_box/test/glass_box_0206.npz,16,glass_box,16,glass_box,1,0.944271,16 27 36 33 14,glass_box radio tv_stand table dresser
997,997,/home/udays/geometric_deep_learning/data/processed/glass_box/test/glass_box_0207.npz,16,glass_box,16,glass_box,1,0.959629,16 27 36 14 1,glass_box radio tv_stand dresser bathtub
998,998,/home/udays/geometric_deep_learning/data/processed/glass_box/test/glass_box_0208.npz,16,glass_box,27,radio,0,0.837358,27 16 36 34 29,radio glass_box tv_stand tent sink
999,999,/home/udays/geometric_deep_learning/data/processed/glass_box/test/glass_box_0209.npz,16,glass_box,16,glass_box,1,0.606416,16 27 36 14 29,glass_box radio tv_stand dresser sink
1000,1000,/home/udays/geometric_deep_learning/data/processed/glass_box/test/glass_box_0210.npz,16,glass_box,16,glass_box,1,0.988577,16 27 36 14 22,glass_box radio tv_stand dresser monitor
1001,1001,/home/udays/geometric_deep_learning/data/processed/glass_box/test/glass_box_0211.npz,16,glass_box,16,glass_box,1,0.491248,16 27 22 23 36,glass_box radio monitor night_stand tv_stand
1002,1002,/home/udays/geometric_deep_learning/data/processed/glass_box/test/glass_box_0212.npz,16,glass_box,16,glass_box,1,0.984200,16 27 36 14 1,glass_box radio tv_stand dresser bathtub
1003,1003,/home/udays/geometric_deep_learning/data/processed/glass_box/test/glass_box_0213.npz,16,glass_box,16,glass_box,1,0.993429,16 27 36 14 1,glass_box radio tv_stand dresser bathtub
1004,1004,/home/udays/geometric_deep_learning/data/processed/glass_box/test/glass_box_0214.npz,16,glass_box,16,glass_box,1,0.994852,16 36 27 14 1,glass_box tv_stand radio dresser bathtub
1005,1005,/home/udays/geometric_deep_learning/data/processed/glass_box/test/glass_box_0215.npz,16,glass_box,16,glass_box,1,0.729752,16 23 14 27 22,glass_box night_stand dresser radio monitor
1006,1006,/home/udays/geometric_deep_learning/data/processed/glass_box/test/glass_box_0216.npz,16,glass_box,16,glass_box,1,0.937083,16 27 36 14 1,glass_box radio tv_stand dresser bathtub
1007,1007,/home/udays/geometric_deep_learning/data/processed/glass_box/test/glass_box_0217.npz,16,glass_box,16,glass_box,1,0.886670,16 27 36 14 22,glass_box radio tv_stand dresser monitor
1008,1008,/home/udays/geometric_deep_learning/data/processed/glass_box/test/glass_box_0218.npz,16,glass_box,16,glass_box,1,0.995213,16 27 36 14 23,glass_box radio tv_stand dresser night_stand
1009,1009,/home/udays/geometric_deep_learning/data/processed/glass_box/test/glass_box_0219.npz,16,glass_box,16,glass_box,1,0.986611,16 27 36 14 23,glass_box radio tv_stand dresser night_stand
1010,1010,/home/udays/geometric_deep_learning/data/processed/glass_box/test/glass_box_0220.npz,16,glass_box,16,glass_box,1,0.966723,16 27 36 14 1,glass_box radio tv_stand dresser bathtub
1011,1011,/home/udays/geometric_deep_learning/data/processed/glass_box/test/glass_box_0221.npz,16,glass_box,16,glass_box,1,0.992337,16 27 36 14 23,glass_box radio tv_stand dresser night_stand
1012,1012,/home/udays/geometric_deep_learning/data/processed/glass_box/test/glass_box_0222.npz,16,glass_box,16,glass_box,1,0.740145,16 27 14 36 23,glass_box radio dresser tv_stand night_stand
1013,1013,/home/udays/geometric_deep_learning/data/processed/glass_box/test/glass_box_0223.npz,16,glass_box,16,glass_box,1,0.977459,16 27 36 14 23,glass_box radio tv_stand dresser night_stand
1014,1014,/home/udays/geometric_deep_learning/data/processed/glass_box/test/glass_box_0224.npz,16,glass_box,16,glass_box,1,0.965063,16 36 27 14 38,glass_box tv_stand radio dresser wardrobe
1015,1015,/home/udays/geometric_deep_learning/data/processed/glass_box/test/glass_box_0225.npz,16,glass_box,16,glass_box,1,0.990130,16 27 36 14 35,glass_box radio tv_stand dresser toilet
1016,1016,/home/udays/geometric_deep_learning/data/processed/glass_box/test/glass_box_0226.npz,16,glass_box,16,glass_box,1,0.653167,16 27 36 14 29,glass_box radio tv_stand dresser sink
1017,1017,/home/udays/geometric_deep_learning/data/processed/glass_box/test/glass_box_0227.npz,16,glass_box,16,glass_box,1,0.990965,16 27 36 14 1,glass_box radio tv_stand dresser bathtub
1018,1018,/home/udays/geometric_deep_learning/data/processed/glass_box/test/glass_box_0228.npz,16,glass_box,16,glass_box,1,0.634031,16 23 27 14 36,glass_box night_stand radio dresser tv_stand
1019,1019,/home/udays/geometric_deep_learning/data/processed/glass_box/test/glass_box_0229.npz,16,glass_box,16,glass_box,1,0.971316,16 27 36 14 29,glass_box radio tv_stand dresser sink
1020,1020,/home/udays/geometric_deep_learning/data/processed/glass_box/test/glass_box_0230.npz,16,glass_box,16,glass_box,1,0.961002,16 27 36 14 1,glass_box radio tv_stand dresser bathtub
1021,1021,/home/udays/geometric_deep_learning/data/processed/glass_box/test/glass_box_0231.npz,16,glass_box,16,glass_box,1,0.998503,16 27 36 14 23,glass_box radio tv_stand dresser night_stand
1022,1022,/home/udays/geometric_deep_learning/data/processed/glass_box/test/glass_box_0232.npz,16,glass_box,16,glass_box,1,0.994198,16 27 36 14 23,glass_box radio tv_stand dresser night_stand
1023,1023,/home/udays/geometric_deep_learning/data/processed/glass_box/test/glass_box_0233.npz,16,glass_box,16,glass_box,1,0.972245,16 36 27 14 38,glass_box tv_stand radio dresser wardrobe
1024,1024,/home/udays/geometric_deep_learning/data/processed/glass_box/test/glass_box_0234.npz,16,glass_box,16,glass_box,1,0.987315,16 27 36 14 23,glass_box radio tv_stand dresser night_stand
1025,1025,/home/udays/geometric_deep_learning/data/processed/glass_box/test/glass_box_0235.npz,16,glass_box,16,glass_box,1,0.976381,16 27 36 14 23,glass_box radio tv_stand dresser night_stand
1026,1026,/home/udays/geometric_deep_learning/data/processed/glass_box/test/glass_box_0236.npz,16,glass_box,16,glass_box,1,0.836296,16 36 27 14 21,glass_box tv_stand radio dresser mantel
1027,1027,/home/udays/geometric_deep_learning/data/processed/glass_box/test/glass_box_0237.npz,16,glass_box,16,glass_box,1,0.986569,16 27 36 14 29,glass_box radio tv_stand dresser sink
1028,1028,/home/udays/geometric_deep_learning/data/processed/glass_box/test/glass_box_0238.npz,16,glass_box,16,glass_box,1,0.961977,16 36 27 14 39,glass_box tv_stand radio dresser xbox
1029,1029,/home/udays/geometric_deep_learning/data/processed/glass_box/test/glass_box_0239.npz,16,glass_box,16,glass_box,1,0.975048,16 27 14 36 23,glass_box radio dresser tv_stand night_stand
1030,1030,/home/udays/geometric_deep_learning/data/processed/glass_box/test/glass_box_0240.npz,16,glass_box,16,glass_box,1,0.977636,16 27 14 22 36,glass_box radio dresser monitor tv_stand
1031,1031,/home/udays/geometric_deep_learning/data/processed/glass_box/test/glass_box_0241.npz,16,glass_box,16,glass_box,1,0.961513,16 14 27 36 23,glass_box dresser radio tv_stand night_stand
1032,1032,/home/udays/geometric_deep_learning/data/processed/glass_box/test/glass_box_0242.npz,16,glass_box,16,glass_box,1,0.935368,16 36 27 14 35,glass_box tv_stand radio dresser toilet
1033,1033,/home/udays/geometric_deep_learning/data/processed/glass_box/test/glass_box_0243.npz,16,glass_box,16,glass_box,1,0.302760,16 14 23 36 22,glass_box dresser night_stand tv_stand monitor
1034,1034,/home/udays/geometric_deep_learning/data/processed/glass_box/test/glass_box_0244.npz,16,glass_box,16,glass_box,1,0.729397,16 27 14 36 23,glass_box radio dresser tv_stand night_stand
1035,1035,/home/udays/geometric_deep_learning/data/processed/glass_box/test/glass_box_0245.npz,16,glass_box,16,glass_box,1,0.997047,16 27 36 14 1,glass_box radio tv_stand dresser bathtub
1036,1036,/home/udays/geometric_deep_learning/data/processed/glass_box/test/glass_box_0246.npz,16,glass_box,16,glass_box,1,0.987727,16 27 36 14 23,glass_box radio tv_stand dresser night_stand
1037,1037,/home/udays/geometric_deep_learning/data/processed/glass_box/test/glass_box_0247.npz,16,glass_box,16,glass_box,1,0.990632,16 36 27 14 39,glass_box tv_stand radio dresser xbox
1038,1038,/home/udays/geometric_deep_learning/data/processed/glass_box/test/glass_box_0248.npz,16,glass_box,16,glass_box,1,0.985720,16 27 36 14 1,glass_box radio tv_stand dresser bathtub
1039,1039,/home/udays/geometric_deep_learning/data/processed/glass_box/test/glass_box_0249.npz,16,glass_box,16,glass_box,1,0.965522,16 27 36 14 22,glass_box radio tv_stand dresser monitor
1040,1040,/home/udays/geometric_deep_learning/data/processed/glass_box/test/glass_box_0250.npz,16,glass_box,16,glass_box,1,0.842586,16 27 36 14 3,glass_box radio tv_stand dresser bench
1041,1041,/home/udays/geometric_deep_learning/data/processed/glass_box/test/glass_box_0251.npz,16,glass_box,16,glass_box,1,0.988463,16 27 36 14 1,glass_box radio tv_stand dresser bathtub
1042,1042,/home/udays/geometric_deep_learning/data/processed/glass_box/test/glass_box_0252.npz,16,glass_box,16,glass_box,1,0.981955,16 27 36 14 29,glass_box radio tv_stand dresser sink
1043,1043,/home/udays/geometric_deep_learning/data/processed/glass_box/test/glass_box_0253.npz,16,glass_box,16,glass_box,1,0.974628,16 27 36 14 23,glass_box radio tv_stand dresser night_stand
1044,1044,/home/udays/geometric_deep_learning/data/processed/glass_box/test/glass_box_0254.npz,16,glass_box,16,glass_box,1,0.737519,16 36 27 3 14,glass_box tv_stand radio bench dresser
1045,1045,/home/udays/geometric_deep_learning/data/processed/glass_box/test/glass_box_0255.npz,16,glass_box,27,radio,0,0.711974,27 16 36 34 29,radio glass_box tv_stand tent sink
1046,1046,/home/udays/geometric_deep_learning/data/processed/glass_box/test/glass_box_0256.npz,16,glass_box,16,glass_box,1,0.469465,16 27 36 22 14,glass_box radio tv_stand monitor dresser
1047,1047,/home/udays/geometric_deep_learning/data/processed/glass_box/test/glass_box_0257.npz,16,glass_box,16,glass_box,1,0.994359,16 27 36 14 1,glass_box radio tv_stand dresser bathtub
1048,1048,/home/udays/geometric_deep_learning/data/processed/glass_box/test/glass_box_0258.npz,16,glass_box,16,glass_box,1,0.993989,16 27 36 14 1,glass_box radio tv_stand dresser bathtub
1049,1049,/home/udays/geometric_deep_learning/data/processed/glass_box/test/glass_box_0259.npz,16,glass_box,27,radio,0,0.754793,27 16 22 23 14,radio glass_box monitor night_stand dresser
1050,1050,/home/udays/geometric_deep_learning/data/processed/glass_box/test/glass_box_0260.npz,16,glass_box,27,radio,0,0.733519,27 16 23 36 14,radio glass_box night_stand tv_stand dresser
1051,1051,/home/udays/geometric_deep_learning/data/processed/glass_box/test/glass_box_0261.npz,16,glass_box,27,radio,0,0.663117,27 16 35 36 14,radio glass_box toilet tv_stand dresser
1052,1052,/home/udays/geometric_deep_learning/data/processed/glass_box/test/glass_box_0262.npz,16,glass_box,27,radio,0,0.775716,27 16 22 23 14,radio glass_box monitor night_stand dresser
1053,1053,/home/udays/geometric_deep_learning/data/processed/glass_box/test/glass_box_0263.npz,16,glass_box,16,glass_box,1,0.755088,16 36 27 3 14,glass_box tv_stand radio bench dresser
1054,1054,/home/udays/geometric_deep_learning/data/processed/glass_box/test/glass_box_0264.npz,16,glass_box,16,glass_box,1,0.745688,16 27 14 22 36,glass_box radio dresser monitor tv_stand
1055,1055,/home/udays/geometric_deep_learning/data/processed/glass_box/test/glass_box_0265.npz,16,glass_box,16,glass_box,1,0.736661,16 27 22 14 39,glass_box radio monitor dresser xbox
1056,1056,/home/udays/geometric_deep_learning/data/processed/glass_box/test/glass_box_0266.npz,16,glass_box,16,glass_box,1,0.974975,16 27 14 36 23,glass_box radio dresser tv_stand night_stand
1057,1057,/home/udays/geometric_deep_learning/data/processed/glass_box/test/glass_box_0267.npz,16,glass_box,14,dresser,0,0.512637,14 23 16 36 27,dresser night_stand glass_box tv_stand radio
1058,1058,/home/udays/geometric_deep_learning/data/processed/glass_box/test/glass_box_0268.npz,16,glass_box,16,glass_box,1,0.993317,16 27 36 14 1,glass_box radio tv_stand dresser bathtub
1059,1059,/home/udays/geometric_deep_learning/data/processed/glass_box/test/glass_box_0269.npz,16,glass_box,16,glass_box,1,0.903234,16 27 36 14 23,glass_box radio tv_stand dresser night_stand
1060,1060,/home/udays/geometric_deep_learning/data/processed/glass_box/test/glass_box_0270.npz,16,glass_box,16,glass_box,1,0.984327,16 27 14 36 22,glass_box radio dresser tv_stand monitor
1061,1061,/home/udays/geometric_deep_learning/data/processed/glass_box/test/glass_box_0271.npz,16,glass_box,16,glass_box,1,0.987846,16 36 27 14 1,glass_box tv_stand radio dresser bathtub
1062,1062,/home/udays/geometric_deep_learning/data/processed/guitar/test/guitar_0156.npz,17,guitar,17,guitar,1,0.999995,17 18 31 0 19,guitar keyboard stairs airplane lamp
1063,1063,/home/udays/geometric_deep_learning/data/processed/guitar/test/guitar_0157.npz,17,guitar,17,guitar,1,0.999978,17 18 31 0 3,guitar keyboard stairs airplane bench
1064,1064,/home/udays/geometric_deep_learning/data/processed/guitar/test/guitar_0158.npz,17,guitar,17,guitar,1,0.999690,17 0 18 29 33,guitar airplane keyboard sink table
1065,1065,/home/udays/geometric_deep_learning/data/processed/guitar/test/guitar_0159.npz,17,guitar,17,guitar,1,0.914151,17 11 0 20 22,guitar curtain airplane laptop monitor
1066,1066,/home/udays/geometric_deep_learning/data/processed/guitar/test/guitar_0160.npz,17,guitar,17,guitar,1,0.999982,17 18 0 11 31,guitar keyboard airplane curtain stairs
1067,1067,/home/udays/geometric_deep_learning/data/processed/guitar/test/guitar_0161.npz,17,guitar,17,guitar,1,0.999987,17 18 0 31 33,guitar keyboard airplane stairs table
1068,1068,/home/udays/geometric_deep_learning/data/processed/guitar/test/guitar_0162.npz,17,guitar,17,guitar,1,0.608598,17 11 0 22 4,guitar curtain airplane monitor bookshelf
1069,1069,/home/udays/geometric_deep_learning/data/processed/guitar/test/guitar_0163.npz,17,guitar,17,guitar,1,0.886802,17 0 31 11 22,guitar airplane stairs curtain monitor
1070,1070,/home/udays/geometric_deep_learning/data/processed/guitar/test/guitar_0164.npz,17,guitar,17,guitar,1,0.999991,17 0 18 31 19,guitar airplane keyboard stairs lamp
1071,1071,/home/udays/geometric_deep_learning/data/processed/guitar/test/guitar_0165.npz,17,guitar,17,guitar,1,0.999986,17 18 31 0 3,guitar keyboard stairs airplane bench
1072,1072,/home/udays/geometric_deep_learning/data/processed/guitar/test/guitar_0166.npz,17,guitar,17,guitar,1,0.999957,17 18 0 31 33,guitar keyboard airplane stairs table
1073,1073,/home/udays/geometric_deep_learning/data/processed/guitar/test/guitar_0167.npz,17,guitar,17,guitar,1,0.999996,17 18 31 19 0,guitar keyboard stairs lamp airplane
1074,1074,/home/udays/geometric_deep_learning/data/processed/guitar/test/guitar_0168.npz,17,guitar,17,guitar,1,0.999357,17 0 18 31 11,guitar airplane keyboard stairs curtain
1075,1075,/home/udays/geometric_deep_learning/data/processed/guitar/test/guitar_0169.npz,17,guitar,17,guitar,1,0.956994,17 0 22 11 3,guitar airplane monitor curtain bench
1076,1076,/home/udays/geometric_deep_learning/data/processed/guitar/test/guitar_0170.npz,17,guitar,17,guitar,1,0.999987,17 31 32 18 0,guitar stairs stool keyboard airplane
1077,1077,/home/udays/geometric_deep_learning/data/processed/guitar/test/guitar_0171.npz,17,guitar,17,guitar,1,0.999566,17 18 11 31 0,guitar keyboard curtain stairs airplane
1078,1078,/home/udays/geometric_deep_learning/data/processed/guitar/test/guitar_0172.npz,17,guitar,17,guitar,1,0.998580,17 0 18 31 3,guitar airplane keyboard stairs bench
1079,1079,/home/udays/geometric_deep_learning/data/processed/guitar/test/guitar_0173.npz,17,guitar,17,guitar,1,0.999985,17 18 31 0 32,guitar keyboard stairs airplane stool
1080,1080,/home/udays/geometric_deep_learning/data/processed/guitar/test/guitar_0174.npz,17,guitar,17,guitar,1,0.999990,17 18 0 31 11,guitar keyboard airplane stairs curtain
1081,1081,/home/udays/geometric_deep_learning/data/processed/guitar/test/guitar_0175.npz,17,guitar,17,guitar,1,0.999988,17 31 18 0 19,guitar stairs keyboard airplane lamp
1082,1082,/home/udays/geometric_deep_learning/data/processed/guitar/test/guitar_0176.npz,17,guitar,17,guitar,1,0.999991,17 18 0 31 32,guitar keyboard airplane stairs stool
1083,1083,/home/udays/geometric_deep_learning/data/processed/guitar/test/guitar_0177.npz,17,guitar,17,guitar,1,0.999994,17 18 31 3 32,guitar keyboard stairs bench stool
1084,1084,/home/udays/geometric_deep_learning/data/processed/guitar/test/guitar_0178.npz,17,guitar,17,guitar,1,0.999863,17 18 0 11 31,guitar keyboard airplane curtain stairs
1085,1085,/home/udays/geometric_deep_learning/data/processed/guitar/test/guitar_0179.npz,17,guitar,17,guitar,1,0.999953,17 0 31 18 11,guitar airplane stairs keyboard curtain
1086,1086,/home/udays/geometric_deep_learning/data/processed/guitar/test/guitar_0180.npz,17,guitar,17,guitar,1,0.999986,17 18 31 0 32,guitar keyboard stairs airplane stool
1087,1087,/home/udays/geometric_deep_learning/data/processed/guitar/test/guitar_0181.npz,17,guitar,17,guitar,1,0.999981,17 0 18 11 31,guitar airplane keyboard curtain stairs
1088,1088,/home/udays/geometric_deep_learning/data/processed/guitar/test/guitar_0182.npz,17,guitar,17,guitar,1,0.999987,17 19 18 31 0,guitar lamp keyboard stairs airplane
1089,1089,/home/udays/geometric_deep_learning/data/processed/guitar/test/guitar_0183.npz,17,guitar,17,guitar,1,0.999998,17 18 19 32 31,guitar keyboard lamp stool stairs
1090,1090,/home/udays/geometric_deep_learning/data/processed/guitar/test/guitar_0184.npz,17,guitar,17,guitar,1,0.999997,17 18 31 0 32,guitar keyboard stairs airplane stool
1091,1091,/home/udays/geometric_deep_learning/data/processed/guitar/test/guitar_0185.npz,17,guitar,17,guitar,1,0.999875,17 0 31 18 11,guitar airplane stairs keyboard curtain
1092,1092,/home/udays/geometric_deep_learning/data/processed/guitar/test/guitar_0186.npz,17,guitar,17,guitar,1,0.999909,17 18 31 0 33,guitar keyboard stairs airplane table
1093,1093,/home/udays/geometric_deep_learning/data/processed/guitar/test/guitar_0187.npz,17,guitar,17,guitar,1,0.999965,17 18 0 31 3,guitar keyboard airplane stairs bench
1094,1094,/home/udays/geometric_deep_learning/data/processed/guitar/test/guitar_0188.npz,17,guitar,17,guitar,1,0.967066,17 0 11 8 24,guitar airplane curtain chair person
1095,1095,/home/udays/geometric_deep_learning/data/processed/guitar/test/guitar_0189.npz,17,guitar,17,guitar,1,0.999949,17 31 18 3 0,guitar stairs keyboard bench airplane
1096,1096,/home/udays/geometric_deep_learning/data/processed/guitar/test/guitar_0190.npz,17,guitar,17,guitar,1,0.998508,17 18 11 6 0,guitar keyboard curtain bowl airplane
1097,1097,/home/udays/geometric_deep_learning/data/processed/guitar/test/guitar_0191.npz,17,guitar,17,guitar,1,0.999889,17 18 31 3 20,guitar keyboard stairs bench laptop
1098,1098,/home/udays/geometric_deep_learning/data/processed/guitar/test/guitar_0192.npz,17,guitar,17,guitar,1,0.999989,17 18 31 0 3,guitar keyboard stairs airplane bench
1099,1099,/home/udays/geometric_deep_learning/data/processed/guitar/test/guitar_0193.npz,17,guitar,17,guitar,1,0.999574,17 18 33 11 0,guitar keyboard table curtain airplane
1100,1100,/home/udays/geometric_deep_learning/data/processed/guitar/test/guitar_0194.npz,17,guitar,17,guitar,1,0.999989,17 0 31 18 32,guitar airplane stairs keyboard stool
1101,1101,/home/udays/geometric_deep_learning/data/processed/guitar/test/guitar_0195.npz,17,guitar,17,guitar,1,0.999937,17 18 3 31 0,guitar keyboard bench stairs airplane
1102,1102,/home/udays/geometric_deep_learning/data/processed/guitar/test/guitar_0196.npz,17,guitar,17,guitar,1,0.999992,17 18 19 31 0,guitar keyboard lamp stairs airplane
1103,1103,/home/udays/geometric_deep_learning/data/processed/guitar/test/guitar_0197.npz,17,guitar,17,guitar,1,0.999998,17 19 18 32 31,guitar lamp keyboard stool stairs
1104,1104,/home/udays/geometric_deep_learning/data/processed/guitar/test/guitar_0198.npz,17,guitar,17,guitar,1,0.999973,17 0 18 11 31,guitar airplane keyboard curtain stairs
1105,1105,/home/udays/geometric_deep_learning/data/processed/guitar/test/guitar_0199.npz,17,guitar,17,guitar,1,0.999983,17 18 0 31 11,guitar keyboard airplane stairs curtain
1106,1106,/home/udays/geometric_deep_learning/data/processed/guitar/test/guitar_0200.npz,17,guitar,17,guitar,1,0.999991,17 18 31 3 32,guitar keyboard stairs bench stool
1107,1107,/home/udays/geometric_deep_learning/data/processed/guitar/test/guitar_0201.npz,17,guitar,17,guitar,1,0.999992,17 18 31 32 3,guitar keyboard stairs stool bench
1108,1108,/home/udays/geometric_deep_learning/data/processed/guitar/test/guitar_0202.npz,17,guitar,17,guitar,1,0.999983,17 18 31 0 33,guitar keyboard stairs airplane table
1109,1109,/home/udays/geometric_deep_learning/data/processed/guitar/test/guitar_0203.npz,17,guitar,17,guitar,1,0.999995,17 18 31 32 19,guitar keyboard stairs stool lamp
1110,1110,/home/udays/geometric_deep_learning/data/processed/guitar/test/guitar_0204.npz,17,guitar,17,guitar,1,0.999997,17 31 19 32 18,guitar stairs lamp stool keyboard
1111,1111,/home/udays/geometric_deep_learning/data/processed/guitar/test/guitar_0205.npz,17,guitar,17,guitar,1,0.999982,17 18 31 19 3,guitar keyboard stairs lamp bench
1112,1112,/home/udays/geometric_deep_learning/data/processed/guitar/test/guitar_0206.npz,17,guitar,17,guitar,1,0.999650,17 18 0 11 3,guitar keyboard airplane curtain bench
1113,1113,/home/udays/geometric_deep_learning/data/processed/guitar/test/guitar_0207.npz,17,guitar,17,guitar,1,0.999884,17 0 18 31 29,guitar airplane keyboard stairs sink
1114,1114,/home/udays/geometric_deep_learning/data/processed/guitar/test/guitar_0208.npz,17,guitar,17,guitar,1,0.998665,17 0 18 3 31,guitar airplane keyboard bench stairs
1115,1115,/home/udays/geometric_deep_learning/data/processed/guitar/test/guitar_0209.npz,17,guitar,17,guitar,1,0.999993,17 18 32 31 0,guitar keyboard stool stairs airplane
1116,1116,/home/udays/geometric_deep_learning/data/processed/guitar/test/guitar_0210.npz,17,guitar,17,guitar,1,0.999991,17 18 31 0 32,guitar keyboard stairs airplane stool
1117,1117,/home/udays/geometric_deep_learning/data/processed/guitar/test/guitar_0211.npz,17,guitar,17,guitar,1,0.999987,17 19 31 32 18,guitar lamp stairs stool keyboard
1118,1118,/home/udays/geometric_deep_learning/data/processed/guitar/test/guitar_0212.npz,17,guitar,17,guitar,1,0.999987,17 18 31 0 3,guitar keyboard stairs airplane bench
1119,1119,/home/udays/geometric_deep_learning/data/processed/guitar/test/guitar_0213.npz,17,guitar,17,guitar,1,0.999989,17 31 18 0 32,guitar stairs keyboard airplane stool
1120,1120,/home/udays/geometric_deep_learning/data/processed/guitar/test/guitar_0214.npz,17,guitar,17,guitar,1,0.999995,17 18 31 32 19,guitar keyboard stairs stool lamp
1121,1121,/home/udays/geometric_deep_learning/data/processed/guitar/test/guitar_0215.npz,17,guitar,17,guitar,1,0.662000,17 0 11 22 21,guitar airplane curtain monitor mantel
1122,1122,/home/udays/geometric_deep_learning/data/processed/guitar/test/guitar_0216.npz,17,guitar,17,guitar,1,0.999996,17 18 31 19 32,guitar keyboard stairs lamp stool
1123,1123,/home/udays/geometric_deep_learning/data/processed/guitar/test/guitar_0217.npz,17,guitar,17,guitar,1,0.999929,17 0 32 19 18,guitar airplane stool lamp keyboard
1124,1124,/home/udays/geometric_deep_learning/data/processed/guitar/test/guitar_0218.npz,17,guitar,17,guitar,1,0.999993,17 18 31 0 19,guitar keyboard stairs airplane lamp
1125,1125,/home/udays/geometric_deep_learning/data/processed/guitar/test/guitar_0219.npz,17,guitar,17,guitar,1,0.999799,17 18 0 33 11,guitar keyboard airplane table curtain
1126,1126,/home/udays/geometric_deep_learning/data/processed/guitar/test/guitar_0220.npz,17,guitar,17,guitar,1,0.969969,17 11 0 3 22,guitar curtain airplane bench monitor
1127,1127,/home/udays/geometric_deep_learning/data/processed/guitar/test/guitar_0221.npz,17,guitar,17,guitar,1,0.999980,17 18 0 33 3,guitar keyboard airplane table bench
1128,1128,/home/udays/geometric_deep_learning/data/processed/guitar/test/guitar_0222.npz,17,guitar,17,guitar,1,0.999911,17 18 0 11 33,guitar keyboard airplane curtain table
1129,1129,/home/udays/geometric_deep_learning/data/processed/guitar/test/guitar_0223.npz,17,guitar,17,guitar,1,0.999713,17 18 32 31 33,guitar keyboard stool stairs table
1130,1130,/home/udays/geometric_deep_learning/data/processed/guitar/test/guitar_0224.npz,17,guitar,17,guitar,1,0.999988,17 18 32 31 19,guitar keyboard stool stairs lamp
1131,1131,/home/udays/geometric_deep_learning/data/processed/guitar/test/guitar_0225.npz,17,guitar,17,guitar,1,0.999996,17 19 18 31 32,guitar lamp keyboard stairs stool
1132,1132,/home/udays/geometric_deep_learning/data/processed/guitar/test/guitar_0226.npz,17,guitar,17,guitar,1,0.999970,17 0 31 18 3,guitar airplane stairs keyboard bench
1133,1133,/home/udays/geometric_deep_learning/data/processed/guitar/test/guitar_0227.npz,17,guitar,17,guitar,1,0.999777,17 18 0 31 3,guitar keyboard airplane stairs bench
1134,1134,/home/udays/geometric_deep_learning/data/processed/guitar/test/guitar_0228.npz,17,guitar,17,guitar,1,0.999970,17 18 11 19 0,guitar keyboard curtain lamp airplane
1135,1135,/home/udays/geometric_deep_learning/data/processed/guitar/test/guitar_0229.npz,17,guitar,17,guitar,1,0.999967,17 18 31 0 19,guitar keyboard stairs airplane lamp
1136,1136,/home/udays/geometric_deep_learning/data/processed/guitar/test/guitar_0230.npz,17,guitar,17,guitar,1,0.999371,17 3 18 32 33,guitar bench keyboard stool table
1137,1137,/home/udays/geometric_deep_learning/data/processed/guitar/test/guitar_0231.npz,17,guitar,17,guitar,1,0.999992,17 19 31 18 32,guitar lamp stairs keyboard stool
1138,1138,/home/udays/geometric_deep_learning/data/processed/guitar/test/guitar_0232.npz,17,guitar,17,guitar,1,0.999967,17 0 18 11 3,guitar airplane keyboard curtain bench
1139,1139,/home/udays/geometric_deep_learning/data/processed/guitar/test/guitar_0233.npz,17,guitar,17,guitar,1,0.999394,17 11 6 18 19,guitar curtain bowl keyboard lamp
1140,1140,/home/udays/geometric_deep_learning/data/processed/guitar/test/guitar_0234.npz,17,guitar,17,guitar,1,0.999986,17 18 31 0 3,guitar keyboard stairs airplane bench
1141,1141,/home/udays/geometric_deep_learning/data/processed/guitar/test/guitar_0235.npz,17,guitar,17,guitar,1,0.999993,17 31 19 32 3,guitar stairs lamp stool bench
1142,1142,/home/udays/geometric_deep_learning/data/processed/guitar/test/guitar_0236.npz,17,guitar,17,guitar,1,0.999996,17 18 31 0 32,guitar keyboard stairs airplane stool
1143,1143,/home/udays/geometric_deep_learning/data/processed/guitar/test/guitar_0237.npz,17,guitar,17,guitar,1,0.999841,17 18 11 0 31,guitar keyboard curtain airplane stairs
1144,1144,/home/udays/geometric_deep_learning/data/processed/guitar/test/guitar_0238.npz,17,guitar,17,guitar,1,0.999984,17 3 18 31 19,guitar bench keyboard stairs lamp
1145,1145,/home/udays/geometric_deep_learning/data/processed/guitar/test/guitar_0239.npz,17,guitar,17,guitar,1,0.999942,17 18 31 0 11,guitar keyboard stairs airplane curtain
1146,1146,/home/udays/geometric_deep_learning/data/processed/guitar/test/guitar_0240.npz,17,guitar,17,guitar,1,0.999999,17 18 32 19 31,guitar keyboard stool lamp stairs
1147,1147,/home/udays/geometric_deep_learning/data/processed/guitar/test/guitar_0241.npz,17,guitar,17,guitar,1,0.999985,17 18 31 0 33,guitar keyboard stairs airplane table
1148,1148,/home/udays/geometric_deep_learning/data/processed/guitar/test/guitar_0242.npz,17,guitar,17,guitar,1,0.999991,17 18 0 31 11,guitar keyboard airplane stairs curtain
1149,1149,/home/udays/geometric_deep_learning/data/processed/guitar/test/guitar_0243.npz,17,guitar,17,guitar,1,0.999995,17 18 0 31 3,guitar keyboard airplane stairs bench
1150,1150,/home/udays/geometric_deep_learning/data/processed/guitar/test/guitar_0244.npz,17,guitar,17,guitar,1,0.999988,17 19 31 18 32,guitar lamp stairs keyboard stool
1151,1151,/home/udays/geometric_deep_learning/data/processed/guitar/test/guitar_0245.npz,17,guitar,17,guitar,1,0.999905,17 0 11 18 3,guitar airplane curtain keyboard bench
1152,1152,/home/udays/geometric_deep_learning/data/processed/guitar/test/guitar_0246.npz,17,guitar,17,guitar,1,0.999988,17 18 31 0 3,guitar keyboard stairs airplane bench
1153,1153,/home/udays/geometric_deep_learning/data/processed/guitar/test/guitar_0247.npz,17,guitar,17,guitar,1,0.999984,17 0 19 31 18,guitar airplane lamp stairs keyboard
1154,1154,/home/udays/geometric_deep_learning/data/processed/guitar/test/guitar_0248.npz,17,guitar,17,guitar,1,0.999980,17 18 31 32 19,guitar keyboard stairs stool lamp
1155,1155,/home/udays/geometric_deep_learning/data/processed/guitar/test/guitar_0249.npz,17,guitar,17,guitar,1,0.999877,17 18 11 0 6,guitar keyboard curtain airplane bowl
1156,1156,/home/udays/geometric_deep_learning/data/processed/guitar/test/guitar_0250.npz,17,guitar,17,guitar,1,0.999990,17 18 31 0 19,guitar keyboard stairs airplane lamp
1157,1157,/home/udays/geometric_deep_learning/data/processed/guitar/test/guitar_0251.npz,17,guitar,17,guitar,1,0.991978,17 11 0 31 22,guitar curtain airplane stairs monitor
1158,1158,/home/udays/geometric_deep_learning/data/processed/guitar/test/guitar_0252.npz,17,guitar,17,guitar,1,0.999993,17 18 31 0 3,guitar keyboard stairs airplane bench
1159,1159,/home/udays/geometric_deep_learning/data/processed/guitar/test/guitar_0253.npz,17,guitar,17,guitar,1,0.999997,17 31 0 18 32,guitar stairs airplane keyboard stool
1160,1160,/home/udays/geometric_deep_learning/data/processed/guitar/test/guitar_0254.npz,17,guitar,17,guitar,1,0.999937,17 18 0 11 31,guitar keyboard airplane curtain stairs
1161,1161,/home/udays/geometric_deep_learning/data/processed/guitar/test/guitar_0255.npz,17,guitar,17,guitar,1,0.999875,17 18 31 0 11,guitar keyboard stairs airplane curtain
1162,1162,/home/udays/geometric_deep_learning/data/processed/keyboard/test/keyboard_0146.npz,18,keyboard,18,keyboard,1,0.999832,18 3 17 36 31,keyboard bench guitar tv_stand stairs
1163,1163,/home/udays/geometric_deep_learning/data/processed/keyboard/test/keyboard_0147.npz,18,keyboard,18,keyboard,1,0.986743,18 3 36 2 33,keyboard bench tv_stand bed table
1164,1164,/home/udays/geometric_deep_learning/data/processed/keyboard/test/keyboard_0148.npz,18,keyboard,18,keyboard,1,0.998917,18 17 3 33 36,keyboard guitar bench table tv_stand
1165,1165,/home/udays/geometric_deep_learning/data/processed/keyboard/test/keyboard_0149.npz,18,keyboard,18,keyboard,1,0.922737,18 3 2 36 33,keyboard bench bed tv_stand table
1166,1166,/home/udays/geometric_deep_learning/data/processed/keyboard/test/keyboard_0150.npz,18,keyboard,18,keyboard,1,0.898768,18 3 36 2 33,keyboard bench tv_stand bed table
1167,1167,/home/udays/geometric_deep_learning/data/processed/keyboard/test/keyboard_0151.npz,18,keyboard,18,keyboard,1,0.999168,18 17 3 31 36,keyboard guitar bench stairs tv_stand
1168,1168,/home/udays/geometric_deep_learning/data/processed/keyboard/test/keyboard_0152.npz,18,keyboard,18,keyboard,1,0.997362,18 3 33 36 2,keyboard bench table tv_stand bed
1169,1169,/home/udays/geometric_deep_learning/data/processed/keyboard/test/keyboard_0153.npz,18,keyboard,18,keyboard,1,0.999128,18 3 36 33 17,keyboard bench tv_stand table guitar
1170,1170,/home/udays/geometric_deep_learning/data/processed/keyboard/test/keyboard_0154.npz,18,keyboard,18,keyboard,1,0.999956,18 17 3 36 33,keyboard guitar bench tv_stand table
1171,1171,/home/udays/geometric_deep_learning/data/processed/keyboard/test/keyboard_0155.npz,18,keyboard,18,keyboard,1,0.999765,18 17 3 36 33,keyboard guitar bench tv_stand table
1172,1172,/home/udays/geometric_deep_learning/data/processed/keyboard/test/keyboard_0156.npz,18,keyboard,18,keyboard,1,0.999587,18 17 3 36 31,keyboard guitar bench tv_stand stairs
1173,1173,/home/udays/geometric_deep_learning/data/processed/keyboard/test/keyboard_0157.npz,18,keyboard,18,keyboard,1,0.982817,18 2 3 36 33,keyboard bed bench tv_stand table
1174,1174,/home/udays/geometric_deep_learning/data/processed/keyboard/test/keyboard_0158.npz,18,keyboard,18,keyboard,1,0.998990,18 3 31 36 17,keyboard bench stairs tv_stand guitar
1175,1175,/home/udays/geometric_deep_learning/data/processed/keyboard/test/keyboard_0159.npz,18,keyboard,18,keyboard,1,0.975796,18 3 36 31 17,keyboard bench tv_stand stairs guitar
1176,1176,/home/udays/geometric_deep_learning/data/processed/keyboard/test/keyboard_0160.npz,18,keyboard,18,keyboard,1,0.999747,18 3 17 36 33,keyboard bench guitar tv_stand table
1177,1177,/home/udays/geometric_deep_learning/data/processed/keyboard/test/keyboard_0161.npz,18,keyboard,18,keyboard,1,0.999871,18 17 3 36 33,keyboard guitar bench tv_stand table
1178,1178,/home/udays/geometric_deep_learning/data/processed/keyboard/test/keyboard_0162.npz,18,keyboard,18,keyboard,1,0.999075,18 17 33 3 36,keyboard guitar table bench tv_stand
1179,1179,/home/udays/geometric_deep_learning/data/processed/keyboard/test/keyboard_0163.npz,18,keyboard,18,keyboard,1,0.999931,18 17 3 36 33,keyboard guitar bench tv_stand table
1180,1180,/home/udays/geometric_deep_learning/data/processed/keyboard/test/keyboard_0164.npz,18,keyboard,18,keyboard,1,0.999910,18 17 3 31 36,keyboard guitar bench stairs tv_stand
1181,1181,/home/udays/geometric_deep_learning/data/processed/keyboard/test/keyboard_0165.npz,18,keyboard,18,keyboard,1,0.999840,18 17 3 33 36,keyboard guitar bench table tv_stand
1182,1182,/home/udays/geometric_deep_learning/data/processed/lamp/test/lamp_0125.npz,19,lamp,19,lamp,1,0.992096,19 9 37 24 10,lamp cone vase person cup
1183,1183,/home/udays/geometric_deep_learning/data/processed/lamp/test/lamp_0126.npz,19,lamp,19,lamp,1,0.999748,19 9 10 37 34,lamp cone cup vase tent
1184,1184,/home/udays/geometric_deep_learning/data/processed/lamp/test/lamp_0127.npz,19,lamp,19,lamp,1,0.916753,19 37 24 15 9,lamp vase person flower_pot cone
1185,1185,/home/udays/geometric_deep_learning/data/processed/lamp/test/lamp_0128.npz,19,lamp,19,lamp,1,0.969184,19 10 15 26 37,lamp cup flower_pot plant vase
1186,1186,/home/udays/geometric_deep_learning/data/processed/lamp/test/lamp_0129.npz,19,lamp,10,cup,0,0.493833,10 37 19 15 22,cup vase lamp flower_pot monitor
1187,1187,/home/udays/geometric_deep_learning/data/processed/lamp/test/lamp_0130.npz,19,lamp,5,bottle,0,0.578590,5 37 19 38 32,bottle vase lamp wardrobe stool
1188,1188,/home/udays/geometric_deep_learning/data/processed/lamp/test/lamp_0131.npz,19,lamp,19,lamp,1,0.679064,19 9 37 22 34,lamp cone vase monitor tent
1189,1189,/home/udays/geometric_deep_learning/data/processed/lamp/test/lamp_0132.npz,19,lamp,19,lamp,1,0.612460,19 37 15 24 10,lamp vase flower_pot person cup
1190,1190,/home/udays/geometric_deep_learning/data/processed/lamp/test/lamp_0133.npz,19,lamp,19,lamp,1,0.993050,19 24 32 37 9,lamp person stool vase cone
1191,1191,/home/udays/geometric_deep_learning/data/processed/lamp/test/lamp_0134.npz,19,lamp,19,lamp,1,0.999986,19 24 10 22 9,lamp person cup monitor cone
1192,1192,/home/udays/geometric_deep_learning/data/processed/lamp/test/lamp_0135.npz,19,lamp,19,lamp,1,0.999945,19 10 22 37 15,lamp cup monitor vase flower_pot
1193,1193,/home/udays/geometric_deep_learning/data/processed/lamp/test/lamp_0136.npz,19,lamp,19,lamp,1,0.999753,19 10 15 37 26,lamp cup flower_pot vase plant
1194,1194,/home/udays/geometric_deep_learning/data/processed/lamp/test/lamp_0137.npz,19,lamp,19,lamp,1,0.999893,19 32 22 10 34,lamp stool monitor cup tent
1195,1195,/home/udays/geometric_deep_learning/data/processed/lamp/test/lamp_0138.npz,19,lamp,26,plant,0,0.755712,26 24 19 22 15,plant person lamp monitor flower_pot
1196,1196,/home/udays/geometric_deep_learning/data/processed/lamp/test/lamp_0139.npz,19,lamp,19,lamp,1,0.996210,19 10 22 37 15,lamp cup monitor vase flower_pot
1197,1197,/home/udays/geometric_deep_learning/data/processed/lamp/test/lamp_0140.npz,19,lamp,19,lamp,1,0.942347,19 37 15 21 32,lamp vase flower_pot mantel stool
1198,1198,/home/udays/geometric_deep_learning/data/processed/lamp/test/lamp_0141.npz,19,lamp,19,lamp,1,0.992279,19 24 26 37 9,lamp person plant vase cone
1199,1199,/home/udays/geometric_deep_learning/data/processed/lamp/test/lamp_0142.npz,19,lamp,19,lamp,1,0.999449,19 10 37 15 22,lamp cup vase flower_pot monitor
1200,1200,/home/udays/geometric_deep_learning/data/processed/lamp/test/lamp_0143.npz,19,lamp,19,lamp,1,0.987698,19 9 34 37 10,lamp cone tent vase cup
1201,1201,/home/udays/geometric_deep_learning/data/processed/lamp/test/lamp_0144.npz,19,lamp,19,lamp,1,0.997489,19 24 26 9 22,lamp person plant cone monitor
1202,1202,/home/udays/geometric_deep_learning/data/processed/laptop/test/laptop_0150.npz,20,laptop,20,laptop,1,0.999855,20 22 11 2 29,laptop monitor curtain bed sink
1203,1203,/home/udays/geometric_deep_learning/data/processed/laptop/test/laptop_0151.npz,20,laptop,20,laptop,1,0.999891,20 11 2 29 22,laptop curtain bed sink monitor
1204,1204,/home/udays/geometric_deep_learning/data/processed/laptop/test/laptop_0152.npz,20,laptop,20,laptop,1,0.999983,20 11 22 2 8,laptop curtain monitor bed chair
1205,1205,/home/udays/geometric_deep_learning/data/processed/laptop/test/laptop_0153.npz,20,laptop,20,laptop,1,0.999883,20 2 11 18 22,laptop bed curtain keyboard monitor
1206,1206,/home/udays/geometric_deep_learning/data/processed/laptop/test/laptop_0154.npz,20,laptop,20,laptop,1,0.999873,20 2 8 31 29,laptop bed chair stairs sink
1207,1207,/home/udays/geometric_deep_learning/data/processed/laptop/test/laptop_0155.npz,20,laptop,20,laptop,1,0.999974,20 2 8 11 22,laptop bed chair curtain monitor
1208,1208,/home/udays/geometric_deep_learning/data/processed/laptop/test/laptop_0156.npz,20,laptop,20,laptop,1,0.999652,20 2 8 29 11,laptop bed chair sink curtain
1209,1209,/home/udays/geometric_deep_learning/data/processed/laptop/test/laptop_0157.npz,20,laptop,20,laptop,1,0.999981,20 11 22 2 18,laptop curtain monitor bed keyboard
1210,1210,/home/udays/geometric_deep_learning/data/processed/laptop/test/laptop_0158.npz,20,laptop,20,laptop,1,0.999955,20 2 8 22 29,laptop bed chair monitor sink
1211,1211,/home/udays/geometric_deep_learning/data/processed/laptop/test/laptop_0159.npz,20,laptop,20,laptop,1,0.999881,20 2 22 8 11,laptop bed monitor chair curtain
1212,1212,/home/udays/geometric_deep_learning/data/processed/laptop/test/laptop_0160.npz,20,laptop,20,laptop,1,0.999941,20 2 8 29 22,laptop bed chair sink monitor
1213,1213,/home/udays/geometric_deep_learning/data/processed/laptop/test/laptop_0161.npz,20,laptop,20,laptop,1,0.999839,20 22 11 2 29,laptop monitor curtain bed sink
1214,1214,/home/udays/geometric_deep_learning/data/processed/laptop/test/laptop_0162.npz,20,laptop,20,laptop,1,0.999903,20 22 11 2 8,laptop monitor curtain bed chair
1215,1215,/home/udays/geometric_deep_learning/data/processed/laptop/test/laptop_0163.npz,20,laptop,20,laptop,1,0.999311,20 22 11 2 18,laptop monitor curtain bed keyboard
1216,1216,/home/udays/geometric_deep_learning/data/processed/laptop/test/laptop_0164.npz,20,laptop,20,laptop,1,0.999971,20 2 11 22 8,laptop bed curtain monitor chair
1217,1217,/home/udays/geometric_deep_learning/data/processed/laptop/test/laptop_0165.npz,20,laptop,20,laptop,1,0.999980,20 22 11 2 29,laptop monitor curtain bed sink
1218,1218,/home/udays/geometric_deep_learning/data/processed/laptop/test/laptop_0166.npz,20,laptop,20,laptop,1,0.999972,20 2 22 11 18,laptop bed monitor curtain keyboard
1219,1219,/home/udays/geometric_deep_learning/data/processed/laptop/test/laptop_0167.npz,20,laptop,20,laptop,1,0.999667,20 2 8 6 31,laptop bed chair bowl stairs
1220,1220,/home/udays/geometric_deep_learning/data/processed/laptop/test/laptop_0168.npz,20,laptop,20,laptop,1,0.999764,20 22 11 29 2,laptop monitor curtain sink bed
1221,1221,/home/udays/geometric_deep_learning/data/processed/laptop/test/laptop_0169.npz,20,laptop,20,laptop,1,0.999911,20 2 8 31 28,laptop bed chair stairs range_hood
1222,1222,/home/udays/geometric_deep_learning/data/processed/mantel/test/mantel_0285.npz,21,mantel,21,mantel,1,0.999849,21 12 28 36 23,mantel desk range_hood tv_stand night_stand
1223,1223,/home/udays/geometric_deep_learning/data/processed/mantel/test/mantel_0286.npz,21,mantel,21,mantel,1,0.997063,21 12 36 4 28,mantel desk tv_stand bookshelf range_hood
1224,1224,/home/udays/geometric_deep_learning/data/processed/mantel/test/mantel_0287.npz,21,mantel,21,mantel,1,0.981950,21 36 12 4 3,mantel tv_stand desk bookshelf bench
1225,1225,/home/udays/geometric_deep_learning/data/processed/mantel/test/mantel_0288.npz,21,mantel,21,mantel,1,0.999956,21 28 12 3 36,mantel range_hood desk bench tv_stand
1226,1226,/home/udays/geometric_deep_learning/data/processed/mantel/test/mantel_0289.npz,21,mantel,21,mantel,1,0.999445,21 12 28 36 4,mantel desk range_hood tv_stand bookshelf
1227,1227,/home/udays/geometric_deep_learning/data/processed/mantel/test/mantel_0290.npz,21,mantel,21,mantel,1,0.999941,21 28 3 4 12,mantel range_hood bench bookshelf desk
1228,1228,/home/udays/geometric_deep_learning/data/processed/mantel/test/mantel_0291.npz,21,mantel,21,mantel,1,0.999875,21 28 4 22 36,mantel range_hood bookshelf monitor tv_stand
1229,1229,/home/udays/geometric_deep_learning/data/processed/mantel/test/mantel_0292.npz,21,mantel,21,mantel,1,0.999467,21 4 12 3 36,mantel bookshelf desk bench tv_stand
1230,1230,/home/udays/geometric_deep_learning/data/processed/mantel/test/mantel_0293.npz,21,mantel,21,mantel,1,0.999666,21 11 4 12 36,mantel curtain bookshelf desk tv_stand
1231,1231,/home/udays/geometric_deep_learning/data/processed/mantel/test/mantel_0294.npz,21,mantel,21,mantel,1,0.999941,21 28 12 36 23,mantel range_hood desk tv_stand night_stand
1232,1232,/home/udays/geometric_deep_learning/data/processed/mantel/test/mantel_0295.npz,21,mantel,21,mantel,1,0.999907,21 28 36 12 3,mantel range_hood tv_stand desk bench
1233,1233,/home/udays/geometric_deep_learning/data/processed/mantel/test/mantel_0296.npz,21,mantel,21,mantel,1,0.988470,21 12 36 22 14,mantel desk tv_stand monitor dresser
1234,1234,/home/udays/geometric_deep_learning/data/processed/mantel/test/mantel_0297.npz,21,mantel,21,mantel,1,0.994378,21 22 12 36 14,mantel monitor desk tv_stand dresser
1235,1235,/home/udays/geometric_deep_learning/data/processed/mantel/test/mantel_0298.npz,21,mantel,21,mantel,1,0.999934,21 28 12 36 3,mantel range_hood desk tv_stand bench
1236,1236,/home/udays/geometric_deep_learning/data/processed/mantel/test/mantel_0299.npz,21,mantel,21,mantel,1,0.999337,21 28 12 36 4,mantel range_hood desk tv_stand bookshelf
1237,1237,/home/udays/geometric_deep_learning/data/processed/mantel/test/mantel_0300.npz,21,mantel,21,mantel,1,0.999907,21 28 12 25 36,mantel range_hood desk piano tv_stand
1238,1238,/home/udays/geometric_deep_learning/data/processed/mantel/test/mantel_0301.npz,21,mantel,21,mantel,1,0.999981,21 28 12 36 3,mantel range_hood desk tv_stand bench
1239,1239,/home/udays/geometric_deep_learning/data/processed/mantel/test/mantel_0302.npz,21,mantel,21,mantel,1,0.999685,21 28 36 12 3,mantel range_hood tv_stand desk bench
1240,1240,/home/udays/geometric_deep_learning/data/processed/mantel/test/mantel_0303.npz,21,mantel,22,monitor,0,0.724577,22 4 36 38 14,monitor bookshelf tv_stand wardrobe dresser
1241,1241,/home/udays/geometric_deep_learning/data/processed/mantel/test/mantel_0304.npz,21,mantel,21,mantel,1,0.999524,21 28 23 36 14,mantel range_hood night_stand tv_stand dresser
1242,1242,/home/udays/geometric_deep_learning/data/processed/mantel/test/mantel_0305.npz,21,mantel,21,mantel,1,0.999516,21 28 4 12 36,mantel range_hood bookshelf desk tv_stand
1243,1243,/home/udays/geometric_deep_learning/data/processed/mantel/test/mantel_0306.npz,21,mantel,21,mantel,1,0.999705,21 12 3 28 25,mantel desk bench range_hood piano
1244,1244,/home/udays/geometric_deep_learning/data/processed/mantel/test/mantel_0307.npz,21,mantel,21,mantel,1,0.921042,21 22 36 14 12,mantel monitor tv_stand dresser desk
1245,1245,/home/udays/geometric_deep_learning/data/processed/mantel/test/mantel_0308.npz,21,mantel,21,mantel,1,0.999254,21 28 36 12 22,mantel range_hood tv_stand desk monitor
1246,1246,/home/udays/geometric_deep_learning/data/processed/mantel/test/mantel_0309.npz,21,mantel,21,mantel,1,0.999906,21 12 28 36 14,mantel desk range_hood tv_stand dresser
1247,1247,/home/udays/geometric_deep_learning/data/processed/mantel/test/mantel_0310.npz,21,mantel,21,mantel,1,0.999559,21 28 36 12 14,mantel range_hood tv_stand desk dresser
1248,1248,/home/udays/geometric_deep_learning/data/processed/mantel/test/mantel_0311.npz,21,mantel,21,mantel,1,0.998574,21 28 12 36 22,mantel range_hood desk tv_stand monitor
1249,1249,/home/udays/geometric_deep_learning/data/processed/mantel/test/mantel_0312.npz,21,mantel,21,mantel,1,0.999645,21 28 12 36 3,mantel range_hood desk tv_stand bench
1250,1250,/home/udays/geometric_deep_learning/data/processed/mantel/test/mantel_0313.npz,21,mantel,21,mantel,1,0.999915,21 28 3 12 36,mantel range_hood bench desk tv_stand
1251,1251,/home/udays/geometric_deep_learning/data/processed/mantel/test/mantel_0314.npz,21,mantel,21,mantel,1,0.999849,21 28 12 3 36,mantel range_hood desk bench tv_stand
1252,1252,/home/udays/geometric_deep_learning/data/processed/mantel/test/mantel_0315.npz,21,mantel,21,mantel,1,0.999656,21 28 36 12 3,mantel range_hood tv_stand desk bench
1253,1253,/home/udays/geometric_deep_learning/data/processed/mantel/test/mantel_0316.npz,21,mantel,21,mantel,1,0.996852,21 14 22 28 23,mantel dresser monitor range_hood night_stand
1254,1254,/home/udays/geometric_deep_learning/data/processed/mantel/test/mantel_0317.npz,21,mantel,21,mantel,1,0.999749,21 28 36 12 14,mantel range_hood tv_stand desk dresser
1255,1255,/home/udays/geometric_deep_learning/data/processed/mantel/test/mantel_0318.npz,21,mantel,21,mantel,1,0.999955,21 28 3 4 36,mantel range_hood bench bookshelf tv_stand
1256,1256,/home/udays/geometric_deep_learning/data/processed/mantel/test/mantel_0319.npz,21,mantel,21,mantel,1,0.999933,21 28 12 3 36,mantel range_hood desk bench tv_stand
1257,1257,/home/udays/geometric_deep_learning/data/processed/mantel/test/mantel_0320.npz,21,mantel,21,mantel,1,0.597074,21 28 4 35 22,mantel range_hood bookshelf toilet monitor
1258,1258,/home/udays/geometric_deep_learning/data/processed/mantel/test/mantel_0321.npz,21,mantel,21,mantel,1,0.999950,21 28 4 12 3,mantel range_hood bookshelf desk bench
1259,1259,/home/udays/geometric_deep_learning/data/processed/mantel/test/mantel_0322.npz,21,mantel,21,mantel,1,0.998838,21 28 4 12 3,mantel range_hood bookshelf desk bench
1260,1260,/home/udays/geometric_deep_learning/data/processed/mantel/test/mantel_0323.npz,21,mantel,21,mantel,1,0.999929,21 28 3 12 4,mantel range_hood bench desk bookshelf
1261,1261,/home/udays/geometric_deep_learning/data/processed/mantel/test/mantel_0324.npz,21,mantel,21,mantel,1,0.999991,21 28 12 36 3,mantel range_hood desk tv_stand bench
1262,1262,/home/udays/geometric_deep_learning/data/processed/mantel/test/mantel_0325.npz,21,mantel,21,mantel,1,0.999847,21 28 4 22 25,mantel range_hood bookshelf monitor piano
1263,1263,/home/udays/geometric_deep_learning/data/processed/mantel/test/mantel_0326.npz,21,mantel,21,mantel,1,0.999705,21 28 36 3 12,mantel range_hood tv_stand bench desk
1264,1264,/home/udays/geometric_deep_learning/data/processed/mantel/test/mantel_0327.npz,21,mantel,21,mantel,1,0.999921,21 28 36 12 14,mantel range_hood tv_stand desk dresser
1265,1265,/home/udays/geometric_deep_learning/data/processed/mantel/test/mantel_0328.npz,21,mantel,21,mantel,1,0.990613,21 4 12 36 28,mantel bookshelf desk tv_stand range_hood
1266,1266,/home/udays/geometric_deep_learning/data/processed/mantel/test/mantel_0329.npz,21,mantel,21,mantel,1,0.999908,21 28 12 36 14,mantel range_hood desk tv_stand dresser
1267,1267,/home/udays/geometric_deep_learning/data/processed/mantel/test/mantel_0330.npz,21,mantel,21,mantel,1,0.999901,21 28 36 12 14,mantel range_hood tv_stand desk dresser
1268,1268,/home/udays/geometric_deep_learning/data/processed/mantel/test/mantel_0331.npz,21,mantel,21,mantel,1,0.999819,21 28 12 36 3,mantel range_hood desk tv_stand bench
1269,1269,/home/udays/geometric_deep_learning/data/processed/mantel/test/mantel_0332.npz,21,mantel,21,mantel,1,0.999649,21 12 28 36 4,mantel desk range_hood tv_stand bookshelf
1270,1270,/home/udays/geometric_deep_learning/data/processed/mantel/test/mantel_0333.npz,21,mantel,22,monitor,0,0.422874,22 21 39 38 4,monitor mantel xbox wardrobe bookshelf
1271,1271,/home/udays/geometric_deep_learning/data/processed/mantel/test/mantel_0334.npz,21,mantel,21,mantel,1,0.995718,21 12 36 4 28,mantel desk tv_stand bookshelf range_hood
1272,1272,/home/udays/geometric_deep_learning/data/processed/mantel/test/mantel_0335.npz,21,mantel,21,mantel,1,0.999752,21 28 23 14 36,mantel range_hood night_stand dresser tv_stand
1273,1273,/home/udays/geometric_deep_learning/data/processed/mantel/test/mantel_0336.npz,21,mantel,21,mantel,1,0.982502,21 14 36 22 12,mantel dresser tv_stand monitor desk
1274,1274,/home/udays/geometric_deep_learning/data/processed/mantel/test/mantel_0337.npz,21,mantel,21,mantel,1,0.999793,21 28 12 36 23,mantel range_hood desk tv_stand night_stand
1275,1275,/home/udays/geometric_deep_learning/data/processed/mantel/test/mantel_0338.npz,21,mantel,21,mantel,1,0.997536,21 12 36 14 3,mantel desk tv_stand dresser bench
1276,1276,/home/udays/geometric_deep_learning/data/processed/mantel/test/mantel_0339.npz,21,mantel,21,mantel,1,0.999978,21 28 12 36 4,mantel range_hood desk tv_stand bookshelf
1277,1277,/home/udays/geometric_deep_learning/data/processed/mantel/test/mantel_0340.npz,21,mantel,21,mantel,1,0.999911,21 28 12 23 36,mantel range_hood desk night_stand tv_stand
1278,1278,/home/udays/geometric_deep_learning/data/processed/mantel/test/mantel_0341.npz,21,mantel,21,mantel,1,0.999957,21 28 12 36 3,mantel range_hood desk tv_stand bench
1279,1279,/home/udays/geometric_deep_learning/data/processed/mantel/test/mantel_0342.npz,21,mantel,21,mantel,1,0.999863,21 28 12 23 36,mantel range_hood desk night_stand tv_stand
1280,1280,/home/udays/geometric_deep_learning/data/processed/mantel/test/mantel_0343.npz,21,mantel,21,mantel,1,0.999726,21 28 23 22 36,mantel range_hood night_stand monitor tv_stand
1281,1281,/home/udays/geometric_deep_learning/data/processed/mantel/test/mantel_0344.npz,21,mantel,21,mantel,1,0.999397,21 28 3 36 12,mantel range_hood bench tv_stand desk
1282,1282,/home/udays/geometric_deep_learning/data/processed/mantel/test/mantel_0345.npz,21,mantel,21,mantel,1,0.999784,21 28 3 36 12,mantel range_hood bench tv_stand desk
1283,1283,/home/udays/geometric_deep_learning/data/processed/mantel/test/mantel_0346.npz,21,mantel,21,mantel,1,0.999982,21 28 4 12 3,mantel range_hood bookshelf desk bench
1284,1284,/home/udays/geometric_deep_learning/data/processed/mantel/test/mantel_0347.npz,21,mantel,21,mantel,1,0.999842,21 28 12 4 36,mantel range_hood desk bookshelf tv_stand
1285,1285,/home/udays/geometric_deep_learning/data/processed/mantel/test/mantel_0348.npz,21,mantel,21,mantel,1,0.999480,21 12 28 36 23,mantel desk range_hood tv_stand night_stand
1286,1286,/home/udays/geometric_deep_learning/data/processed/mantel/test/mantel_0349.npz,21,mantel,21,mantel,1,0.998980,21 28 12 4 3,mantel range_hood desk bookshelf bench
1287,1287,/home/udays/geometric_deep_learning/data/processed/mantel/test/mantel_0350.npz,21,mantel,21,mantel,1,0.999865,21 28 4 3 22,mantel range_hood bookshelf bench monitor
1288,1288,/home/udays/geometric_deep_learning/data/processed/mantel/test/mantel_0351.npz,21,mantel,21,mantel,1,0.999877,21 28 36 12 14,mantel range_hood tv_stand desk dresser
1289,1289,/home/udays/geometric_deep_learning/data/processed/mantel/test/mantel_0352.npz,21,mantel,21,mantel,1,0.998339,21 28 36 14 3,mantel range_hood tv_stand dresser bench
1290,1290,/home/udays/geometric_deep_learning/data/processed/mantel/test/mantel_0353.npz,21,mantel,21,mantel,1,0.999966,21 28 12 36 25,mantel range_hood desk tv_stand piano
1291,1291,/home/udays/geometric_deep_learning/data/processed/mantel/test/mantel_0354.npz,21,mantel,21,mantel,1,0.999494,21 12 28 36 4,mantel desk range_hood tv_stand bookshelf
1292,1292,/home/udays/geometric_deep_learning/data/processed/mantel/test/mantel_0355.npz,21,mantel,21,mantel,1,0.999869,21 12 25 3 28,mantel desk piano bench range_hood
1293,1293,/home/udays/geometric_deep_learning/data/processed/mantel/test/mantel_0356.npz,21,mantel,21,mantel,1,0.999943,21 28 3 4 36,mantel range_hood bench bookshelf tv_stand
1294,1294,/home/udays/geometric_deep_learning/data/processed/mantel/test/mantel_0357.npz,21,mantel,21,mantel,1,0.999945,21 28 3 12 25,mantel range_hood bench desk piano
1295,1295,/home/udays/geometric_deep_learning/data/processed/mantel/test/mantel_0358.npz,21,mantel,21,mantel,1,0.999960,21 28 4 12 3,mantel range_hood bookshelf desk bench
1296,1296,/home/udays/geometric_deep_learning/data/processed/mantel/test/mantel_0359.npz,21,mantel,22,monitor,0,0.318794,22 38 21 39 4,monitor wardrobe mantel xbox bookshelf
1297,1297,/home/udays/geometric_deep_learning/data/processed/mantel/test/mantel_0360.npz,21,mantel,21,mantel,1,0.999797,21 28 12 36 3,mantel range_hood desk tv_stand bench
1298,1298,/home/udays/geometric_deep_learning/data/processed/mantel/test/mantel_0361.npz,21,mantel,21,mantel,1,0.999733,21 28 36 12 14,mantel range_hood tv_stand desk dresser
1299,1299,/home/udays/geometric_deep_learning/data/processed/mantel/test/mantel_0362.npz,21,mantel,21,mantel,1,0.476925,21 22 38 39 4,mantel monitor wardrobe xbox bookshelf
1300,1300,/home/udays/geometric_deep_learning/data/processed/mantel/test/mantel_0363.npz,21,mantel,21,mantel,1,0.999940,21 4 28 3 36,mantel bookshelf range_hood bench tv_stand
1301,1301,/home/udays/geometric_deep_learning/data/processed/mantel/test/mantel_0364.npz,21,mantel,21,mantel,1,0.993304,21 4 11 36 3,mantel bookshelf curtain tv_stand bench
1302,1302,/home/udays/geometric_deep_learning/data/processed/mantel/test/mantel_0365.npz,21,mantel,21,mantel,1,0.999683,21 12 4 36 3,mantel desk bookshelf tv_stand bench
1303,1303,/home/udays/geometric_deep_learning/data/processed/mantel/test/mantel_0366.npz,21,mantel,39,xbox,0,0.775143,39 38 27 22 14,xbox wardrobe radio monitor dresser
1304,1304,/home/udays/geometric_deep_learning/data/processed/mantel/test/mantel_0367.npz,21,mantel,21,mantel,1,0.999408,21 28 36 12 14,mantel range_hood tv_stand desk dresser
1305,1305,/home/udays/geometric_deep_learning/data/processed/mantel/test/mantel_0368.npz,21,mantel,21,mantel,1,0.999390,21 28 12 25 36,mantel range_hood desk piano tv_stand
1306,1306,/home/udays/geometric_deep_learning/data/processed/mantel/test/mantel_0369.npz,21,mantel,21,mantel,1,0.994141,21 22 23 14 36,mantel monitor night_stand dresser tv_stand
1307,1307,/home/udays/geometric_deep_learning/data/processed/mantel/test/mantel_0370.npz,21,mantel,21,mantel,1,0.999497,21 28 12 36 3,mantel range_hood desk tv_stand bench
1308,1308,/home/udays/geometric_deep_learning/data/processed/mantel/test/mantel_0371.npz,21,mantel,21,mantel,1,0.999904,21 28 12 23 36,mantel range_hood desk night_stand tv_stand
1309,1309,/home/udays/geometric_deep_learning/data/processed/mantel/test/mantel_0372.npz,21,mantel,21,mantel,1,0.999522,21 28 12 36 4,mantel range_hood desk tv_stand bookshelf
1310,1310,/home/udays/geometric_deep_learning/data/processed/mantel/test/mantel_0373.npz,21,mantel,21,mantel,1,0.999749,21 4 28 36 12,mantel bookshelf range_hood tv_stand desk
1311,1311,/home/udays/geometric_deep_learning/data/processed/mantel/test/mantel_0374.npz,21,mantel,21,mantel,1,0.994508,21 4 12 36 25,mantel bookshelf desk tv_stand piano
1312,1312,/home/udays/geometric_deep_learning/data/processed/mantel/test/mantel_0375.npz,21,mantel,21,mantel,1,0.887457,21 36 12 3 4,mantel tv_stand desk bench bookshelf
1313,1313,/home/udays/geometric_deep_learning/data/processed/mantel/test/mantel_0376.npz,21,mantel,21,mantel,1,0.997663,21 12 28 36 4,mantel desk range_hood tv_stand bookshelf
1314,1314,/home/udays/geometric_deep_learning/data/processed/mantel/test/mantel_0377.npz,21,mantel,21,mantel,1,0.996948,21 36 12 4 28,mantel tv_stand desk bookshelf range_hood
1315,1315,/home/udays/geometric_deep_learning/data/processed/mantel/test/mantel_0378.npz,21,mantel,21,mantel,1,0.991266,21 12 36 4 28,mantel desk tv_stand bookshelf range_hood
1316,1316,/home/udays/geometric_deep_learning/data/processed/mantel/test/mantel_0379.npz,21,mantel,21,mantel,1,0.999702,21 28 36 12 3,mantel range_hood tv_stand desk bench
1317,1317,/home/udays/geometric_deep_learning/data/processed/mantel/test/mantel_0380.npz,21,mantel,21,mantel,1,0.999705,21 28 12 36 14,mantel range_hood desk tv_stand dresser
1318,1318,/home/udays/geometric_deep_learning/data/processed/mantel/test/mantel_0381.npz,21,mantel,21,mantel,1,0.999851,21 28 12 36 14,mantel range_hood desk tv_stand dresser
1319,1319,/home/udays/geometric_deep_learning/data/processed/mantel/test/mantel_0382.npz,21,mantel,21,mantel,1,0.999972,21 28 3 4 12,mantel range_hood bench bookshelf desk
1320,1320,/home/udays/geometric_deep_learning/data/processed/mantel/test/mantel_0383.npz,21,mantel,21,mantel,1,0.999939,21 28 3 22 12,mantel range_hood bench monitor desk
1321,1321,/home/udays/geometric_deep_learning/data/processed/mantel/test/mantel_0384.npz,21,mantel,21,mantel,1,0.995228,21 28 4 36 3,mantel range_hood bookshelf tv_stand bench
1322,1322,/home/udays/geometric_deep_learning/data/processed/monitor/test/monitor_0466.npz,22,monitor,22,monitor,1,0.765645,22 31 19 21 8,monitor stairs lamp mantel chair
1323,1323,/home/udays/geometric_deep_learning/data/processed/monitor/test/monitor_0467.npz,22,monitor,22,monitor,1,0.998158,22 11 20 26 21,monitor curtain laptop plant mantel
1324,1324,/home/udays/geometric_deep_learning/data/processed/monitor/test/monitor_0468.npz,22,monitor,22,monitor,1,0.999977,22 21 34 4 25,monitor mantel tent bookshelf piano
1325,1325,/home/udays/geometric_deep_learning/data/processed/monitor/test/monitor_0469.npz,22,monitor,22,monitor,1,0.998520,22 21 4 31 26,monitor mantel bookshelf stairs plant
1326,1326,/home/udays/geometric_deep_learning/data/processed/monitor/test/monitor_0470.npz,22,monitor,22,monitor,1,0.999958,22 21 4 38 20,monitor mantel bookshelf wardrobe laptop
1327,1327,/home/udays/geometric_deep_learning/data/processed/monitor/test/monitor_0471.npz,22,monitor,22,monitor,1,0.999993,22 21 4 31 20,monitor mantel bookshelf stairs laptop
1328,1328,/home/udays/geometric_deep_learning/data/processed/monitor/test/monitor_0472.npz,22,monitor,22,monitor,1,0.999247,22 25 8 21 23,monitor piano chair mantel night_stand
1329,1329,/home/udays/geometric_deep_learning/data/processed/monitor/test/monitor_0473.npz,22,monitor,22,monitor,1,0.999466,22 21 25 4 31,monitor mantel piano bookshelf stairs
1330,1330,/home/udays/geometric_deep_learning/data/processed/monitor/test/monitor_0474.npz,22,monitor,22,monitor,1,0.999957,22 21 4 25 34,monitor mantel bookshelf piano tent
1331,1331,/home/udays/geometric_deep_learning/data/processed/monitor/test/monitor_0475.npz,22,monitor,22,monitor,1,0.999999,22 21 4 20 38,monitor mantel bookshelf laptop wardrobe
1332,1332,/home/udays/geometric_deep_learning/data/processed/monitor/test/monitor_0476.npz,22,monitor,22,monitor,1,0.999886,22 34 25 21 31,monitor tent piano mantel stairs
1333,1333,/home/udays/geometric_deep_learning/data/processed/monitor/test/monitor_0477.npz,22,monitor,22,monitor,1,0.686586,22 11 20 26 4,monitor curtain laptop plant bookshelf
1334,1334,/home/udays/geometric_deep_learning/data/processed/monitor/test/monitor_0478.npz,22,monitor,22,monitor,1,0.999982,22 21 34 9 20,monitor mantel tent cone laptop
1335,1335,/home/udays/geometric_deep_learning/data/processed/monitor/test/monitor_0479.npz,22,monitor,22,monitor,1,0.999895,22 21 20 11 4,monitor mantel laptop curtain bookshelf
1336,1336,/home/udays/geometric_deep_learning/data/processed/monitor/test/monitor_0480.npz,22,monitor,22,monitor,1,0.999990,22 21 34 4 20,monitor mantel tent bookshelf laptop
1337,1337,/home/udays/geometric_deep_learning/data/processed/monitor/test/monitor_0481.npz,22,monitor,22,monitor,1,0.999705,22 38 21 39 25,monitor wardrobe mantel xbox piano
1338,1338,/home/udays/geometric_deep_learning/data/processed/monitor/test/monitor_0482.npz,22,monitor,22,monitor,1,0.954031,22 13 4 20 28,monitor door bookshelf laptop range_hood
1339,1339,/home/udays/geometric_deep_learning/data/processed/monitor/test/monitor_0483.npz,22,monitor,22,monitor,1,0.998881,22 31 4 28 20,monitor stairs bookshelf range_hood laptop
1340,1340,/home/udays/geometric_deep_learning/data/processed/monitor/test/monitor_0484.npz,22,monitor,22,monitor,1,0.999669,22 21 20 34 4,monitor mantel laptop tent bookshelf
1341,1341,/home/udays/geometric_deep_learning/data/processed/monitor/test/monitor_0485.npz,22,monitor,22,monitor,1,0.999961,22 21 25 34 31,monitor mantel piano tent stairs
1342,1342,/home/udays/geometric_deep_learning/data/processed/monitor/test/monitor_0486.npz,22,monitor,22,monitor,1,0.999993,22 21 4 20 25,monitor mantel bookshelf laptop piano
1343,1343,/home/udays/geometric_deep_learning/data/processed/monitor/test/monitor_0487.npz,22,monitor,22,monitor,1,0.569252,22 28 21 13 11,monitor range_hood mantel door curtain
1344,1344,/home/udays/geometric_deep_learning/data/processed/monitor/test/monitor_0488.npz,22,monitor,22,monitor,1,0.626521,22 27 23 36 2,monitor radio night_stand tv_stand bed
1345,1345,/home/udays/geometric_deep_learning/data/processed/monitor/test/monitor_0489.npz,22,monitor,22,monitor,1,0.999882,22 38 4 39 21,monitor wardrobe bookshelf xbox mantel
1346,1346,/home/udays/geometric_deep_learning/data/processed/monitor/test/monitor_0490.npz,22,monitor,22,monitor,1,0.999401,22 21 20 4 9,monitor mantel laptop bookshelf cone
1347,1347,/home/udays/geometric_deep_learning/data/processed/monitor/test/monitor_0491.npz,22,monitor,22,monitor,1,0.999918,22 8 35 21 10,monitor chair toilet mantel cup
1348,1348,/home/udays/geometric_deep_learning/data/processed/monitor/test/monitor_0492.npz,22,monitor,13,door,0,0.622437,13 22 11 21 28,door monitor curtain mantel range_hood
1349,1349,/home/udays/geometric_deep_learning/data/processed/monitor/test/monitor_0493.npz,22,monitor,22,monitor,1,0.999954,22 21 34 31 3,monitor mantel tent stairs bench
1350,1350,/home/udays/geometric_deep_learning/data/processed/monitor/test/monitor_0494.npz,22,monitor,22,monitor,1,0.998387,22 34 19 21 8,monitor tent lamp mantel chair
1351,1351,/home/udays/geometric_deep_learning/data/processed/monitor/test/monitor_0495.npz,22,monitor,22,monitor,1,0.999994,22 21 34 20 4,monitor mantel tent laptop bookshelf
1352,1352,/home/udays/geometric_deep_learning/data/processed/monitor/test/monitor_0496.npz,22,monitor,22,monitor,1,0.995898,22 28 21 31 8,monitor range_hood mantel stairs chair
1353,1353,/home/udays/geometric_deep_learning/data/processed/monitor/test/monitor_0497.npz,22,monitor,22,monitor,1,0.994912,22 14 27 38 10,monitor dresser radio wardrobe cup
1354,1354,/home/udays/geometric_deep_learning/data/processed/monitor/test/monitor_0498.npz,22,monitor,22,monitor,1,0.999303,22 37 10 19 39,monitor vase cup lamp xbox
1355,1355,/home/udays/geometric_deep_learning/data/processed/monitor/test/monitor_0499.npz,22,monitor,22,monitor,1,0.999977,22 21 4 25 38,monitor mantel bookshelf piano wardrobe
1356,1356,/home/udays/geometric_deep_learning/data/processed/monitor/test/monitor_0500.npz,22,monitor,4,bookshelf,0,0.625649,4 28 22 36 20,bookshelf range_hood monitor tv_stand laptop
1357,1357,/home/udays/geometric_deep_learning/data/processed/monitor/test/monitor_0501.npz,22,monitor,22,monitor,1,0.999564,22 31 21 28 34,monitor stairs mantel range_hood tent
1358,1358,/home/udays/geometric_deep_learning/data/processed/monitor/test/monitor_0502.npz,22,monitor,22,monitor,1,0.999904,22 21 9 10 19,monitor mantel cone cup lamp
1359,1359,/home/udays/geometric_deep_learning/data/processed/monitor/test/monitor_0503.npz,22,monitor,22,monitor,1,0.999678,22 21 20 4 34,monitor mantel laptop bookshelf tent
1360,1360,/home/udays/geometric_deep_learning/data/processed/monitor/test/monitor_0504.npz,22,monitor,22,monitor,1,0.999995,22 21 20 9 34,monitor mantel laptop cone tent
1361,1361,/home/udays/geometric_deep_learning/data/processed/monitor/test/monitor_0505.npz,22,monitor,22,monitor,1,0.999981,22 21 34 25 31,monitor mantel tent piano stairs
1362,1362,/home/udays/geometric_deep_learning/data/processed/monitor/test/monitor_0506.npz,22,monitor,14,dresser,0,0.383289,14 22 38 23 4,dresser monitor wardrobe night_stand bookshelf
1363,1363,/home/udays/geometric_deep_learning/data/processed/monitor/test/monitor_0507.npz,22,monitor,22,monitor,1,0.921558,22 31 34 20 28,monitor stairs tent laptop range_hood
1364,1364,/home/udays/geometric_deep_learning/data/processed/monitor/test/monitor_0508.npz,22,monitor,22,monitor,1,0.999998,22 21 34 20 4,monitor mantel tent laptop bookshelf
1365,1365,/home/udays/geometric_deep_learning/data/processed/monitor/test/monitor_0509.npz,22,monitor,22,monitor,1,0.999815,22 21 25 3 34,monitor mantel piano bench tent
1366,1366,/home/udays/geometric_deep_learning/data/processed/monitor/test/monitor_0510.npz,22,monitor,22,monitor,1,0.999943,22 4 21 38 25,monitor bookshelf mantel wardrobe piano
1367,1367,/home/udays/geometric_deep_learning/data/processed/monitor/test/monitor_0511.npz,22,monitor,22,monitor,1,0.999389,22 21 34 20 28,monitor mantel tent laptop range_hood
1368,1368,/home/udays/geometric_deep_learning/data/processed/monitor/test/monitor_0512.npz,22,monitor,22,monitor,1,0.999996,22 21 10 34 19,monitor mantel cup tent lamp
1369,1369,/home/udays/geometric_deep_learning/data/processed/monitor/test/monitor_0513.npz,22,monitor,22,monitor,1,0.997523,22 21 8 31 9,monitor mantel chair stairs cone
1370,1370,/home/udays/geometric_deep_learning/data/processed/monitor/test/monitor_0514.npz,22,monitor,22,monitor,1,0.999989,22 4 21 31 25,monitor bookshelf mantel stairs piano
1371,1371,/home/udays/geometric_deep_learning/data/processed/monitor/test/monitor_0515.npz,22,monitor,22,monitor,1,0.999466,22 4 21 20 31,monitor bookshelf mantel laptop stairs
1372,1372,/home/udays/geometric_deep_learning/data/processed/monitor/test/monitor_0516.npz,22,monitor,22,monitor,1,0.946825,22 4 11 38 21,monitor bookshelf curtain wardrobe mantel
1373,1373,/home/udays/geometric_deep_learning/data/processed/monitor/test/monitor_0517.npz,22,monitor,22,monitor,1,0.999912,22 21 34 8 19,monitor mantel tent chair lamp
1374,1374,/home/udays/geometric_deep_learning/data/processed/monitor/test/monitor_0518.npz,22,monitor,22,monitor,1,0.999994,22 21 20 31 34,monitor mantel laptop stairs tent
1375,1375,/home/udays/geometric_deep_learning/data/processed/monitor/test/monitor_0519.npz,22,monitor,22,monitor,1,0.742422,22 23 14 10 37,monitor night_stand dresser cup vase
1376,1376,/home/udays/geometric_deep_learning/data/processed/monitor/test/monitor_0520.npz,22,monitor,22,monitor,1,0.999977,22 21 4 20 38,monitor mantel bookshelf laptop wardrobe
1377,1377,/home/udays/geometric_deep_learning/data/processed/monitor/test/monitor_0521.npz,22,monitor,22,monitor,1,0.470746,22 39 38 27 14,monitor xbox wardrobe radio dresser
1378,1378,/home/udays/geometric_deep_learning/data/processed/monitor/test/monitor_0522.npz,22,monitor,22,monitor,1,0.999945,22 21 20 4 11,monitor mantel laptop bookshelf curtain
1379,1379,/home/udays/geometric_deep_learning/data/processed/monitor/test/monitor_0523.npz,22,monitor,22,monitor,1,0.999799,22 21 19 10 34,monitor mantel lamp cup tent
1380,1380,/home/udays/geometric_deep_learning/data/processed/monitor/test/monitor_0524.npz,22,monitor,22,monitor,1,0.999983,22 34 21 31 20,monitor tent mantel stairs laptop
1381,1381,/home/udays/geometric_deep_learning/data/processed/monitor/test/monitor_0525.npz,22,monitor,22,monitor,1,0.999879,22 4 21 38 20,monitor bookshelf mantel wardrobe laptop
1382,1382,/home/udays/geometric_deep_learning/data/processed/monitor/test/monitor_0526.npz,22,monitor,22,monitor,1,0.999868,22 21 38 39 25,monitor mantel wardrobe xbox piano
1383,1383,/home/udays/geometric_deep_learning/data/processed/monitor/test/monitor_0527.npz,22,monitor,22,monitor,1,0.999985,22 21 4 38 34,monitor mantel bookshelf wardrobe tent
1384,1384,/home/udays/geometric_deep_learning/data/processed/monitor/test/monitor_0528.npz,22,monitor,22,monitor,1,0.999997,22 21 34 20 25,monitor mantel tent laptop piano
1385,1385,/home/udays/geometric_deep_learning/data/processed/monitor/test/monitor_0529.npz,22,monitor,22,monitor,1,0.999983,22 21 4 38 20,monitor mantel bookshelf wardrobe laptop
1386,1386,/home/udays/geometric_deep_learning/data/processed/monitor/test/monitor_0530.npz,22,monitor,22,monitor,1,0.999986,22 21 19 34 10,monitor mantel lamp tent cup
1387,1387,/home/udays/geometric_deep_learning/data/processed/monitor/test/monitor_0531.npz,22,monitor,22,monitor,1,0.792383,22 21 35 27 36,monitor mantel toilet radio tv_stand
1388,1388,/home/udays/geometric_deep_learning/data/processed/monitor/test/monitor_0532.npz,22,monitor,22,monitor,1,0.999965,22 21 34 25 38,monitor mantel tent piano wardrobe
1389,1389,/home/udays/geometric_deep_learning/data/processed/monitor/test/monitor_0533.npz,22,monitor,22,monitor,1,0.990038,22 4 11 21 38,monitor bookshelf curtain mantel wardrobe
1390,1390,/home/udays/geometric_deep_learning/data/processed/monitor/test/monitor_0534.npz,22,monitor,22,monitor,1,0.960582,22 21 34 28 9,monitor mantel tent range_hood cone
1391,1391,/home/udays/geometric_deep_learning/data/processed/monitor/test/monitor_0535.npz,22,monitor,22,monitor,1,0.989587,22 21 34 39 38,monitor mantel tent xbox wardrobe
1392,1392,/home/udays/geometric_deep_learning/data/processed/monitor/test/monitor_0536.npz,22,monitor,22,monitor,1,0.999909,22 21 31 20 4,monitor mantel stairs laptop bookshelf
1393,1393,/home/udays/geometric_deep_learning/data/processed/monitor/test/monitor_0537.npz,22,monitor,22,monitor,1,0.991244,22 21 3 31 4,monitor mantel bench stairs bookshelf
1394,1394,/home/udays/geometric_deep_learning/data/processed/monitor/test/monitor_0538.npz,22,monitor,22,monitor,1,0.999988,22 21 4 34 20,monitor mantel bookshelf tent laptop
1395,1395,/home/udays/geometric_deep_learning/data/processed/monitor/test/monitor_0539.npz,22,monitor,22,monitor,1,0.999943,22 4 21 25 38,monitor bookshelf mantel piano wardrobe
1396,1396,/home/udays/geometric_deep_learning/data/processed/monitor/test/monitor_0540.npz,22,monitor,22,monitor,1,0.957921,22 39 4 11 38,monitor xbox bookshelf curtain wardrobe
1397,1397,/home/udays/geometric_deep_learning/data/processed/monitor/test/monitor_0541.npz,22,monitor,22,monitor,1,0.980374,22 4 11 21 26,monitor bookshelf curtain mantel plant
1398,1398,/home/udays/geometric_deep_learning/data/processed/monitor/test/monitor_0542.npz,22,monitor,22,monitor,1,0.999990,22 21 4 25 3,monitor mantel bookshelf piano bench
1399,1399,/home/udays/geometric_deep_learning/data/processed/monitor/test/monitor_0543.npz,22,monitor,22,monitor,1,0.999984,22 21 20 9 4,monitor mantel laptop cone bookshelf
1400,1400,/home/udays/geometric_deep_learning/data/processed/monitor/test/monitor_0544.npz,22,monitor,22,monitor,1,0.992172,22 11 20 26 4,monitor curtain laptop plant bookshelf
1401,1401,/home/udays/geometric_deep_learning/data/processed/monitor/test/monitor_0545.npz,22,monitor,22,monitor,1,0.998815,22 21 31 20 26,monitor mantel stairs laptop plant
1402,1402,/home/udays/geometric_deep_learning/data/processed/monitor/test/monitor_0546.npz,22,monitor,22,monitor,1,0.999998,22 21 38 34 20,monitor mantel wardrobe tent laptop
1403,1403,/home/udays/geometric_deep_learning/data/processed/monitor/test/monitor_0547.npz,22,monitor,22,monitor,1,0.999992,22 34 21 31 25,monitor tent mantel stairs piano
1404,1404,/home/udays/geometric_deep_learning/data/processed/monitor/test/monitor_0548.npz,22,monitor,22,monitor,1,0.999294,22 21 4 8 25,monitor mantel bookshelf chair piano
1405,1405,/home/udays/geometric_deep_learning/data/processed/monitor/test/monitor_0549.npz,22,monitor,22,monitor,1,0.999080,22 21 20 9 34,monitor mantel laptop cone tent
1406,1406,/home/udays/geometric_deep_learning/data/processed/monitor/test/monitor_0550.npz,22,monitor,22,monitor,1,0.999940,22 21 34 9 20,monitor mantel tent cone laptop
1407,1407,/home/udays/geometric_deep_learning/data/processed/monitor/test/monitor_0551.npz,22,monitor,22,monitor,1,0.999475,22 21 8 26 31,monitor mantel chair plant stairs
1408,1408,/home/udays/geometric_deep_learning/data/processed/monitor/test/monitor_0552.npz,22,monitor,22,monitor,1,0.999986,22 21 8 4 34,monitor mantel chair bookshelf tent
1409,1409,/home/udays/geometric_deep_learning/data/processed/monitor/test/monitor_0553.npz,22,monitor,22,monitor,1,0.999952,22 21 34 31 8,monitor mantel tent stairs chair
1410,1410,/home/udays/geometric_deep_learning/data/processed/monitor/test/monitor_0554.npz,22,monitor,22,monitor,1,0.999990,22 21 34 31 3,monitor mantel tent stairs bench
1411,1411,/home/udays/geometric_deep_learning/data/processed/monitor/test/monitor_0555.npz,22,monitor,22,monitor,1,0.995612,22 21 38 28 39,monitor mantel wardrobe range_hood xbox
1412,1412,/home/udays/geometric_deep_learning/data/processed/monitor/test/monitor_0556.npz,22,monitor,22,monitor,1,0.999999,22 21 34 38 25,monitor mantel tent wardrobe piano
1413,1413,/home/udays/geometric_deep_learning/data/processed/monitor/test/monitor_0557.npz,22,monitor,22,monitor,1,0.998851,22 4 38 21 20,monitor bookshelf wardrobe mantel laptop
1414,1414,/home/udays/geometric_deep_learning/data/processed/monitor/test/monitor_0558.npz,22,monitor,22,monitor,1,0.996889,22 11 20 26 4,monitor curtain laptop plant bookshelf
1415,1415,/home/udays/geometric_deep_learning/data/processed/monitor/test/monitor_0559.npz,22,monitor,22,monitor,1,0.999974,22 21 4 34 25,monitor mantel bookshelf tent piano
1416,1416,/home/udays/geometric_deep_learning/data/processed/monitor/test/monitor_0560.npz,22,monitor,22,monitor,1,0.999875,22 21 4 20 11,monitor mantel bookshelf laptop curtain
1417,1417,/home/udays/geometric_deep_learning/data/processed/monitor/test/monitor_0561.npz,22,monitor,22,monitor,1,0.999985,22 21 20 31 8,monitor mantel laptop stairs chair
1418,1418,/home/udays/geometric_deep_learning/data/processed/monitor/test/monitor_0562.npz,22,monitor,22,monitor,1,0.997496,22 27 23 14 35,monitor radio night_stand dresser toilet
1419,1419,/home/udays/geometric_deep_learning/data/processed/monitor/test/monitor_0563.npz,22,monitor,22,monitor,1,0.999958,22 4 21 38 20,monitor bookshelf mantel wardrobe laptop
1420,1420,/home/udays/geometric_deep_learning/data/processed/monitor/test/monitor_0564.npz,22,monitor,22,monitor,1,0.999963,22 21 20 4 38,monitor mantel laptop bookshelf wardrobe
1421,1421,/home/udays/geometric_deep_learning/data/processed/monitor/test/monitor_0565.npz,22,monitor,22,monitor,1,0.999998,22 21 20 34 31,monitor mantel laptop tent stairs
1422,1422,/home/udays/geometric_deep_learning/data/processed/night_stand/test/night_stand_0201.npz,23,night_stand,23,night_stand,1,0.988403,23 14 36 33 4,night_stand dresser tv_stand table bookshelf
1423,1423,/home/udays/geometric_deep_learning/data/processed/night_stand/test/night_stand_0202.npz,23,night_stand,23,night_stand,1,0.764821,23 14 27 38 22,night_stand dresser radio wardrobe monitor
1424,1424,/home/udays/geometric_deep_learning/data/processed/night_stand/test/night_stand_0203.npz,23,night_stand,36,tv_stand,0,0.880322,36 23 29 33 4,tv_stand night_stand sink table bookshelf
1425,1425,/home/udays/geometric_deep_learning/data/processed/night_stand/test/night_stand_0204.npz,23,night_stand,14,dresser,0,0.693674,14 23 38 4 36,dresser night_stand wardrobe bookshelf tv_stand
1426,1426,/home/udays/geometric_deep_learning/data/processed/night_stand/test/night_stand_0205.npz,23,night_stand,23,night_stand,1,0.875092,23 32 8 33 36,night_stand stool chair table tv_stand
1427,1427,/home/udays/geometric_deep_learning/data/processed/night_stand/test/night_stand_0206.npz,23,night_stand,23,night_stand,1,0.849890,23 36 33 12 29,night_stand tv_stand table desk sink
1428,1428,/home/udays/geometric_deep_learning/data/processed/night_stand/test/night_stand_0207.npz,23,night_stand,12,desk,0,0.543273,12 33 36 23 3,desk table tv_stand night_stand bench
1429,1429,/home/udays/geometric_deep_learning/data/processed/night_stand/test/night_stand_0208.npz,23,night_stand,23,night_stand,1,0.804095,23 14 36 16 38,night_stand dresser tv_stand glass_box wardrobe
1430,1430,/home/udays/geometric_deep_learning/data/processed/night_stand/test/night_stand_0209.npz,23,night_stand,23,night_stand,1,0.906333,23 14 36 21 16,night_stand dresser tv_stand mantel glass_box
1431,1431,/home/udays/geometric_deep_learning/data/processed/night_stand/test/night_stand_0210.npz,23,night_stand,23,night_stand,1,0.577168,23 14 38 27 4,night_stand dresser wardrobe radio bookshelf
1432,1432,/home/udays/geometric_deep_learning/data/processed/night_stand/test/night_stand_0211.npz,23,night_stand,27,radio,0,0.408598,27 23 14 22 36,radio night_stand dresser monitor tv_stand
1433,1433,/home/udays/geometric_deep_learning/data/processed/night_stand/test/night_stand_0212.npz,23,night_stand,23,night_stand,1,0.513738,23 32 33 8 4,night_stand stool table chair bookshelf
1434,1434,/home/udays/geometric_deep_learning/data/processed/night_stand/test/night_stand_0213.npz,23,night_stand,23,night_stand,1,0.990395,23 14 36 33 32,night_stand dresser tv_stand table stool
1435,1435,/home/udays/geometric_deep_learning/data/processed/night_stand/test/night_stand_0214.npz,23,night_stand,23,night_stand,1,0.840491,23 14 21 36 33,night_stand dresser mantel tv_stand table
1436,1436,/home/udays/geometric_deep_learning/data/processed/night_stand/test/night_stand_0215.npz,23,night_stand,23,night_stand,1,0.959348,23 14 36 21 4,night_stand dresser tv_stand mantel bookshelf
1437,1437,/home/udays/geometric_deep_learning/data/processed/night_stand/test/night_stand_0216.npz,23,night_stand,33,table,0,0.480988,33 12 23 36 3,table desk night_stand tv_stand bench
1438,1438,/home/udays/geometric_deep_learning/data/processed/night_stand/test/night_stand_0217.npz,23,night_stand,23,night_stand,1,0.438139,23 32 4 8 33,night_stand stool bookshelf chair table
1439,1439,/home/udays/geometric_deep_learning/data/processed/night_stand/test/night_stand_0218.npz,23,night_stand,23,night_stand,1,0.926082,23 14 4 36 32,night_stand dresser bookshelf tv_stand stool
1440,1440,/home/udays/geometric_deep_learning/data/processed/night_stand/test/night_stand_0219.npz,23,night_stand,23,night_stand,1,0.996048,23 14 36 33 32,night_stand dresser tv_stand table stool
1441,1441,/home/udays/geometric_deep_learning/data/processed/night_stand/test/night_stand_0220.npz,23,night_stand,14,dresser,0,0.517609,14 23 36 16 38,dresser night_stand tv_stand glass_box wardrobe
1442,1442,/home/udays/geometric_deep_learning/data/processed/night_stand/test/night_stand_0221.npz,23,night_stand,8,chair,0,0.949253,8 23 36 29 12,chair night_stand tv_stand sink desk
1443,1443,/home/udays/geometric_deep_learning/data/processed/night_stand/test/night_stand_0222.npz,23,night_stand,23,night_stand,1,0.824809,23 36 4 29 14,night_stand tv_stand bookshelf sink dresser
1444,1444,/home/udays/geometric_deep_learning/data/processed/night_stand/test/night_stand_0223.npz,23,night_stand,14,dresser,0,0.298741,14 27 38 39 23,dresser radio wardrobe xbox night_stand
1445,1445,/home/udays/geometric_deep_learning/data/processed/night_stand/test/night_stand_0224.npz,23,night_stand,27,radio,0,0.397428,27 23 22 16 36,radio night_stand monitor glass_box tv_stand
1446,1446,/home/udays/geometric_deep_learning/data/processed/night_stand/test/night_stand_0225.npz,23,night_stand,23,night_stand,1,0.976700,23 33 36 32 14,night_stand table tv_stand stool dresser
1447,1447,/home/udays/geometric_deep_learning/data/processed/night_stand/test/night_stand_0226.npz,23,night_stand,23,night_stand,1,0.688575,23 14 36 38 27,night_stand dresser tv_stand wardrobe radio
1448,1448,/home/udays/geometric_deep_learning/data/processed/night_stand/test/night_stand_0227.npz,23,night_stand,23,night_stand,1,0.403737,23 36 4 21 35,night_stand tv_stand bookshelf mantel toilet
1449,1449,/home/udays/geometric_deep_learning/data/processed/night_stand/test/night_stand_0228.npz,23,night_stand,23,night_stand,1,0.594005,23 14 36 16 27,night_stand dresser tv_stand glass_box radio
1450,1450,/home/udays/geometric_deep_learning/data/processed/night_stand/test/night_stand_0229.npz,23,night_stand,23,night_stand,1,0.975527,23 33 36 32 14,night_stand table tv_stand stool dresser
1451,1451,/home/udays/geometric_deep_learning/data/processed/night_stand/test/night_stand_0230.npz,23,night_stand,23,night_stand,1,0.532872,23 14 38 36 27,night_stand dresser wardrobe tv_stand radio
1452,1452,/home/udays/geometric_deep_learning/data/processed/night_stand/test/night_stand_0231.npz,23,night_stand,4,bookshelf,0,0.803166,4 36 27 14 23,bookshelf tv_stand radio dresser night_stand
1453,1453,/home/udays/geometric_deep_learning/data/processed/night_stand/test/night_stand_0232.npz,23,night_stand,23,night_stand,1,0.877444,23 14 36 27 4,night_stand dresser tv_stand radio bookshelf
1454,1454,/home/udays/geometric_deep_learning/data/processed/night_stand/test/night_stand_0233.npz,23,night_stand,27,radio,0,0.653293,27 36 23 16 14,radio tv_stand night_stand glass_box dresser
1455,1455,/home/udays/geometric_deep_learning/data/processed/night_stand/test/night_stand_0234.npz,23,night_stand,36,tv_stand,0,0.618713,36 33 23 27 3,tv_stand table night_stand radio bench
1456,1456,/home/udays/geometric_deep_learning/data/processed/night_stand/test/night_stand_0235.npz,23,night_stand,23,night_stand,1,0.939812,23 36 14 33 4,night_stand tv_stand dresser table bookshelf
1457,1457,/home/udays/geometric_deep_learning/data/processed/night_stand/test/night_stand_0236.npz,23,night_stand,23,night_stand,1,0.490162,23 14 36 27 16,night_stand dresser tv_stand radio glass_box
1458,1458,/home/udays/geometric_deep_learning/data/processed/night_stand/test/night_stand_0237.npz,23,night_stand,14,dresser,0,0.705508,14 23 36 38 4,dresser night_stand tv_stand wardrobe bookshelf
1459,1459,/home/udays/geometric_deep_learning/data/processed/night_stand/test/night_stand_0238.npz,23,night_stand,23,night_stand,1,0.746145,23 33 32 8 29,night_stand table stool chair sink
1460,1460,/home/udays/geometric_deep_learning/data/processed/night_stand/test/night_stand_0239.npz,23,night_stand,23,night_stand,1,0.688494,23 36 33 14 27,night_stand tv_stand table dresser radio
1461,1461,/home/udays/geometric_deep_learning/data/processed/night_stand/test/night_stand_0240.npz,23,night_stand,36,tv_stand,0,0.330655,36 23 21 12 33,tv_stand night_stand mantel desk table
1462,1462,/home/udays/geometric_deep_learning/data/processed/night_stand/test/night_stand_0241.npz,23,night_stand,23,night_stand,1,0.796338,23 14 38 36 27,night_stand dresser wardrobe tv_stand radio
1463,1463,/home/udays/geometric_deep_learning/data/processed/night_stand/test/night_stand_0242.npz,23,night_stand,23,night_stand,1,0.483569,23 4 36 33 12,night_stand bookshelf tv_stand table desk
1464,1464,/home/udays/geometric_deep_learning/data/processed/night_stand/test/night_stand_0243.npz,23,night_stand,27,radio,0,0.776649,27 36 23 16 14,radio tv_stand night_stand glass_box dresser
1465,1465,/home/udays/geometric_deep_learning/data/processed/night_stand/test/night_stand_0244.npz,23,night_stand,23,night_stand,1,0.625307,23 4 14 36 29,night_stand bookshelf dresser tv_stand sink
1466,1466,/home/udays/geometric_deep_learning/data/processed/night_stand/test/night_stand_0245.npz,23,night_stand,23,night_stand,1,0.963946,23 36 14 4 33,night_stand tv_stand dresser bookshelf table
1467,1467,/home/udays/geometric_deep_learning/data/processed/night_stand/test/night_stand_0246.npz,23,night_stand,12,desk,0,0.644868,12 36 23 4 33,desk tv_stand night_stand bookshelf table
1468,1468,/home/udays/geometric_deep_learning/data/processed/night_stand/test/night_stand_0247.npz,23,night_stand,14,dresser,0,0.469449,14 38 27 23 39,dresser wardrobe radio night_stand xbox
1469,1469,/home/udays/geometric_deep_learning/data/processed/night_stand/test/night_stand_0248.npz,23,night_stand,23,night_stand,1,0.639647,23 36 4 22 21,night_stand tv_stand bookshelf monitor mantel
1470,1470,/home/udays/geometric_deep_learning/data/processed/night_stand/test/night_stand_0249.npz,23,night_stand,23,night_stand,1,0.929935,23 14 32 4 8,night_stand dresser stool bookshelf chair
1471,1471,/home/udays/geometric_deep_learning/data/processed/night_stand/test/night_stand_0250.npz,23,night_stand,33,table,0,0.846500,33 23 36 29 12,table night_stand tv_stand sink desk
1472,1472,/home/udays/geometric_deep_learning/data/processed/night_stand/test/night_stand_0251.npz,23,night_stand,23,night_stand,1,0.738539,23 36 4 33 25,night_stand tv_stand bookshelf table piano
1473,1473,/home/udays/geometric_deep_learning/data/processed/night_stand/test/night_stand_0252.npz,23,night_stand,14,dresser,0,0.482730,14 38 23 39 32,dresser wardrobe night_stand xbox stool
1474,1474,/home/udays/geometric_deep_learning/data/processed/night_stand/test/night_stand_0253.npz,23,night_stand,23,night_stand,1,0.903030,23 14 36 15 4,night_stand dresser tv_stand flower_pot bookshelf
1475,1475,/home/udays/geometric_deep_learning/data/processed/night_stand/test/night_stand_0254.npz,23,night_stand,14,dresser,0,0.521245,14 23 36 16 27,dresser night_stand tv_stand glass_box radio
1476,1476,/home/udays/geometric_deep_learning/data/processed/night_stand/test/night_stand_0255.npz,23,night_stand,23,night_stand,1,0.847154,23 36 27 4 14,night_stand tv_stand radio bookshelf dresser
1477,1477,/home/udays/geometric_deep_learning/data/processed/night_stand/test/night_stand_0256.npz,23,night_stand,36,tv_stand,0,0.527689,36 23 4 12 21,tv_stand night_stand bookshelf desk mantel
1478,1478,/home/udays/geometric_deep_learning/data/processed/night_stand/test/night_stand_0257.npz,23,night_stand,23,night_stand,1,0.635558,23 14 16 36 27,night_stand dresser glass_box tv_stand radio
1479,1479,/home/udays/geometric_deep_learning/data/processed/night_stand/test/night_stand_0258.npz,23,night_stand,23,night_stand,1,0.962956,23 14 36 32 4,night_stand dresser tv_stand stool bookshelf
1480,1480,/home/udays/geometric_deep_learning/data/processed/night_stand/test/night_stand_0259.npz,23,night_stand,23,night_stand,1,0.484622,23 33 32 8 29,night_stand table stool chair sink
1481,1481,/home/udays/geometric_deep_learning/data/processed/night_stand/test/night_stand_0260.npz,23,night_stand,23,night_stand,1,0.705879,23 14 36 38 27,night_stand dresser tv_stand wardrobe radio
1482,1482,/home/udays/geometric_deep_learning/data/processed/night_stand/test/night_stand_0261.npz,23,night_stand,14,dresser,0,0.540039,14 23 38 36 16,dresser night_stand wardrobe tv_stand glass_box
1483,1483,/home/udays/geometric_deep_learning/data/processed/night_stand/test/night_stand_0262.npz,23,night_stand,23,night_stand,1,0.515635,23 14 36 4 38,night_stand dresser tv_stand bookshelf wardrobe
1484,1484,/home/udays/geometric_deep_learning/data/processed/night_stand/test/night_stand_0263.npz,23,night_stand,23,night_stand,1,0.937535,23 36 33 14 32,night_stand tv_stand table dresser stool
1485,1485,/home/udays/geometric_deep_learning/data/processed/night_stand/test/night_stand_0264.npz,23,night_stand,23,night_stand,1,0.831910,23 32 33 8 36,night_stand stool table chair tv_stand
1486,1486,/home/udays/geometric_deep_learning/data/processed/night_stand/test/night_stand_0265.npz,23,night_stand,23,night_stand,1,0.758545,23 14 36 38 16,night_stand dresser tv_stand wardrobe glass_box
1487,1487,/home/udays/geometric_deep_learning/data/processed/night_stand/test/night_stand_0266.npz,23,night_stand,23,night_stand,1,0.572556,23 14 36 27 16,night_stand dresser tv_stand radio glass_box
1488,1488,/home/udays/geometric_deep_learning/data/processed/night_stand/test/night_stand_0267.npz,23,night_stand,23,night_stand,1,0.975356,23 14 36 4 32,night_stand dresser tv_stand bookshelf stool
1489,1489,/home/udays/geometric_deep_learning/data/processed/night_stand/test/night_stand_0268.npz,23,night_stand,23,night_stand,1,0.809622,23 36 33 32 8,night_stand tv_stand table stool chair
1490,1490,/home/udays/geometric_deep_learning/data/processed/night_stand/test/night_stand_0269.npz,23,night_stand,23,night_stand,1,0.922105,23 14 36 27 16,night_stand dresser tv_stand radio glass_box
1491,1491,/home/udays/geometric_deep_learning/data/processed/night_stand/test/night_stand_0270.npz,23,night_stand,23,night_stand,1,0.543786,23 14 36 4 16,night_stand dresser tv_stand bookshelf glass_box
1492,1492,/home/udays/geometric_deep_learning/data/processed/night_stand/test/night_stand_0271.npz,23,night_stand,23,night_stand,1,0.757275,23 36 14 33 4,night_stand tv_stand dresser table bookshelf
1493,1493,/home/udays/geometric_deep_learning/data/processed/night_stand/test/night_stand_0272.npz,23,night_stand,14,dresser,0,0.650932,14 23 38 27 4,dresser night_stand wardrobe radio bookshelf
1494,1494,/home/udays/geometric_deep_learning/data/processed/night_stand/test/night_stand_0273.npz,23,night_stand,23,night_stand,1,0.992365,23 14 33 36 32,night_stand dresser table tv_stand stool
1495,1495,/home/udays/geometric_deep_learning/data/processed/night_stand/test/night_stand_0274.npz,23,night_stand,14,dresser,0,0.447901,14 23 4 36 38,dresser night_stand bookshelf tv_stand wardrobe
1496,1496,/home/udays/geometric_deep_learning/data/processed/night_stand/test/night_stand_0275.npz,23,night_stand,23,night_stand,1,0.864180,23 14 36 4 15,night_stand dresser tv_stand bookshelf flower_pot
1497,1497,/home/udays/geometric_deep_learning/data/processed/night_stand/test/night_stand_0276.npz,23,night_stand,23,night_stand,1,0.327448,23 14 27 22 16,night_stand dresser radio monitor glass_box
1498,1498,/home/udays/geometric_deep_learning/data/processed/night_stand/test/night_stand_0277.npz,23,night_stand,14,dresser,0,0.483203,14 38 27 23 39,dresser wardrobe radio night_stand xbox
1499,1499,/home/udays/geometric_deep_learning/data/processed/night_stand/test/night_stand_0278.npz,23,night_stand,23,night_stand,1,0.568384,23 25 12 32 33,night_stand piano desk stool table
1500,1500,/home/udays/geometric_deep_learning/data/processed/night_stand/test/night_stand_0279.npz,23,night_stand,23,night_stand,1,0.506772,23 14 27 38 36,night_stand dresser radio wardrobe tv_stand
1501,1501,/home/udays/geometric_deep_learning/data/processed/night_stand/test/night_stand_0280.npz,23,night_stand,23,night_stand,1,0.795584,23 14 36 4 27,night_stand dresser tv_stand bookshelf radio
1502,1502,/home/udays/geometric_deep_learning/data/processed/night_stand/test/night_stand_0281.npz,23,night_stand,23,night_stand,1,0.686843,23 14 36 38 27,night_stand dresser tv_stand wardrobe radio
1503,1503,/home/udays/geometric_deep_learning/data/processed/night_stand/test/night_stand_0282.npz,23,night_stand,33,table,0,0.463284,33 32 3 12 8,table stool bench desk chair
1504,1504,/home/udays/geometric_deep_learning/data/processed/night_stand/test/night_stand_0283.npz,23,night_stand,23,night_stand,1,0.375041,23 33 25 12 36,night_stand table piano desk tv_stand
1505,1505,/home/udays/geometric_deep_learning/data/processed/night_stand/test/night_stand_0284.npz,23,night_stand,23,night_stand,1,0.527987,23 14 36 4 38,night_stand dresser tv_stand bookshelf wardrobe
1506,1506,/home/udays/geometric_deep_learning/data/processed/night_stand/test/night_stand_0285.npz,23,night_stand,27,radio,0,0.855697,27 36 16 23 33,radio tv_stand glass_box night_stand table
1507,1507,/home/udays/geometric_deep_learning/data/processed/night_stand/test/night_stand_0286.npz,23,night_stand,36,tv_stand,0,0.495768,36 12 4 23 14,tv_stand desk bookshelf night_stand dresser
1508,1508,/home/udays/geometric_deep_learning/data/processed/person/test/person_0089.npz,24,person,24,person,1,0.999987,24 19 26 31 32,person lamp plant stairs stool
1509,1509,/home/udays/geometric_deep_learning/data/processed/person/test/person_0090.npz,24,person,9,cone,0,0.541499,9 24 37 31 8,cone person vase stairs chair
1510,1510,/home/udays/geometric_deep_learning/data/processed/person/test/person_0091.npz,24,person,24,person,1,0.999949,24 37 19 11 5,person vase lamp curtain bottle
1511,1511,/home/udays/geometric_deep_learning/data/processed/person/test/person_0092.npz,24,person,26,plant,0,0.944535,26 24 11 15 22,plant person curtain flower_pot monitor
1512,1512,/home/udays/geometric_deep_learning/data/processed/person/test/person_0093.npz,24,person,26,plant,0,0.522186,26 24 11 9 15,plant person curtain cone flower_pot
1513,1513,/home/udays/geometric_deep_learning/data/processed/person/test/person_0094.npz,24,person,24,person,1,0.802072,24 26 11 15 9,person plant curtain flower_pot cone
1514,1514,/home/udays/geometric_deep_learning/data/processed/person/test/person_0095.npz,24,person,24,person,1,0.999992,24 26 11 19 5,person plant curtain lamp bottle
1515,1515,/home/udays/geometric_deep_learning/data/processed/person/test/person_0096.npz,24,person,24,person,1,0.999911,24 26 11 19 15,person plant curtain lamp flower_pot
1516,1516,/home/udays/geometric_deep_learning/data/processed/person/test/person_0097.npz,24,person,24,person,1,0.999974,24 26 19 31 11,person plant lamp stairs curtain
1517,1517,/home/udays/geometric_deep_learning/data/processed/person/test/person_0098.npz,24,person,26,plant,0,0.541428,26 24 15 11 31,plant person flower_pot curtain stairs
1518,1518,/home/udays/geometric_deep_learning/data/processed/person/test/person_0099.npz,24,person,24,person,1,0.999984,24 0 11 31 26,person airplane curtain stairs plant
1519,1519,/home/udays/geometric_deep_learning/data/processed/person/test/person_0100.npz,24,person,24,person,1,0.999686,24 26 19 31 11,person plant lamp stairs curtain
1520,1520,/home/udays/geometric_deep_learning/data/processed/person/test/person_0101.npz,24,person,24,person,1,0.808718,24 26 11 9 15,person plant curtain cone flower_pot
1521,1521,/home/udays/geometric_deep_learning/data/processed/person/test/person_0102.npz,24,person,24,person,1,0.999976,24 26 11 9 37,person plant curtain cone vase
1522,1522,/home/udays/geometric_deep_learning/data/processed/person/test/person_0103.npz,24,person,24,person,1,0.999755,24 26 11 19 15,person plant curtain lamp flower_pot
1523,1523,/home/udays/geometric_deep_learning/data/processed/person/test/person_0104.npz,24,person,24,person,1,0.849496,24 26 15 19 37,person plant flower_pot lamp vase
1524,1524,/home/udays/geometric_deep_learning/data/processed/person/test/person_0105.npz,24,person,24,person,1,0.999965,24 19 26 31 11,person lamp plant stairs curtain
1525,1525,/home/udays/geometric_deep_learning/data/processed/person/test/person_0106.npz,24,person,24,person,1,0.999940,24 26 19 11 15,person plant lamp curtain flower_pot
1526,1526,/home/udays/geometric_deep_learning/data/processed/person/test/person_0107.npz,24,person,24,person,1,0.972151,24 26 11 9 37,person plant curtain cone vase
1527,1527,/home/udays/geometric_deep_learning/data/processed/person/test/person_0108.npz,24,person,24,person,1,0.999941,24 26 0 31 11,person plant airplane stairs curtain
1528,1528,/home/udays/geometric_deep_learning/data/processed/piano/test/piano_0232.npz,25,piano,25,piano,1,0.999979,25 34 12 8 3,piano tent desk chair bench
1529,1529,/home/udays/geometric_deep_learning/data/processed/piano/test/piano_0233.npz,25,piano,21,mantel,0,0.842054,21 25 28 4 12,mantel piano range_hood bookshelf desk
1530,1530,/home/udays/geometric_deep_learning/data/processed/piano/test/piano_0234.npz,25,piano,25,piano,1,0.999780,25 8 34 23 26,piano chair tent night_stand plant
1531,1531,/home/udays/geometric_deep_learning/data/processed/piano/test/piano_0235.npz,25,piano,25,piano,1,0.995203,25 22 21 4 39,piano monitor mantel bookshelf xbox
1532,1532,/home/udays/geometric_deep_learning/data/processed/piano/test/piano_0236.npz,25,piano,33,table,0,0.715417,33 25 3 2 34,table piano bench bed tent
1533,1533,/home/udays/geometric_deep_learning/data/processed/piano/test/piano_0237.npz,25,piano,25,piano,1,0.993641,25 34 33 12 2,piano tent table desk bed
1534,1534,/home/udays/geometric_deep_learning/data/processed/piano/test/piano_0238.npz,25,piano,25,piano,1,0.995204,25 21 12 4 36,piano mantel desk bookshelf tv_stand
1535,1535,/home/udays/geometric_deep_learning/data/processed/piano/test/piano_0239.npz,25,piano,25,piano,1,0.999586,25 34 2 3 33,piano tent bed bench table
1536,1536,/home/udays/geometric_deep_learning/data/processed/piano/test/piano_0240.npz,25,piano,25,piano,1,0.997439,25 21 28 3 31,piano mantel range_hood bench stairs
1537,1537,/home/udays/geometric_deep_learning/data/processed/piano/test/piano_0241.npz,25,piano,25,piano,1,0.999970,25 8 3 34 12,piano chair bench tent desk
1538,1538,/home/udays/geometric_deep_learning/data/processed/piano/test/piano_0242.npz,25,piano,25,piano,1,0.999967,25 3 31 34 12,piano bench stairs tent desk
1539,1539,/home/udays/geometric_deep_learning/data/processed/piano/test/piano_0243.npz,25,piano,25,piano,1,0.999981,25 34 12 8 3,piano tent desk chair bench
1540,1540,/home/udays/geometric_deep_learning/data/processed/piano/test/piano_0244.npz,25,piano,25,piano,1,0.999335,25 3 31 4 34,piano bench stairs bookshelf tent
1541,1541,/home/udays/geometric_deep_learning/data/processed/piano/test/piano_0245.npz,25,piano,21,mantel,0,0.432500,21 25 4 12 23,mantel piano bookshelf desk night_stand
1542,1542,/home/udays/geometric_deep_learning/data/processed/piano/test/piano_0246.npz,25,piano,25,piano,1,0.999888,25 23 12 8 34,piano night_stand desk chair tent
1543,1543,/home/udays/geometric_deep_learning/data/processed/piano/test/piano_0247.npz,25,piano,25,piano,1,0.999997,25 12 3 22 4,piano desk bench monitor bookshelf
1544,1544,/home/udays/geometric_deep_learning/data/processed/piano/test/piano_0248.npz,25,piano,25,piano,1,0.573368,25 21 4 3 22,piano mantel bookshelf bench monitor
1545,1545,/home/udays/geometric_deep_learning/data/processed/piano/test/piano_0249.npz,25,piano,12,desk,0,0.752643,12 25 35 23 36,desk piano toilet night_stand tv_stand
1546,1546,/home/udays/geometric_deep_learning/data/processed/piano/test/piano_0250.npz,25,piano,25,piano,1,0.994186,25 22 21 36 3,piano monitor mantel tv_stand bench
1547,1547,/home/udays/geometric_deep_learning/data/processed/piano/test/piano_0251.npz,25,piano,25,piano,1,0.998444,25 21 4 36 3,piano mantel bookshelf tv_stand bench
1548,1548,/home/udays/geometric_deep_learning/data/processed/piano/test/piano_0252.npz,25,piano,25,piano,1,0.999982,25 3 34 12 23,piano bench tent desk night_stand
1549,1549,/home/udays/geometric_deep_learning/data/processed/piano/test/piano_0253.npz,25,piano,25,piano,1,0.999982,25 8 26 31 23,piano chair plant stairs night_stand
1550,1550,/home/udays/geometric_deep_learning/data/processed/piano/test/piano_0254.npz,25,piano,2,bed,0,0.545173,2 25 3 33 7,bed piano bench table car
1551,1551,/home/udays/geometric_deep_learning/data/processed/piano/test/piano_0255.npz,25,piano,25,piano,1,0.996679,25 3 21 36 4,piano bench mantel tv_stand bookshelf
1552,1552,/home/udays/geometric_deep_learning/data/processed/piano/test/piano_0256.npz,25,piano,25,piano,1,0.994880,25 3 36 21 4,piano bench tv_stand mantel bookshelf
1553,1553,/home/udays/geometric_deep_learning/data/processed/piano/test/piano_0257.npz,25,piano,25,piano,1,0.999998,25 3 34 23 12,piano bench tent night_stand desk
1554,1554,/home/udays/geometric_deep_learning/data/processed/piano/test/piano_0258.npz,25,piano,25,piano,1,0.999992,25 34 3 31 12,piano tent bench stairs desk
1555,1555,/home/udays/geometric_deep_learning/data/processed/piano/test/piano_0259.npz,25,piano,25,piano,1,0.998340,25 21 3 4 31,piano mantel bench bookshelf stairs
1556,1556,/home/udays/geometric_deep_learning/data/processed/piano/test/piano_0260.npz,25,piano,25,piano,1,0.999151,25 8 3 31 23,piano chair bench stairs night_stand
1557,1557,/home/udays/geometric_deep_learning/data/processed/piano/test/piano_0261.npz,25,piano,25,piano,1,0.995688,25 21 12 22 3,piano mantel desk monitor bench
1558,1558,/home/udays/geometric_deep_learning/data/processed/piano/test/piano_0262.npz,25,piano,25,piano,1,0.975459,25 3 33 2 4,piano bench table bed bookshelf
1559,1559,/home/udays/geometric_deep_learning/data/processed/piano/test/piano_0263.npz,25,piano,25,piano,1,0.998655,25 34 26 31 12,piano tent plant stairs desk
1560,1560,/home/udays/geometric_deep_learning/data/processed/piano/test/piano_0264.npz,25,piano,25,piano,1,0.999830,25 21 12 4 28,piano mantel desk bookshelf range_hood
1561,1561,/home/udays/geometric_deep_learning/data/processed/piano/test/piano_0265.npz,25,piano,25,piano,1,0.991253,25 21 22 28 38,piano mantel monitor range_hood wardrobe
1562,1562,/home/udays/geometric_deep_learning/data/processed/piano/test/piano_0266.npz,25,piano,25,piano,1,0.999904,25 8 3 31 34,piano chair bench stairs tent
1563,1563,/home/udays/geometric_deep_learning/data/processed/piano/test/piano_0267.npz,25,piano,25,piano,1,0.997610,25 4 12 21 31,piano bookshelf desk mantel stairs
1564,1564,/home/udays/geometric_deep_learning/data/processed/piano/test/piano_0268.npz,25,piano,25,piano,1,0.999997,25 3 12 33 34,piano bench desk table tent
1565,1565,/home/udays/geometric_deep_learning/data/processed/piano/test/piano_0269.npz,25,piano,25,piano,1,0.998013,25 21 22 38 39,piano mantel monitor wardrobe xbox
1566,1566,/home/udays/geometric_deep_learning/data/processed/piano/test/piano_0270.npz,25,piano,25,piano,1,0.999995,25 34 26 12 3,piano tent plant desk bench
1567,1567,/home/udays/geometric_deep_learning/data/processed/piano/test/piano_0271.npz,25,piano,25,piano,1,0.999984,25 3 23 12 7,piano bench night_stand desk car
1568,1568,/home/udays/geometric_deep_learning/data/processed/piano/test/piano_0272.npz,25,piano,31,stairs,0,0.982414,31 28 34 2 26,stairs range_hood tent bed plant
1569,1569,/home/udays/geometric_deep_learning/data/processed/piano/test/piano_0273.npz,25,piano,25,piano,1,0.998633,25 21 12 28 22,piano mantel desk range_hood monitor
1570,1570,/home/udays/geometric_deep_learning/data/processed/piano/test/piano_0274.npz,25,piano,25,piano,1,0.976318,25 21 12 4 3,piano mantel desk bookshelf bench
1571,1571,/home/udays/geometric_deep_learning/data/processed/piano/test/piano_0275.npz,25,piano,25,piano,1,0.993357,25 8 3 31 2,piano chair bench stairs bed
1572,1572,/home/udays/geometric_deep_learning/data/processed/piano/test/piano_0276.npz,25,piano,25,piano,1,0.996712,25 21 28 12 22,piano mantel range_hood desk monitor
1573,1573,/home/udays/geometric_deep_learning/data/processed/piano/test/piano_0277.npz,25,piano,25,piano,1,0.999988,25 8 3 12 23,piano chair bench desk night_stand
1574,1574,/home/udays/geometric_deep_learning/data/processed/piano/test/piano_0278.npz,25,piano,25,piano,1,0.999978,25 3 34 31 26,piano bench tent stairs plant
1575,1575,/home/udays/geometric_deep_learning/data/processed/piano/test/piano_0279.npz,25,piano,25,piano,1,0.999196,25 3 31 8 29,piano bench stairs chair sink
1576,1576,/home/udays/geometric_deep_learning/data/processed/piano/test/piano_0280.npz,25,piano,25,piano,1,0.999903,25 8 23 3 12,piano chair night_stand bench desk
1577,1577,/home/udays/geometric_deep_learning/data/processed/piano/test/piano_0281.npz,25,piano,25,piano,1,0.977207,25 3 21 22 28,piano bench mantel monitor range_hood
1578,1578,/home/udays/geometric_deep_learning/data/processed/piano/test/piano_0282.npz,25,piano,25,piano,1,0.999823,25 21 22 4 39,piano mantel monitor bookshelf xbox
1579,1579,/home/udays/geometric_deep_learning/data/processed/piano/test/piano_0283.npz,25,piano,25,piano,1,0.994244,25 21 28 22 4,piano mantel range_hood monitor bookshelf
1580,1580,/home/udays/geometric_deep_learning/data/processed/piano/test/piano_0284.npz,25,piano,25,piano,1,0.999596,25 3 2 33 34,piano bench bed table tent
1581,1581,/home/udays/geometric_deep_learning/data/processed/piano/test/piano_0285.npz,25,piano,25,piano,1,0.666652,25 39 27 38 5,piano xbox radio wardrobe bottle
1582,1582,/home/udays/geometric_deep_learning/data/processed/piano/test/piano_0286.npz,25,piano,25,piano,1,0.999955,25 3 12 31 4,piano bench desk stairs bookshelf
1583,1583,/home/udays/geometric_deep_learning/data/processed/piano/test/piano_0287.npz,25,piano,21,mantel,0,0.999500,21 28 36 12 14,mantel range_hood tv_stand desk dresser
1584,1584,/home/udays/geometric_deep_learning/data/processed/piano/test/piano_0288.npz,25,piano,25,piano,1,0.995107,25 4 31 12 21,piano bookshelf stairs desk mantel
1585,1585,/home/udays/geometric_deep_learning/data/processed/piano/test/piano_0289.npz,25,piano,25,piano,1,0.999869,25 22 21 31 27,piano monitor mantel stairs radio
1586,1586,/home/udays/geometric_deep_learning/data/processed/piano/test/piano_0290.npz,25,piano,29,sink,0,0.559678,29 8 31 26 2,sink chair stairs plant bed
1587,1587,/home/udays/geometric_deep_learning/data/processed/piano/test/piano_0291.npz,25,piano,25,piano,1,0.967786,25 21 12 22 28,piano mantel desk monitor range_hood
1588,1588,/home/udays/geometric_deep_learning/data/processed/piano/test/piano_0292.npz,25,piano,25,piano,1,0.897025,25 12 0 8 2,piano desk airplane chair bed
1589,1589,/home/udays/geometric_deep_learning/data/processed/piano/test/piano_0293.npz,25,piano,25,piano,1,0.995413,25 21 28 22 12,piano mantel range_hood monitor desk
1590,1590,/home/udays/geometric_deep_learning/data/processed/piano/test/piano_0294.npz,25,piano,25,piano,1,0.736846,25 12 21 36 23,piano desk mantel tv_stand night_stand
1591,1591,/home/udays/geometric_deep_learning/data/processed/piano/test/piano_0295.npz,25,piano,25,piano,1,0.997673,25 27 3 21 22,piano radio bench mantel monitor
1592,1592,/home/udays/geometric_deep_learning/data/processed/piano/test/piano_0296.npz,25,piano,25,piano,1,0.928141,25 33 3 27 36,piano table bench radio tv_stand
1593,1593,/home/udays/geometric_deep_learning/data/processed/piano/test/piano_0297.npz,25,piano,25,piano,1,0.952619,25 21 36 3 4,piano mantel tv_stand bench bookshelf
1594,1594,/home/udays/geometric_deep_learning/data/processed/piano/test/piano_0298.npz,25,piano,29,sink,0,0.569311,29 20 34 1 2,sink laptop tent bathtub bed
1595,1595,/home/udays/geometric_deep_learning/data/processed/piano/test/piano_0299.npz,25,piano,25,piano,1,0.999458,25 21 22 3 12,piano mantel monitor bench desk
1596,1596,/home/udays/geometric_deep_learning/data/processed/piano/test/piano_0300.npz,25,piano,25,piano,1,0.999938,25 3 2 33 7,piano bench bed table car
1597,1597,/home/udays/geometric_deep_learning/data/processed/piano/test/piano_0301.npz,25,piano,25,piano,1,0.906134,25 21 22 3 27,piano mantel monitor bench radio
1598,1598,/home/udays/geometric_deep_learning/data/processed/piano/test/piano_0302.npz,25,piano,25,piano,1,0.996681,25 3 2 33 12,piano bench bed table desk
1599,1599,/home/udays/geometric_deep_learning/data/processed/piano/test/piano_0303.npz,25,piano,25,piano,1,0.999696,25 3 31 8 34,piano bench stairs chair tent
1600,1600,/home/udays/geometric_deep_learning/data/processed/piano/test/piano_0304.npz,25,piano,25,piano,1,0.994793,25 4 21 36 38,piano bookshelf mantel tv_stand wardrobe
1601,1601,/home/udays/geometric_deep_learning/data/processed/piano/test/piano_0305.npz,25,piano,25,piano,1,0.999943,25 3 34 12 4,piano bench tent desk bookshelf
1602,1602,/home/udays/geometric_deep_learning/data/processed/piano/test/piano_0306.npz,25,piano,3,bench,0,0.393126,3 25 4 31 8,bench piano bookshelf stairs chair
1603,1603,/home/udays/geometric_deep_learning/data/processed/piano/test/piano_0307.npz,25,piano,25,piano,1,0.999856,25 21 28 3 31,piano mantel range_hood bench stairs
1604,1604,/home/udays/geometric_deep_learning/data/processed/piano/test/piano_0308.npz,25,piano,25,piano,1,0.999568,25 12 21 4 22,piano desk mantel bookshelf monitor
1605,1605,/home/udays/geometric_deep_learning/data/processed/piano/test/piano_0309.npz,25,piano,31,stairs,0,0.743279,31 4 36 34 28,stairs bookshelf tv_stand tent range_hood
1606,1606,/home/udays/geometric_deep_learning/data/processed/piano/test/piano_0310.npz,25,piano,25,piano,1,0.996268,25 22 4 3 36,piano monitor bookshelf bench tv_stand
1607,1607,/home/udays/geometric_deep_learning/data/processed/piano/test/piano_0311.npz,25,piano,25,piano,1,0.999828,25 3 31 26 34,piano bench stairs plant tent
1608,1608,/home/udays/geometric_deep_learning/data/processed/piano/test/piano_0312.npz,25,piano,25,piano,1,0.999938,25 8 23 34 26,piano chair night_stand tent plant
1609,1609,/home/udays/geometric_deep_learning/data/processed/piano/test/piano_0313.npz,25,piano,29,sink,0,0.618447,29 25 23 31 35,sink piano night_stand stairs toilet
1610,1610,/home/udays/geometric_deep_learning/data/processed/piano/test/piano_0314.npz,25,piano,25,piano,1,0.999907,25 3 2 33 12,piano bench bed table desk
1611,1611,/home/udays/geometric_deep_learning/data/processed/piano/test/piano_0315.npz,25,piano,25,piano,1,0.999447,25 12 4 31 3,piano desk bookshelf stairs bench
1612,1612,/home/udays/geometric_deep_learning/data/processed/piano/test/piano_0316.npz,25,piano,25,piano,1,0.999322,25 3 31 8 34,piano bench stairs chair tent
1613,1613,/home/udays/geometric_deep_learning/data/processed/piano/test/piano_0317.npz,25,piano,25,piano,1,0.999888,25 12 26 8 23,piano desk plant chair night_stand
1614,1614,/home/udays/geometric_deep_learning/data/processed/piano/test/piano_0318.npz,25,piano,25,piano,1,0.995199,25 12 22 21 3,piano desk monitor mantel bench
1615,1615,/home/udays/geometric_deep_learning/data/processed/piano/test/piano_0319.npz,25,piano,25,piano,1,0.999204,25 3 33 34 2,piano bench table tent bed
1616,1616,/home/udays/geometric_deep_learning/data/processed/piano/test/piano_0320.npz,25,piano,25,piano,1,0.998945,25 3 4 26 31,piano bench bookshelf plant stairs
1617,1617,/home/udays/geometric_deep_learning/data/processed/piano/test/piano_0321.npz,25,piano,25,piano,1,0.998591,25 21 12 36 4,piano mantel desk tv_stand bookshelf
1618,1618,/home/udays/geometric_deep_learning/data/processed/piano/test/piano_0322.npz,25,piano,3,bench,0,0.575591,3 25 33 2 12,bench piano table bed desk
1619,1619,/home/udays/geometric_deep_learning/data/processed/piano/test/piano_0323.npz,25,piano,25,piano,1,0.891481,25 2 33 3 23,piano bed table bench night_stand
1620,1620,/home/udays/geometric_deep_learning/data/processed/piano/test/piano_0324.npz,25,piano,25,piano,1,0.999959,25 34 22 28 21,piano tent monitor range_hood mantel
1621,1621,/home/udays/geometric_deep_learning/data/processed/piano/test/piano_0325.npz,25,piano,25,piano,1,0.979559,25 21 12 4 28,piano mantel desk bookshelf range_hood
1622,1622,/home/udays/geometric_deep_learning/data/processed/piano/test/piano_0326.npz,25,piano,25,piano,1,0.997350,25 12 22 3 21,piano desk monitor bench mantel
1623,1623,/home/udays/geometric_deep_learning/data/processed/piano/test/piano_0327.npz,25,piano,25,piano,1,0.999835,25 21 12 22 28,piano mantel desk monitor range_hood
1624,1624,/home/udays/geometric_deep_learning/data/processed/piano/test/piano_0328.npz,25,piano,25,piano,1,0.998897,25 3 34 22 28,piano bench tent monitor range_hood
1625,1625,/home/udays/geometric_deep_learning/data/processed/piano/test/piano_0329.npz,25,piano,25,piano,1,0.998997,25 21 22 27 39,piano mantel monitor radio xbox
1626,1626,/home/udays/geometric_deep_learning/data/processed/piano/test/piano_0330.npz,25,piano,25,piano,1,0.999032,25 21 12 4 36,piano mantel desk bookshelf tv_stand
1627,1627,/home/udays/geometric_deep_learning/data/processed/piano/test/piano_0331.npz,25,piano,25,piano,1,0.999731,25 12 3 22 21,piano desk bench monitor mantel
1628,1628,/home/udays/geometric_deep_learning/data/processed/plant/test/plant_0241.npz,26,plant,26,plant,1,0.995346,26 15 22 8 4,plant flower_pot monitor chair bookshelf
1629,1629,/home/udays/geometric_deep_learning/data/processed/plant/test/plant_0242.npz,26,plant,15,flower_pot,0,0.526399,15 26 4 37 31,flower_pot plant bookshelf vase stairs
1630,1630,/home/udays/geometric_deep_learning/data/processed/plant/test/plant_0243.npz,26,plant,26,plant,1,0.992980,26 15 24 37 11,plant flower_pot person vase curtain
1631,1631,/home/udays/geometric_deep_learning/data/processed/plant/test/plant_0244.npz,26,plant,26,plant,1,0.964358,26 15 4 31 25,plant flower_pot bookshelf stairs piano
1632,1632,/home/udays/geometric_deep_learning/data/processed/plant/test/plant_0245.npz,26,plant,26,plant,1,0.930354,26 24 15 11 4,plant person flower_pot curtain bookshelf
1633,1633,/home/udays/geometric_deep_learning/data/processed/plant/test/plant_0246.npz,26,plant,26,plant,1,0.768403,26 15 24 4 5,plant flower_pot person bookshelf bottle
1634,1634,/home/udays/geometric_deep_learning/data/processed/plant/test/plant_0247.npz,26,plant,15,flower_pot,0,0.593578,15 26 37 5 24,flower_pot plant vase bottle person
1635,1635,/home/udays/geometric_deep_learning/data/processed/plant/test/plant_0248.npz,26,plant,26,plant,1,0.938087,26 15 37 8 31,plant flower_pot vase chair stairs
1636,1636,/home/udays/geometric_deep_learning/data/processed/plant/test/plant_0249.npz,26,plant,26,plant,1,0.937595,26 15 8 37 24,plant flower_pot chair vase person
1637,1637,/home/udays/geometric_deep_learning/data/processed/plant/test/plant_0250.npz,26,plant,26,plant,1,0.996740,26 24 15 11 4,plant person flower_pot curtain bookshelf
1638,1638,/home/udays/geometric_deep_learning/data/processed/plant/test/plant_0251.npz,26,plant,26,plant,1,0.745097,26 15 37 4 24,plant flower_pot vase bookshelf person
1639,1639,/home/udays/geometric_deep_learning/data/processed/plant/test/plant_0252.npz,26,plant,18,keyboard,0,0.983138,18 6 33 17 3,keyboard bowl table guitar bench
1640,1640,/home/udays/geometric_deep_learning/data/processed/plant/test/plant_0253.npz,26,plant,26,plant,1,0.860170,26 20 4 11 22,plant laptop bookshelf curtain monitor
1641,1641,/home/udays/geometric_deep_learning/data/processed/plant/test/plant_0254.npz,26,plant,26,plant,1,0.826328,26 15 4 12 25,plant flower_pot bookshelf desk piano
1642,1642,/home/udays/geometric_deep_learning/data/processed/plant/test/plant_0255.npz,26,plant,26,plant,1,0.826454,26 29 33 0 31,plant sink table airplane stairs
1643,1643,/home/udays/geometric_deep_learning/data/processed/plant/test/plant_0256.npz,26,plant,26,plant,1,0.989465,26 15 4 31 22,plant flower_pot bookshelf stairs monitor
1644,1644,/home/udays/geometric_deep_learning/data/processed/plant/test/plant_0257.npz,26,plant,26,plant,1,0.994398,26 15 24 4 31,plant flower_pot person bookshelf stairs
1645,1645,/home/udays/geometric_deep_learning/data/processed/plant/test/plant_0258.npz,26,plant,26,plant,1,0.513946,26 15 29 31 35,plant flower_pot sink stairs toilet
1646,1646,/home/udays/geometric_deep_learning/data/processed/plant/test/plant_0259.npz,26,plant,26,plant,1,0.762020,26 15 37 19 10,plant flower_pot vase lamp cup
1647,1647,/home/udays/geometric_deep_learning/data/processed/plant/test/plant_0260.npz,26,plant,15,flower_pot,0,0.489290,15 26 4 29 23,flower_pot plant bookshelf sink night_stand
1648,1648,/home/udays/geometric_deep_learning/data/processed/plant/test/plant_0261.npz,26,plant,15,flower_pot,0,0.555524,15 37 26 5 10,flower_pot vase plant bottle cup
1649,1649,/home/udays/geometric_deep_learning/data/processed/plant/test/plant_0262.npz,26,plant,26,plant,1,0.997869,26 15 24 11 22,plant flower_pot person curtain monitor
1650,1650,/home/udays/geometric_deep_learning/data/processed/plant/test/plant_0263.npz,26,plant,26,plant,1,0.998244,26 15 4 24 31,plant flower_pot bookshelf person stairs
1651,1651,/home/udays/geometric_deep_learning/data/processed/plant/test/plant_0264.npz,26,plant,26,plant,1,0.966877,26 15 31 4 24,plant flower_pot stairs bookshelf person
1652,1652,/home/udays/geometric_deep_learning/data/processed/plant/test/plant_0265.npz,26,plant,26,plant,1,0.988544,26 24 15 11 31,plant person flower_pot curtain stairs
1653,1653,/home/udays/geometric_deep_learning/data/processed/plant/test/plant_0266.npz,26,plant,26,plant,1,0.681034,26 15 37 4 31,plant flower_pot vase bookshelf stairs
1654,1654,/home/udays/geometric_deep_learning/data/processed/plant/test/plant_0267.npz,26,plant,4,bookshelf,0,0.861657,4 26 15 37 36,bookshelf plant flower_pot vase tv_stand
1655,1655,/home/udays/geometric_deep_learning/data/processed/plant/test/plant_0268.npz,26,plant,15,flower_pot,0,0.825866,15 26 35 27 29,flower_pot plant toilet radio sink
1656,1656,/home/udays/geometric_deep_learning/data/processed/plant/test/plant_0269.npz,26,plant,26,plant,1,0.918586,26 24 15 19 22,plant person flower_pot lamp monitor
1657,1657,/home/udays/geometric_deep_learning/data/processed/plant/test/plant_0270.npz,26,plant,26,plant,1,0.966949,26 15 31 4 19,plant flower_pot stairs bookshelf lamp
1658,1658,/home/udays/geometric_deep_learning/data/processed/plant/test/plant_0271.npz,26,plant,26,plant,1,0.998615,26 15 31 0 22,plant flower_pot stairs airplane monitor
1659,1659,/home/udays/geometric_deep_learning/data/processed/plant/test/plant_0272.npz,26,plant,26,plant,1,0.980955,26 15 4 22 31,plant flower_pot bookshelf monitor stairs
1660,1660,/home/udays/geometric_deep_learning/data/processed/plant/test/plant_0273.npz,26,plant,26,plant,1,0.969843,26 15 33 22 24,plant flower_pot table monitor person
1661,1661,/home/udays/geometric_deep_learning/data/processed/plant/test/plant_0274.npz,26,plant,26,plant,1,0.987319,26 15 24 37 22,plant flower_pot person vase monitor
1662,1662,/home/udays/geometric_deep_learning/data/processed/plant/test/plant_0275.npz,26,plant,26,plant,1,0.929673,26 15 24 19 22,plant flower_pot person lamp monitor
1663,1663,/home/udays/geometric_deep_learning/data/processed/plant/test/plant_0276.npz,26,plant,26,plant,1,0.976920,26 15 31 24 11,plant flower_pot stairs person curtain
1664,1664,/home/udays/geometric_deep_learning/data/processed/plant/test/plant_0277.npz,26,plant,26,plant,1,0.816302,26 31 15 37 4,plant stairs flower_pot vase bookshelf
1665,1665,/home/udays/geometric_deep_learning/data/processed/plant/test/plant_0278.npz,26,plant,26,plant,1,0.995936,26 15 8 31 25,plant flower_pot chair stairs piano
1666,1666,/home/udays/geometric_deep_learning/data/processed/plant/test/plant_0279.npz,26,plant,26,plant,1,0.922304,26 15 4 31 37,plant flower_pot bookshelf stairs vase
1667,1667,/home/udays/geometric_deep_learning/data/processed/plant/test/plant_0280.npz,26,plant,26,plant,1,0.764762,26 15 29 31 4,plant flower_pot sink stairs bookshelf
1668,1668,/home/udays/geometric_deep_learning/data/processed/plant/test/plant_0281.npz,26,plant,26,plant,1,0.871252,26 15 19 24 37,plant flower_pot lamp person vase
1669,1669,/home/udays/geometric_deep_learning/data/processed/plant/test/plant_0282.npz,26,plant,26,plant,1,0.747322,26 15 4 24 19,plant flower_pot bookshelf person lamp
1670,1670,/home/udays/geometric_deep_learning/data/processed/plant/test/plant_0283.npz,26,plant,26,plant,1,0.980974,26 15 24 31 19,plant flower_pot person stairs lamp
1671,1671,/home/udays/geometric_deep_learning/data/processed/plant/test/plant_0284.npz,26,plant,26,plant,1,0.988670,26 15 4 24 11,plant flower_pot bookshelf person curtain
1672,1672,/home/udays/geometric_deep_learning/data/processed/plant/test/plant_0285.npz,26,plant,26,plant,1,0.542538,26 15 37 4 10,plant flower_pot vase bookshelf cup
1673,1673,/home/udays/geometric_deep_learning/data/processed/plant/test/plant_0286.npz,26,plant,19,lamp,0,0.428845,19 26 34 27 9,lamp plant tent radio cone
1674,1674,/home/udays/geometric_deep_learning/data/processed/plant/test/plant_0287.npz,26,plant,26,plant,1,0.727734,26 15 4 37 31,plant flower_pot bookshelf vase stairs
1675,1675,/home/udays/geometric_deep_learning/data/processed/plant/test/plant_0288.npz,26,plant,26,plant,1,0.993769,26 15 31 4 22,plant flower_pot stairs bookshelf monitor
1676,1676,/home/udays/geometric_deep_learning/data/processed/plant/test/plant_0289.npz,26,plant,26,plant,1,0.628421,26 15 37 4 31,plant flower_pot vase bookshelf stairs
1677,1677,/home/udays/geometric_deep_learning/data/processed/plant/test/plant_0290.npz,26,plant,15,flower_pot,0,0.668925,15 26 37 4 27,flower_pot plant vase bookshelf radio
1678,1678,/home/udays/geometric_deep_learning/data/processed/plant/test/plant_0291.npz,26,plant,26,plant,1,0.474879,26 15 19 37 10,plant flower_pot lamp vase cup
1679,1679,/home/udays/geometric_deep_learning/data/processed/plant/test/plant_0292.npz,26,plant,26,plant,1,0.651706,26 15 37 4 31,plant flower_pot vase bookshelf stairs
1680,1680,/home/udays/geometric_deep_learning/data/processed/plant/test/plant_0293.npz,26,plant,15,flower_pot,0,0.589840,15 26 37 10 5,flower_pot plant vase cup bottle
1681,1681,/home/udays/geometric_deep_learning/data/processed/plant/test/plant_0294.npz,26,plant,26,plant,1,0.994429,26 15 4 0 22,plant flower_pot bookshelf airplane monitor
1682,1682,/home/udays/geometric_deep_learning/data/processed/plant/test/plant_0295.npz,26,plant,26,plant,1,0.730076,26 15 37 24 10,plant flower_pot vase person cup
1683,1683,/home/udays/geometric_deep_learning/data/processed/plant/test/plant_0296.npz,26,plant,26,plant,1,0.990269,26 15 4 34 19,plant flower_pot bookshelf tent lamp
1684,1684,/home/udays/geometric_deep_learning/data/processed/plant/test/plant_0297.npz,26,plant,26,plant,1,0.941048,26 15 22 10 29,plant flower_pot monitor cup sink
1685,1685,/home/udays/geometric_deep_learning/data/processed/plant/test/plant_0298.npz,26,plant,26,plant,1,0.868473,26 15 19 24 37,plant flower_pot lamp person vase
1686,1686,/home/udays/geometric_deep_learning/data/processed/plant/test/plant_0299.npz,26,plant,26,plant,1,0.710493,26 15 29 23 27,plant flower_pot sink night_stand radio
1687,1687,/home/udays/geometric_deep_learning/data/processed/plant/test/plant_0300.npz,26,plant,26,plant,1,0.691346,26 15 4 37 31,plant flower_pot bookshelf vase stairs
1688,1688,/home/udays/geometric_deep_learning/data/processed/plant/test/plant_0301.npz,26,plant,26,plant,1,0.919254,26 15 4 24 31,plant flower_pot bookshelf person stairs
1689,1689,/home/udays/geometric_deep_learning/data/processed/plant/test/plant_0302.npz,26,plant,26,plant,1,0.981750,26 15 19 24 37,plant flower_pot lamp person vase
1690,1690,/home/udays/geometric_deep_learning/data/processed/plant/test/plant_0303.npz,26,plant,26,plant,1,0.610463,26 15 37 31 4,plant flower_pot vase stairs bookshelf
1691,1691,/home/udays/geometric_deep_learning/data/processed/plant/test/plant_0304.npz,26,plant,26,plant,1,0.613357,26 15 37 31 4,plant flower_pot vase stairs bookshelf
1692,1692,/home/udays/geometric_deep_learning/data/processed/plant/test/plant_0305.npz,26,plant,26,plant,1,0.988004,26 15 4 24 22,plant flower_pot bookshelf person monitor
1693,1693,/home/udays/geometric_deep_learning/data/processed/plant/test/plant_0306.npz,26,plant,26,plant,1,0.677242,26 15 29 8 37,plant flower_pot sink chair vase
1694,1694,/home/udays/geometric_deep_learning/data/processed/plant/test/plant_0307.npz,26,plant,26,plant,1,0.638611,26 15 37 31 10,plant flower_pot vase stairs cup
1695,1695,/home/udays/geometric_deep_learning/data/processed/plant/test/plant_0308.npz,26,plant,26,plant,1,0.992389,26 15 24 37 11,plant flower_pot person vase curtain
1696,1696,/home/udays/geometric_deep_learning/data/processed/plant/test/plant_0309.npz,26,plant,26,plant,1,0.866721,26 15 37 4 33,plant flower_pot vase bookshelf table
1697,1697,/home/udays/geometric_deep_learning/data/processed/plant/test/plant_0310.npz,26,plant,15,flower_pot,0,0.596765,15 26 29 37 31,flower_pot plant sink vase stairs
1698,1698,/home/udays/geometric_deep_learning/data/processed/plant/test/plant_0311.npz,26,plant,15,flower_pot,0,0.729096,15 26 37 5 10,flower_pot plant vase bottle cup
1699,1699,/home/udays/geometric_deep_learning/data/processed/plant/test/plant_0312.npz,26,plant,26,plant,1,0.989957,26 15 37 24 31,plant flower_pot vase person stairs
1700,1700,/home/udays/geometric_deep_learning/data/processed/plant/test/plant_0313.npz,26,plant,26,plant,1,0.992041,26 15 31 24 37,plant flower_pot stairs person vase
1701,1701,/home/udays/geometric_deep_learning/data/processed/plant/test/plant_0314.npz,26,plant,26,plant,1,0.995370,26 15 4 24 31,plant flower_pot bookshelf person stairs
1702,1702,/home/udays/geometric_deep_learning/data/processed/plant/test/plant_0315.npz,26,plant,26,plant,1,0.553858,26 15 37 10 24,plant flower_pot vase cup person
1703,1703,/home/udays/geometric_deep_learning/data/processed/plant/test/plant_0316.npz,26,plant,26,plant,1,0.997654,26 15 24 11 4,plant flower_pot person curtain bookshelf
1704,1704,/home/udays/geometric_deep_learning/data/processed/plant/test/plant_0317.npz,26,plant,15,flower_pot,0,0.517670,15 26 37 7 34,flower_pot plant vase car tent
1705,1705,/home/udays/geometric_deep_learning/data/processed/plant/test/plant_0318.npz,26,plant,26,plant,1,0.694101,26 15 4 27 37,plant flower_pot bookshelf radio vase
1706,1706,/home/udays/geometric_deep_learning/data/processed/plant/test/plant_0319.npz,26,plant,26,plant,1,0.760771,26 15 37 24 22,plant flower_pot vase person monitor
1707,1707,/home/udays/geometric_deep_learning/data/processed/plant/test/plant_0320.npz,26,plant,26,plant,1,0.845028,26 14 15 37 4,plant dresser flower_pot vase bookshelf
1708,1708,/home/udays/geometric_deep_learning/data/processed/plant/test/plant_0321.npz,26,plant,26,plant,1,0.977206,26 15 22 37 10,plant flower_pot monitor vase cup
1709,1709,/home/udays/geometric_deep_learning/data/processed/plant/test/plant_0322.npz,26,plant,26,plant,1,0.951209,26 15 24 37 19,plant flower_pot person vase lamp
1710,1710,/home/udays/geometric_deep_learning/data/processed/plant/test/plant_0323.npz,26,plant,26,plant,1,0.991002,26 31 15 24 4,plant stairs flower_pot person bookshelf
1711,1711,/home/udays/geometric_deep_learning/data/processed/plant/test/plant_0324.npz,26,plant,15,flower_pot,0,0.548067,15 26 37 5 24,flower_pot plant vase bottle person
1712,1712,/home/udays/geometric_deep_learning/data/processed/plant/test/plant_0325.npz,26,plant,26,plant,1,0.970963,26 15 4 24 37,plant flower_pot bookshelf person vase
1713,1713,/home/udays/geometric_deep_learning/data/processed/plant/test/plant_0326.npz,26,plant,15,flower_pot,0,0.580679,15 26 37 4 10,flower_pot plant vase bookshelf cup
1714,1714,/home/udays/geometric_deep_learning/data/processed/plant/test/plant_0327.npz,26,plant,26,plant,1,0.552212,26 15 37 5 19,plant flower_pot vase bottle lamp
1715,1715,/home/udays/geometric_deep_learning/data/processed/plant/test/plant_0328.npz,26,plant,26,plant,1,0.929721,26 31 15 4 24,plant stairs flower_pot bookshelf person
1716,1716,/home/udays/geometric_deep_learning/data/processed/plant/test/plant_0329.npz,26,plant,15,flower_pot,0,0.711144,15 26 37 27 4,flower_pot plant vase radio bookshelf
1717,1717,/home/udays/geometric_deep_learning/data/processed/plant/test/plant_0330.npz,26,plant,26,plant,1,0.986562,26 15 4 22 31,plant flower_pot bookshelf monitor stairs
1718,1718,/home/udays/geometric_deep_learning/data/processed/plant/test/plant_0331.npz,26,plant,26,plant,1,0.998327,26 15 24 37 31,plant flower_pot person vase stairs
1719,1719,/home/udays/geometric_deep_learning/data/processed/plant/test/plant_0332.npz,26,plant,26,plant,1,0.991888,26 15 31 24 22,plant flower_pot stairs person monitor
1720,1720,/home/udays/geometric_deep_learning/data/processed/plant/test/plant_0333.npz,26,plant,26,plant,1,0.610775,26 15 37 4 10,plant flower_pot vase bookshelf cup
1721,1721,/home/udays/geometric_deep_learning/data/processed/plant/test/plant_0334.npz,26,plant,26,plant,1,0.992586,26 15 24 37 11,plant flower_pot person vase curtain
1722,1722,/home/udays/geometric_deep_learning/data/processed/plant/test/plant_0335.npz,26,plant,26,plant,1,0.960620,26 15 24 11 4,plant flower_pot person curtain bookshelf
1723,1723,/home/udays/geometric_deep_learning/data/processed/plant/test/plant_0336.npz,26,plant,26,plant,1,0.955446,26 15 29 31 34,plant flower_pot sink stairs tent
1724,1724,/home/udays/geometric_deep_learning/data/processed/plant/test/plant_0337.npz,26,plant,26,plant,1,0.993185,26 15 4 24 22,plant flower_pot bookshelf person monitor
1725,1725,/home/udays/geometric_deep_learning/data/processed/plant/test/plant_0338.npz,26,plant,26,plant,1,0.821928,26 24 11 15 37,plant person curtain flower_pot vase
1726,1726,/home/udays/geometric_deep_learning/data/processed/plant/test/plant_0339.npz,26,plant,26,plant,1,0.982461,26 15 4 22 34,plant flower_pot bookshelf monitor tent
1727,1727,/home/udays/geometric_deep_learning/data/processed/plant/test/plant_0340.npz,26,plant,26,plant,1,0.993702,26 15 24 4 11,plant flower_pot person bookshelf curtain
1728,1728,/home/udays/geometric_deep_learning/data/processed/radio/test/radio_0105.npz,27,radio,27,radio,1,0.794834,27 34 16 36 29,radio tent glass_box tv_stand sink
1729,1729,/home/udays/geometric_deep_learning/data/processed/radio/test/radio_0106.npz,27,radio,27,radio,1,0.992734,27 34 15 26 16,radio tent flower_pot plant glass_box
1730,1730,/home/udays/geometric_deep_learning/data/processed/radio/test/radio_0107.npz,27,radio,27,radio,1,0.702035,27 34 26 19 9,radio tent plant lamp cone
1731,1731,/home/udays/geometric_deep_learning/data/processed/radio/test/radio_0108.npz,27,radio,36,tv_stand,0,0.887340,36 4 3 27 25,tv_stand bookshelf bench radio piano
1732,1732,/home/udays/geometric_deep_learning/data/processed/radio/test/radio_0109.npz,27,radio,27,radio,1,0.996608,27 34 16 36 29,radio tent glass_box tv_stand sink
1733,1733,/home/udays/geometric_deep_learning/data/processed/radio/test/radio_0110.npz,27,radio,27,radio,1,0.983413,27 16 29 36 23,radio glass_box sink tv_stand night_stand
1734,1734,/home/udays/geometric_deep_learning/data/processed/radio/test/radio_0111.npz,27,radio,23,night_stand,0,0.277358,23 14 22 27 38,night_stand dresser monitor radio wardrobe
1735,1735,/home/udays/geometric_deep_learning/data/processed/radio/test/radio_0112.npz,27,radio,27,radio,1,0.980976,27 29 34 2 7,radio sink tent bed car
1736,1736,/home/udays/geometric_deep_learning/data/processed/radio/test/radio_0113.npz,27,radio,27,radio,1,0.989009,27 3 36 6 2,radio bench tv_stand bowl bed
1737,1737,/home/udays/geometric_deep_learning/data/processed/radio/test/radio_0114.npz,27,radio,27,radio,1,0.973208,27 29 36 15 16,radio sink tv_stand flower_pot glass_box
1738,1738,/home/udays/geometric_deep_learning/data/processed/radio/test/radio_0115.npz,27,radio,27,radio,1,0.815296,27 36 16 33 3,radio tv_stand glass_box table bench
1739,1739,/home/udays/geometric_deep_learning/data/processed/radio/test/radio_0116.npz,27,radio,21,mantel,0,0.263024,21 38 25 36 4,mantel wardrobe piano tv_stand bookshelf
1740,1740,/home/udays/geometric_deep_learning/data/processed/radio/test/radio_0117.npz,27,radio,22,monitor,0,0.425975,22 27 39 16 14,monitor radio xbox glass_box dresser
1741,1741,/home/udays/geometric_deep_learning/data/processed/radio/test/radio_0118.npz,27,radio,27,radio,1,0.984995,27 6 34 35 22,radio bowl tent toilet monitor
1742,1742,/home/udays/geometric_deep_learning/data/processed/radio/test/radio_0119.npz,27,radio,27,radio,1,0.800518,27 22 39 16 38,radio monitor xbox glass_box wardrobe
1743,1743,/home/udays/geometric_deep_learning/data/processed/radio/test/radio_0120.npz,27,radio,16,glass_box,0,0.860373,16 36 27 14 33,glass_box tv_stand radio dresser table
1744,1744,/home/udays/geometric_deep_learning/data/processed/radio/test/radio_0121.npz,27,radio,27,radio,1,0.987379,27 16 36 6 3,radio glass_box tv_stand bowl bench
1745,1745,/home/udays/geometric_deep_learning/data/processed/radio/test/radio_0122.npz,27,radio,27,radio,1,0.976699,27 16 22 36 34,radio glass_box monitor tv_stand tent
1746,1746,/home/udays/geometric_deep_learning/data/processed/radio/test/radio_0123.npz,27,radio,27,radio,1,0.718716,27 16 22 36 34,radio glass_box monitor tv_stand tent
1747,1747,/home/udays/geometric_deep_learning/data/processed/radio/test/radio_0124.npz,27,radio,27,radio,1,0.996049,27 34 2 29 16,radio tent bed sink glass_box
1748,1748,/home/udays/geometric_deep_learning/data/processed/range_hood/test/range_hood_0116.npz,28,range_hood,28,range_hood,1,0.981904,28 36 4 21 31,range_hood tv_stand bookshelf mantel stairs
1749,1749,/home/udays/geometric_deep_learning/data/processed/range_hood/test/range_hood_0117.npz,28,range_hood,28,range_hood,1,0.911527,28 27 21 34 7,range_hood radio mantel tent car
1750,1750,/home/udays/geometric_deep_learning/data/processed/range_hood/test/range_hood_0118.npz,28,range_hood,28,range_hood,1,0.998854,28 21 31 36 8,range_hood mantel stairs tv_stand chair
1751,1751,/home/udays/geometric_deep_learning/data/processed/range_hood/test/range_hood_0119.npz,28,range_hood,28,range_hood,1,0.918068,28 21 31 36 4,range_hood mantel stairs tv_stand bookshelf
1752,1752,/home/udays/geometric_deep_learning/data/processed/range_hood/test/range_hood_0120.npz,28,range_hood,28,range_hood,1,0.643534,28 21 13 36 4,range_hood mantel door tv_stand bookshelf
1753,1753,/home/udays/geometric_deep_learning/data/processed/range_hood/test/range_hood_0121.npz,28,range_hood,28,range_hood,1,0.982999,28 21 31 9 19,range_hood mantel stairs cone lamp
1754,1754,/home/udays/geometric_deep_learning/data/processed/range_hood/test/range_hood_0122.npz,28,range_hood,28,range_hood,1,0.981590,28 21 31 9 19,range_hood mantel stairs cone lamp
1755,1755,/home/udays/geometric_deep_learning/data/processed/range_hood/test/range_hood_0123.npz,28,range_hood,28,range_hood,1,0.991521,28 21 9 31 22,range_hood mantel cone stairs monitor
1756,1756,/home/udays/geometric_deep_learning/data/processed/range_hood/test/range_hood_0124.npz,28,range_hood,28,range_hood,1,0.928360,28 21 19 31 36,range_hood mantel lamp stairs tv_stand
1757,1757,/home/udays/geometric_deep_learning/data/processed/range_hood/test/range_hood_0125.npz,28,range_hood,28,range_hood,1,0.997970,28 21 31 9 13,range_hood mantel stairs cone door
1758,1758,/home/udays/geometric_deep_learning/data/processed/range_hood/test/range_hood_0126.npz,28,range_hood,28,range_hood,1,0.999293,28 21 31 9 13,range_hood mantel stairs cone door
1759,1759,/home/udays/geometric_deep_learning/data/processed/range_hood/test/range_hood_0127.npz,28,range_hood,28,range_hood,1,0.997324,28 21 31 9 8,range_hood mantel stairs cone chair
1760,1760,/home/udays/geometric_deep_learning/data/processed/range_hood/test/range_hood_0128.npz,28,range_hood,28,range_hood,1,0.989240,28 21 31 19 9,range_hood mantel stairs lamp cone
1761,1761,/home/udays/geometric_deep_learning/data/processed/range_hood/test/range_hood_0129.npz,28,range_hood,28,range_hood,1,0.975035,28 21 31 19 9,range_hood mantel stairs lamp cone
1762,1762,/home/udays/geometric_deep_learning/data/processed/range_hood/test/range_hood_0130.npz,28,range_hood,28,range_hood,1,0.893239,28 21 19 31 9,range_hood mantel lamp stairs cone
1763,1763,/home/udays/geometric_deep_learning/data/processed/range_hood/test/range_hood_0131.npz,28,range_hood,28,range_hood,1,0.988411,28 21 9 31 19,range_hood mantel cone stairs lamp
1764,1764,/home/udays/geometric_deep_learning/data/processed/range_hood/test/range_hood_0132.npz,28,range_hood,28,range_hood,1,0.722040,28 21 36 25 4,range_hood mantel tv_stand piano bookshelf
1765,1765,/home/udays/geometric_deep_learning/data/processed/range_hood/test/range_hood_0133.npz,28,range_hood,28,range_hood,1,0.995787,28 21 31 4 36,range_hood mantel stairs bookshelf tv_stand
1766,1766,/home/udays/geometric_deep_learning/data/processed/range_hood/test/range_hood_0134.npz,28,range_hood,28,range_hood,1,0.975402,28 21 4 36 25,range_hood mantel bookshelf tv_stand piano
1767,1767,/home/udays/geometric_deep_learning/data/processed/range_hood/test/range_hood_0135.npz,28,range_hood,21,mantel,0,0.745388,21 28 36 3 4,mantel range_hood tv_stand bench bookshelf
1768,1768,/home/udays/geometric_deep_learning/data/processed/range_hood/test/range_hood_0136.npz,28,range_hood,28,range_hood,1,0.999321,28 21 19 31 9,range_hood mantel lamp stairs cone
1769,1769,/home/udays/geometric_deep_learning/data/processed/range_hood/test/range_hood_0137.npz,28,range_hood,28,range_hood,1,0.999759,28 21 31 37 26,range_hood mantel stairs vase plant
1770,1770,/home/udays/geometric_deep_learning/data/processed/range_hood/test/range_hood_0138.npz,28,range_hood,28,range_hood,1,0.998298,28 21 31 32 8,range_hood mantel stairs stool chair
1771,1771,/home/udays/geometric_deep_learning/data/processed/range_hood/test/range_hood_0139.npz,28,range_hood,21,mantel,0,0.780260,21 28 36 4 3,mantel range_hood tv_stand bookshelf bench
1772,1772,/home/udays/geometric_deep_learning/data/processed/range_hood/test/range_hood_0140.npz,28,range_hood,28,range_hood,1,0.694486,28 21 36 31 22,range_hood mantel tv_stand stairs monitor
1773,1773,/home/udays/geometric_deep_learning/data/processed/range_hood/test/range_hood_0141.npz,28,range_hood,28,range_hood,1,0.999835,28 21 31 13 9,range_hood mantel stairs door cone
1774,1774,/home/udays/geometric_deep_learning/data/processed/range_hood/test/range_hood_0142.npz,28,range_hood,28,range_hood,1,0.994928,28 21 31 7 19,range_hood mantel stairs car lamp
1775,1775,/home/udays/geometric_deep_learning/data/processed/range_hood/test/range_hood_0143.npz,28,range_hood,28,range_hood,1,0.999790,28 21 31 4 36,range_hood mantel stairs bookshelf tv_stand
1776,1776,/home/udays/geometric_deep_learning/data/processed/range_hood/test/range_hood_0144.npz,28,range_hood,34,tent,0,0.667676,34 7 27 22 19,tent car radio monitor lamp
1777,1777,/home/udays/geometric_deep_learning/data/processed/range_hood/test/range_hood_0145.npz,28,range_hood,21,mantel,0,0.580868,21 28 36 4 3,mantel range_hood tv_stand bookshelf bench
1778,1778,/home/udays/geometric_deep_learning/data/processed/range_hood/test/range_hood_0146.npz,28,range_hood,28,range_hood,1,0.947684,28 21 7 31 36,range_hood mantel car stairs tv_stand
1779,1779,/home/udays/geometric_deep_learning/data/processed/range_hood/test/range_hood_0147.npz,28,range_hood,28,range_hood,1,0.950951,28 21 25 31 8,range_hood mantel piano stairs chair
1780,1780,/home/udays/geometric_deep_learning/data/processed/range_hood/test/range_hood_0148.npz,28,range_hood,28,range_hood,1,0.990832,28 21 31 19 9,range_hood mantel stairs lamp cone
1781,1781,/home/udays/geometric_deep_learning/data/processed/range_hood/test/range_hood_0149.npz,28,range_hood,28,range_hood,1,0.998955,28 21 31 9 8,range_hood mantel stairs cone chair
1782,1782,/home/udays/geometric_deep_learning/data/processed/range_hood/test/range_hood_0150.npz,28,range_hood,28,range_hood,1,0.998896,28 21 31 26 4,range_hood mantel stairs plant bookshelf
1783,1783,/home/udays/geometric_deep_learning/data/processed/range_hood/test/range_hood_0151.npz,28,range_hood,28,range_hood,1,0.989267,28 21 25 23 8,range_hood mantel piano night_stand chair
1784,1784,/home/udays/geometric_deep_learning/data/processed/range_hood/test/range_hood_0152.npz,28,range_hood,28,range_hood,1,0.989560,28 21 25 31 8,range_hood mantel piano stairs chair
1785,1785,/home/udays/geometric_deep_learning/data/processed/range_hood/test/range_hood_0153.npz,28,range_hood,28,range_hood,1,0.986929,28 21 31 9 19,range_hood mantel stairs cone lamp
1786,1786,/home/udays/geometric_deep_learning/data/processed/range_hood/test/range_hood_0154.npz,28,range_hood,28,range_hood,1,0.998327,28 21 31 9 13,range_hood mantel stairs cone door
1787,1787,/home/udays/geometric_deep_learning/data/processed/range_hood/test/range_hood_0155.npz,28,range_hood,28,range_hood,1,0.991700,28 21 25 31 7,range_hood mantel piano stairs car
1788,1788,/home/udays/geometric_deep_learning/data/processed/range_hood/test/range_hood_0156.npz,28,range_hood,28,range_hood,1,0.993593,28 21 31 8 32,range_hood mantel stairs chair stool
1789,1789,/home/udays/geometric_deep_learning/data/processed/range_hood/test/range_hood_0157.npz,28,range_hood,21,mantel,0,0.499798,21 28 36 14 23,mantel range_hood tv_stand dresser night_stand
1790,1790,/home/udays/geometric_deep_learning/data/processed/range_hood/test/range_hood_0158.npz,28,range_hood,27,radio,0,0.781554,27 36 35 29 2,radio tv_stand toilet sink bed
1791,1791,/home/udays/geometric_deep_learning/data/processed/range_hood/test/range_hood_0159.npz,28,range_hood,28,range_hood,1,0.997322,28 21 31 36 2,range_hood mantel stairs tv_stand bed
1792,1792,/home/udays/geometric_deep_learning/data/processed/range_hood/test/range_hood_0160.npz,28,range_hood,28,range_hood,1,0.993232,28 21 31 9 36,range_hood mantel stairs cone tv_stand
1793,1793,/home/udays/geometric_deep_learning/data/processed/range_hood/test/range_hood_0161.npz,28,range_hood,28,range_hood,1,0.999429,28 21 9 31 13,range_hood mantel cone stairs door
1794,1794,/home/udays/geometric_deep_learning/data/processed/range_hood/test/range_hood_0162.npz,28,range_hood,28,range_hood,1,0.859823,28 21 31 36 13,range_hood mantel stairs tv_stand door
1795,1795,/home/udays/geometric_deep_learning/data/processed/range_hood/test/range_hood_0163.npz,28,range_hood,28,range_hood,1,0.965030,28 21 13 9 19,range_hood mantel door cone lamp
1796,1796,/home/udays/geometric_deep_learning/data/processed/range_hood/test/range_hood_0164.npz,28,range_hood,28,range_hood,1,0.998366,28 37 21 31 9,range_hood vase mantel stairs cone
1797,1797,/home/udays/geometric_deep_learning/data/processed/range_hood/test/range_hood_0165.npz,28,range_hood,28,range_hood,1,0.781958,28 21 8 37 24,range_hood mantel chair vase person
1798,1798,/home/udays/geometric_deep_learning/data/processed/range_hood/test/range_hood_0166.npz,28,range_hood,28,range_hood,1,0.956584,28 35 21 36 32,range_hood toilet mantel tv_stand stool
1799,1799,/home/udays/geometric_deep_learning/data/processed/range_hood/test/range_hood_0167.npz,28,range_hood,28,range_hood,1,0.750552,28 21 36 22 31,range_hood mantel tv_stand monitor stairs
1800,1800,/home/udays/geometric_deep_learning/data/processed/range_hood/test/range_hood_0168.npz,28,range_hood,28,range_hood,1,0.625739,28 21 36 4 13,range_hood mantel tv_stand bookshelf door
1801,1801,/home/udays/geometric_deep_learning/data/processed/range_hood/test/range_hood_0169.npz,28,range_hood,28,range_hood,1,0.784078,28 21 36 4 25,range_hood mantel tv_stand bookshelf piano
1802,1802,/home/udays/geometric_deep_learning/data/processed/range_hood/test/range_hood_0170.npz,28,range_hood,21,mantel,0,0.681175,21 28 36 4 3,mantel range_hood tv_stand bookshelf bench
1803,1803,/home/udays/geometric_deep_learning/data/processed/range_hood/test/range_hood_0171.npz,28,range_hood,28,range_hood,1,0.766872,28 21 36 4 22,range_hood mantel tv_stand bookshelf monitor
1804,1804,/home/udays/geometric_deep_learning/data/processed/range_hood/test/range_hood_0172.npz,28,range_hood,28,range_hood,1,0.766557,28 36 31 4 21,range_hood tv_stand stairs bookshelf mantel
1805,1805,/home/udays/geometric_deep_learning/data/processed/range_hood/test/range_hood_0173.npz,28,range_hood,28,range_hood,1,0.998847,28 21 31 36 20,range_hood mantel stairs tv_stand laptop
1806,1806,/home/udays/geometric_deep_learning/data/processed/range_hood/test/range_hood_0174.npz,28,range_hood,28,range_hood,1,0.862815,28 37 19 9 15,range_hood vase lamp cone flower_pot
1807,1807,/home/udays/geometric_deep_learning/data/processed/range_hood/test/range_hood_0175.npz,28,range_hood,28,range_hood,1,0.998552,28 21 4 36 31,range_hood mantel bookshelf tv_stand stairs
1808,1808,/home/udays/geometric_deep_learning/data/processed/range_hood/test/range_hood_0176.npz,28,range_hood,28,range_hood,1,0.990584,28 21 31 36 4,range_hood mantel stairs tv_stand bookshelf
1809,1809,/home/udays/geometric_deep_learning/data/processed/range_hood/test/range_hood_0177.npz,28,range_hood,28,range_hood,1,0.960087,28 21 31 19 9,range_hood mantel stairs lamp cone
1810,1810,/home/udays/geometric_deep_learning/data/processed/range_hood/test/range_hood_0178.npz,28,range_hood,28,range_hood,1,0.918088,28 21 9 2 8,range_hood mantel cone bed chair
1811,1811,/home/udays/geometric_deep_learning/data/processed/range_hood/test/range_hood_0179.npz,28,range_hood,28,range_hood,1,0.969199,28 21 36 31 7,range_hood mantel tv_stand stairs car
1812,1812,/home/udays/geometric_deep_learning/data/processed/range_hood/test/range_hood_0180.npz,28,range_hood,28,range_hood,1,0.339073,28 31 8 2 24,range_hood stairs chair bed person
1813,1813,/home/udays/geometric_deep_learning/data/processed/range_hood/test/range_hood_0181.npz,28,range_hood,28,range_hood,1,0.999292,28 21 37 31 9,range_hood mantel vase stairs cone
1814,1814,/home/udays/geometric_deep_learning/data/processed/range_hood/test/range_hood_0182.npz,28,range_hood,28,range_hood,1,0.995201,28 31 36 21 20,range_hood stairs tv_stand mantel laptop
1815,1815,/home/udays/geometric_deep_learning/data/processed/range_hood/test/range_hood_0183.npz,28,range_hood,28,range_hood,1,0.927660,28 36 27 2 16,range_hood tv_stand radio bed glass_box
1816,1816,/home/udays/geometric_deep_learning/data/processed/range_hood/test/range_hood_0184.npz,28,range_hood,28,range_hood,1,0.999724,28 21 31 13 37,range_hood mantel stairs door vase
1817,1817,/home/udays/geometric_deep_learning/data/processed/range_hood/test/range_hood_0185.npz,28,range_hood,28,range_hood,1,0.999662,28 21 31 37 9,range_hood mantel stairs vase cone
1818,1818,/home/udays/geometric_deep_learning/data/processed/range_hood/test/range_hood_0186.npz,28,range_hood,28,range_hood,1,0.999611,28 21 37 31 13,range_hood mantel vase stairs door
1819,1819,/home/udays/geometric_deep_learning/data/processed/range_hood/test/range_hood_0187.npz,28,range_hood,28,range_hood,1,0.989469,28 21 36 4 31,range_hood mantel tv_stand bookshelf stairs
1820,1820,/home/udays/geometric_deep_learning/data/processed/range_hood/test/range_hood_0188.npz,28,range_hood,28,range_hood,1,0.935801,28 21 13 9 31,range_hood mantel door cone stairs
1821,1821,/home/udays/geometric_deep_learning/data/processed/range_hood/test/range_hood_0189.npz,28,range_hood,27,radio,0,0.575453,27 3 36 33 2,radio bench tv_stand table bed
1822,1822,/home/udays/geometric_deep_learning/data/processed/range_hood/test/range_hood_0190.npz,28,range_hood,28,range_hood,1,0.848380,28 21 19 36 31,range_hood mantel lamp tv_stand stairs
1823,1823,/home/udays/geometric_deep_learning/data/processed/range_hood/test/range_hood_0191.npz,28,range_hood,28,range_hood,1,0.993313,28 21 9 31 19,range_hood mantel cone stairs lamp
1824,1824,/home/udays/geometric_deep_learning/data/processed/range_hood/test/range_hood_0192.npz,28,range_hood,28,range_hood,1,0.999652,28 21 31 9 19,range_hood mantel stairs cone lamp
1825,1825,/home/udays/geometric_deep_learning/data/processed/range_hood/test/range_hood_0193.npz,28,range_hood,28,range_hood,1,0.933089,28 9 34 31 21,range_hood cone tent stairs mantel
1826,1826,/home/udays/geometric_deep_learning/data/processed/range_hood/test/range_hood_0194.npz,28,range_hood,28,range_hood,1,0.991498,28 21 32 19 13,range_hood mantel stool lamp door
1827,1827,/home/udays/geometric_deep_learning/data/processed/range_hood/test/range_hood_0195.npz,28,range_hood,28,range_hood,1,0.659709,28 37 15 9 19,range_hood vase flower_pot cone lamp
1828,1828,/home/udays/geometric_deep_learning/data/processed/range_hood/test/range_hood_0196.npz,28,range_hood,28,range_hood,1,0.999325,28 21 31 13 37,range_hood mantel stairs door vase
1829,1829,/home/udays/geometric_deep_learning/data/processed/range_hood/test/range_hood_0197.npz,28,range_hood,28,range_hood,1,0.856656,28 9 37 32 31,range_hood cone vase stool stairs
1830,1830,/home/udays/geometric_deep_learning/data/processed/range_hood/test/range_hood_0198.npz,28,range_hood,28,range_hood,1,0.793533,28 21 36 25 22,range_hood mantel tv_stand piano monitor
1831,1831,/home/udays/geometric_deep_learning/data/processed/range_hood/test/range_hood_0199.npz,28,range_hood,21,mantel,0,0.561902,21 28 36 3 4,mantel range_hood tv_stand bench bookshelf
1832,1832,/home/udays/geometric_deep_learning/data/processed/range_hood/test/range_hood_0200.npz,28,range_hood,28,range_hood,1,0.999561,28 21 31 36 4,range_hood mantel stairs tv_stand bookshelf
1833,1833,/home/udays/geometric_deep_learning/data/processed/range_hood/test/range_hood_0201.npz,28,range_hood,28,range_hood,1,0.973058,28 21 31 7 36,range_hood mantel stairs car tv_stand
1834,1834,/home/udays/geometric_deep_learning/data/processed/range_hood/test/range_hood_0202.npz,28,range_hood,28,range_hood,1,0.995954,28 21 31 9 19,range_hood mantel stairs cone lamp
1835,1835,/home/udays/geometric_deep_learning/data/processed/range_hood/test/range_hood_0203.npz,28,range_hood,28,range_hood,1,0.962133,28 21 31 19 9,range_hood mantel stairs lamp cone
1836,1836,/home/udays/geometric_deep_learning/data/processed/range_hood/test/range_hood_0204.npz,28,range_hood,28,range_hood,1,0.995167,28 21 31 36 4,range_hood mantel stairs tv_stand bookshelf
1837,1837,/home/udays/geometric_deep_learning/data/processed/range_hood/test/range_hood_0205.npz,28,range_hood,28,range_hood,1,0.993180,28 21 31 19 9,range_hood mantel stairs lamp cone
1838,1838,/home/udays/geometric_deep_learning/data/processed/range_hood/test/range_hood_0206.npz,28,range_hood,28,range_hood,1,0.978767,28 21 9 31 19,range_hood mantel cone stairs lamp
1839,1839,/home/udays/geometric_deep_learning/data/processed/range_hood/test/range_hood_0207.npz,28,range_hood,28,range_hood,1,0.992917,28 31 27 2 34,range_hood stairs radio bed tent
1840,1840,/home/udays/geometric_deep_learning/data/processed/range_hood/test/range_hood_0208.npz,28,range_hood,35,toilet,0,0.562637,35 28 21 37 27,toilet range_hood mantel vase radio
1841,1841,/home/udays/geometric_deep_learning/data/processed/range_hood/test/range_hood_0209.npz,28,range_hood,28,range_hood,1,0.986778,28 2 35 36 27,range_hood bed toilet tv_stand radio
1842,1842,/home/udays/geometric_deep_learning/data/processed/range_hood/test/range_hood_0210.npz,28,range_hood,28,range_hood,1,0.979585,28 21 25 31 8,range_hood mantel piano stairs chair
1843,1843,/home/udays/geometric_deep_learning/data/processed/range_hood/test/range_hood_0211.npz,28,range_hood,28,range_hood,1,0.998090,28 21 31 9 13,range_hood mantel stairs cone door
1844,1844,/home/udays/geometric_deep_learning/data/processed/range_hood/test/range_hood_0212.npz,28,range_hood,28,range_hood,1,0.980483,28 21 31 9 19,range_hood mantel stairs cone lamp
1845,1845,/home/udays/geometric_deep_learning/data/processed/range_hood/test/range_hood_0213.npz,28,range_hood,28,range_hood,1,0.991039,28 21 19 31 9,range_hood mantel lamp stairs cone
1846,1846,/home/udays/geometric_deep_learning/data/processed/range_hood/test/range_hood_0214.npz,28,range_hood,28,range_hood,1,0.996372,28 21 8 31 32,range_hood mantel chair stairs stool
1847,1847,/home/udays/geometric_deep_learning/data/processed/range_hood/test/range_hood_0215.npz,28,range_hood,28,range_hood,1,0.595373,28 21 36 4 31,range_hood mantel tv_stand bookshelf stairs
1848,1848,/home/udays/geometric_deep_learning/data/processed/sink/test/sink_0129.npz,29,sink,29,sink,1,0.997504,29 1 6 15 27,sink bathtub bowl flower_pot radio
1849,1849,/home/udays/geometric_deep_learning/data/processed/sink/test/sink_0130.npz,29,sink,29,sink,1,0.947856,29 1 16 2 20,sink bathtub glass_box bed laptop
1850,1850,/home/udays/geometric_deep_learning/data/processed/sink/test/sink_0131.npz,29,sink,36,tv_stand,0,0.725420,36 21 12 4 14,tv_stand mantel desk bookshelf dresser
1851,1851,/home/udays/geometric_deep_learning/data/processed/sink/test/sink_0132.npz,29,sink,29,sink,1,0.999730,29 35 1 36 33,sink toilet bathtub tv_stand table
1852,1852,/home/udays/geometric_deep_learning/data/processed/sink/test/sink_0133.npz,29,sink,29,sink,1,0.996773,29 1 6 15 35,sink bathtub bowl flower_pot toilet
1853,1853,/home/udays/geometric_deep_learning/data/processed/sink/test/sink_0134.npz,29,sink,36,tv_stand,0,0.612135,36 4 12 22 21,tv_stand bookshelf desk monitor mantel
1854,1854,/home/udays/geometric_deep_learning/data/processed/sink/test/sink_0135.npz,29,sink,29,sink,1,0.947401,29 1 6 15 16,sink bathtub bowl flower_pot glass_box
1855,1855,/home/udays/geometric_deep_learning/data/processed/sink/test/sink_0136.npz,29,sink,14,dresser,0,0.312706,14 23 10 15 38,dresser night_stand cup flower_pot wardrobe
1856,1856,/home/udays/geometric_deep_learning/data/processed/sink/test/sink_0137.npz,29,sink,29,sink,1,0.997623,29 1 6 15 35,sink bathtub bowl flower_pot toilet
1857,1857,/home/udays/geometric_deep_learning/data/processed/sink/test/sink_0138.npz,29,sink,29,sink,1,0.995426,29 1 6 15 35,sink bathtub bowl flower_pot toilet
1858,1858,/home/udays/geometric_deep_learning/data/processed/sink/test/sink_0139.npz,29,sink,29,sink,1,0.914732,29 6 1 15 16,sink bowl bathtub flower_pot glass_box
1859,1859,/home/udays/geometric_deep_learning/data/processed/sink/test/sink_0140.npz,29,sink,14,dresser,0,0.316305,14 16 23 29 21,dresser glass_box night_stand sink mantel
1860,1860,/home/udays/geometric_deep_learning/data/processed/sink/test/sink_0141.npz,29,sink,29,sink,1,0.990690,29 27 23 15 31,sink radio night_stand flower_pot stairs
1861,1861,/home/udays/geometric_deep_learning/data/processed/sink/test/sink_0142.npz,29,sink,29,sink,1,0.999820,29 0 1 35 8,sink airplane bathtub toilet chair
1862,1862,/home/udays/geometric_deep_learning/data/processed/sink/test/sink_0143.npz,29,sink,29,sink,1,0.757202,29 6 1 15 16,sink bowl bathtub flower_pot glass_box
1863,1863,/home/udays/geometric_deep_learning/data/processed/sink/test/sink_0144.npz,29,sink,29,sink,1,0.999597,29 1 0 31 6,sink bathtub airplane stairs bowl
1864,1864,/home/udays/geometric_deep_learning/data/processed/sink/test/sink_0145.npz,29,sink,29,sink,1,0.794407,29 27 31 2 25,sink radio stairs bed piano
1865,1865,/home/udays/geometric_deep_learning/data/processed/sink/test/sink_0146.npz,29,sink,29,sink,1,0.995676,29 1 16 27 2,sink bathtub glass_box radio bed
1866,1866,/home/udays/geometric_deep_learning/data/processed/sink/test/sink_0147.npz,29,sink,29,sink,1,0.882089,29 1 27 6 15,sink bathtub radio bowl flower_pot
1867,1867,/home/udays/geometric_deep_learning/data/processed/sink/test/sink_0148.npz,29,sink,35,toilet,0,0.999260,35 29 15 8 23,toilet sink flower_pot chair night_stand
1868,1868,/home/udays/geometric_deep_learning/data/processed/sofa/test/sofa_0681.npz,30,sofa,8,chair,0,0.452975,8 22 25 23 14,chair monitor piano night_stand dresser
1869,1869,/home/udays/geometric_deep_learning/data/processed/sofa/test/sofa_0682.npz,30,sofa,8,chair,0,0.947645,8 35 23 2 14,chair toilet night_stand bed dresser
1870,1870,/home/udays/geometric_deep_learning/data/processed/sofa/test/sofa_0683.npz,30,sofa,27,radio,0,0.386718,27 37 36 25 14,radio vase tv_stand piano dresser
1871,1871,/home/udays/geometric_deep_learning/data/processed/sofa/test/sofa_0684.npz,30,sofa,30,sofa,1,0.996872,30 3 2 8 21,sofa bench bed chair mantel
1872,1872,/home/udays/geometric_deep_learning/data/processed/sofa/test/sofa_0685.npz,30,sofa,30,sofa,1,0.999639,30 3 2 36 4,sofa bench bed tv_stand bookshelf
1873,1873,/home/udays/geometric_deep_learning/data/processed/sofa/test/sofa_0686.npz,30,sofa,30,sofa,1,0.846739,30 2 3 36 33,sofa bed bench tv_stand table
1874,1874,/home/udays/geometric_deep_learning/data/processed/sofa/test/sofa_0687.npz,30,sofa,30,sofa,1,0.971844,30 2 3 8 36,sofa bed bench chair tv_stand
1875,1875,/home/udays/geometric_deep_learning/data/processed/sofa/test/sofa_0688.npz,30,sofa,30,sofa,1,0.996782,30 8 3 2 12,sofa chair bench bed desk
1876,1876,/home/udays/geometric_deep_learning/data/processed/sofa/test/sofa_0689.npz,30,sofa,30,sofa,1,0.992905,30 3 2 8 1,sofa bench bed chair bathtub
1877,1877,/home/udays/geometric_deep_learning/data/processed/sofa/test/sofa_0690.npz,30,sofa,30,sofa,1,0.972062,30 3 2 28 36,sofa bench bed range_hood tv_stand
1878,1878,/home/udays/geometric_deep_learning/data/processed/sofa/test/sofa_0691.npz,30,sofa,30,sofa,1,0.999698,30 3 2 36 1,sofa bench bed tv_stand bathtub
1879,1879,/home/udays/geometric_deep_learning/data/processed/sofa/test/sofa_0692.npz,30,sofa,30,sofa,1,0.993530,30 3 36 2 1,sofa bench tv_stand bed bathtub
1880,1880,/home/udays/geometric_deep_learning/data/processed/sofa/test/sofa_0693.npz,30,sofa,30,sofa,1,0.998322,30 2 3 8 1,sofa bed bench chair bathtub
1881,1881,/home/udays/geometric_deep_learning/data/processed/sofa/test/sofa_0694.npz,30,sofa,30,sofa,1,0.930171,30 2 1 8 3,sofa bed bathtub chair bench
1882,1882,/home/udays/geometric_deep_learning/data/processed/sofa/test/sofa_0695.npz,30,sofa,30,sofa,1,0.899440,30 2 3 8 36,sofa bed bench chair tv_stand
1883,1883,/home/udays/geometric_deep_learning/data/processed/sofa/test/sofa_0696.npz,30,sofa,30,sofa,1,0.999865,30 3 2 8 36,sofa bench bed chair tv_stand
1884,1884,/home/udays/geometric_deep_learning/data/processed/sofa/test/sofa_0697.npz,30,sofa,30,sofa,1,0.996119,30 2 3 8 1,sofa bed bench chair bathtub
1885,1885,/home/udays/geometric_deep_learning/data/processed/sofa/test/sofa_0698.npz,30,sofa,30,sofa,1,0.997938,30 2 3 1 8,sofa bed bench bathtub chair
1886,1886,/home/udays/geometric_deep_learning/data/processed/sofa/test/sofa_0699.npz,30,sofa,30,sofa,1,0.792906,30 28 2 36 8,sofa range_hood bed tv_stand chair
1887,1887,/home/udays/geometric_deep_learning/data/processed/sofa/test/sofa_0700.npz,30,sofa,30,sofa,1,0.899905,30 3 2 8 25,sofa bench bed chair piano
1888,1888,/home/udays/geometric_deep_learning/data/processed/sofa/test/sofa_0701.npz,30,sofa,30,sofa,1,0.998288,30 8 3 2 12,sofa chair bench bed desk
1889,1889,/home/udays/geometric_deep_learning/data/processed/sofa/test/sofa_0702.npz,30,sofa,30,sofa,1,0.998353,30 2 3 8 12,sofa bed bench chair desk
1890,1890,/home/udays/geometric_deep_learning/data/processed/sofa/test/sofa_0703.npz,30,sofa,30,sofa,1,0.718182,30 36 3 2 4,sofa tv_stand bench bed bookshelf
1891,1891,/home/udays/geometric_deep_learning/data/processed/sofa/test/sofa_0704.npz,30,sofa,30,sofa,1,0.999673,30 3 2 36 8,sofa bench bed tv_stand chair
1892,1892,/home/udays/geometric_deep_learning/data/processed/sofa/test/sofa_0705.npz,30,sofa,30,sofa,1,0.999744,30 3 2 8 36,sofa bench bed chair tv_stand
1893,1893,/home/udays/geometric_deep_learning/data/processed/sofa/test/sofa_0706.npz,30,sofa,36,tv_stand,0,0.489956,36 4 29 23 31,tv_stand bookshelf sink night_stand stairs
1894,1894,/home/udays/geometric_deep_learning/data/processed/sofa/test/sofa_0707.npz,30,sofa,30,sofa,1,0.992238,30 2 3 1 36,sofa bed bench bathtub tv_stand
1895,1895,/home/udays/geometric_deep_learning/data/processed/sofa/test/sofa_0708.npz,30,sofa,30,sofa,1,0.999327,30 3 2 36 1,sofa bench bed tv_stand bathtub
1896,1896,/home/udays/geometric_deep_learning/data/processed/sofa/test/sofa_0709.npz,30,sofa,3,bench,0,0.570764,3 30 2 25 36,bench sofa bed piano tv_stand
1897,1897,/home/udays/geometric_deep_learning/data/processed/sofa/test/sofa_0710.npz,30,sofa,30,sofa,1,0.982452,30 3 36 8 2,sofa bench tv_stand chair bed
1898,1898,/home/udays/geometric_deep_learning/data/processed/sofa/test/sofa_0711.npz,30,sofa,4,bookshelf,0,0.418479,4 30 36 3 14,bookshelf sofa tv_stand bench dresser
1899,1899,/home/udays/geometric_deep_learning/data/processed/sofa/test/sofa_0712.npz,30,sofa,30,sofa,1,0.869741,30 3 2 36 8,sofa bench bed tv_stand chair
1900,1900,/home/udays/geometric_deep_learning/data/processed/sofa/test/sofa_0713.npz,30,sofa,30,sofa,1,0.999727,30 3 2 8 36,sofa bench bed chair tv_stand
1901,1901,/home/udays/geometric_deep_learning/data/processed/sofa/test/sofa_0714.npz,30,sofa,30,sofa,1,0.998248,30 3 2 36 12,sofa bench bed tv_stand desk
1902,1902,/home/udays/geometric_deep_learning/data/processed/sofa/test/sofa_0715.npz,30,sofa,30,sofa,1,0.982876,30 3 2 1 8,sofa bench bed bathtub chair
1903,1903,/home/udays/geometric_deep_learning/data/processed/sofa/test/sofa_0716.npz,30,sofa,30,sofa,1,0.988990,30 2 36 3 28,sofa bed tv_stand bench range_hood
1904,1904,/home/udays/geometric_deep_learning/data/processed/sofa/test/sofa_0717.npz,30,sofa,30,sofa,1,0.989595,30 2 3 7 36,sofa bed bench car tv_stand
1905,1905,/home/udays/geometric_deep_learning/data/processed/sofa/test/sofa_0718.npz,30,sofa,30,sofa,1,0.999410,30 3 1 2 36,sofa bench bathtub bed tv_stand
1906,1906,/home/udays/geometric_deep_learning/data/processed/sofa/test/sofa_0719.npz,30,sofa,30,sofa,1,0.999437,30 3 2 36 8,sofa bench bed tv_stand chair
1907,1907,/home/udays/geometric_deep_learning/data/processed/sofa/test/sofa_0720.npz,30,sofa,30,sofa,1,0.998537,30 3 36 2 12,sofa bench tv_stand bed desk
1908,1908,/home/udays/geometric_deep_learning/data/processed/sofa/test/sofa_0721.npz,30,sofa,30,sofa,1,0.999260,30 3 2 36 28,sofa bench bed tv_stand range_hood
1909,1909,/home/udays/geometric_deep_learning/data/processed/sofa/test/sofa_0722.npz,30,sofa,30,sofa,1,0.999573,30 2 3 1 36,sofa bed bench bathtub tv_stand
1910,1910,/home/udays/geometric_deep_learning/data/processed/sofa/test/sofa_0723.npz,30,sofa,30,sofa,1,0.998086,30 2 3 36 8,sofa bed bench tv_stand chair
1911,1911,/home/udays/geometric_deep_learning/data/processed/sofa/test/sofa_0724.npz,30,sofa,30,sofa,1,0.998751,30 2 1 8 3,sofa bed bathtub chair bench
1912,1912,/home/udays/geometric_deep_learning/data/processed/sofa/test/sofa_0725.npz,30,sofa,30,sofa,1,0.978175,30 2 8 3 1,sofa bed chair bench bathtub
1913,1913,/home/udays/geometric_deep_learning/data/processed/sofa/test/sofa_0726.npz,30,sofa,30,sofa,1,0.999413,30 2 3 36 1,sofa bed bench tv_stand bathtub
1914,1914,/home/udays/geometric_deep_learning/data/processed/sofa/test/sofa_0727.npz,30,sofa,30,sofa,1,0.979444,30 3 2 36 1,sofa bench bed tv_stand bathtub
1915,1915,/home/udays/geometric_deep_learning/data/processed/sofa/test/sofa_0728.npz,30,sofa,30,sofa,1,0.996722,30 3 2 36 18,sofa bench bed tv_stand keyboard
1916,1916,/home/udays/geometric_deep_learning/data/processed/sofa/test/sofa_0729.npz,30,sofa,30,sofa,1,0.993089,30 3 2 36 8,sofa bench bed tv_stand chair
1917,1917,/home/udays/geometric_deep_learning/data/processed/sofa/test/sofa_0730.npz,30,sofa,30,sofa,1,0.999874,30 3 2 8 1,sofa bench bed chair bathtub
1918,1918,/home/udays/geometric_deep_learning/data/processed/sofa/test/sofa_0731.npz,30,sofa,30,sofa,1,0.997370,30 3 2 36 4,sofa bench bed tv_stand bookshelf
1919,1919,/home/udays/geometric_deep_learning/data/processed/sofa/test/sofa_0732.npz,30,sofa,30,sofa,1,0.965355,30 8 2 3 36,sofa chair bed bench tv_stand
1920,1920,/home/udays/geometric_deep_learning/data/processed/sofa/test/sofa_0733.npz,30,sofa,3,bench,0,0.568226,3 30 2 12 33,bench sofa bed desk table
1921,1921,/home/udays/geometric_deep_learning/data/processed/sofa/test/sofa_0734.npz,30,sofa,30,sofa,1,0.998689,30 2 3 1 7,sofa bed bench bathtub car
1922,1922,/home/udays/geometric_deep_learning/data/processed/sofa/test/sofa_0735.npz,30,sofa,30,sofa,1,0.998770,30 3 8 2 1,sofa bench chair bed bathtub
1923,1923,/home/udays/geometric_deep_learning/data/processed/sofa/test/sofa_0736.npz,30,sofa,36,tv_stand,0,0.580214,36 27 2 3 30,tv_stand radio bed bench sofa
1924,1924,/home/udays/geometric_deep_learning/data/processed/sofa/test/sofa_0737.npz,30,sofa,30,sofa,1,0.995949,30 3 2 36 8,sofa bench bed tv_stand chair
1925,1925,/home/udays/geometric_deep_learning/data/processed/sofa/test/sofa_0738.npz,30,sofa,30,sofa,1,0.970525,30 3 2 36 8,sofa bench bed tv_stand chair
1926,1926,/home/udays/geometric_deep_learning/data/processed/sofa/test/sofa_0739.npz,30,sofa,30,sofa,1,0.999671,30 2 3 8 1,sofa bed bench chair bathtub
1927,1927,/home/udays/geometric_deep_learning/data/processed/sofa/test/sofa_0740.npz,30,sofa,30,sofa,1,0.992560,30 3 2 8 36,sofa bench bed chair tv_stand
1928,1928,/home/udays/geometric_deep_learning/data/processed/sofa/test/sofa_0741.npz,30,sofa,30,sofa,1,0.944360,30 3 2 36 1,sofa bench bed tv_stand bathtub
1929,1929,/home/udays/geometric_deep_learning/data/processed/sofa/test/sofa_0742.npz,30,sofa,30,sofa,1,0.964039,30 36 2 3 28,sofa tv_stand bed bench range_hood
1930,1930,/home/udays/geometric_deep_learning/data/processed/sofa/test/sofa_0743.npz,30,sofa,30,sofa,1,0.997635,30 3 36 2 8,sofa bench tv_stand bed chair
1931,1931,/home/udays/geometric_deep_learning/data/processed/sofa/test/sofa_0744.npz,30,sofa,30,sofa,1,0.998262,30 3 36 2 8,sofa bench tv_stand bed chair
1932,1932,/home/udays/geometric_deep_learning/data/processed/sofa/test/sofa_0745.npz,30,sofa,30,sofa,1,0.999058,30 3 2 12 8,sofa bench bed desk chair
1933,1933,/home/udays/geometric_deep_learning/data/processed/sofa/test/sofa_0746.npz,30,sofa,30,sofa,1,0.999113,30 2 3 1 36,sofa bed bench bathtub tv_stand
1934,1934,/home/udays/geometric_deep_learning/data/processed/sofa/test/sofa_0747.npz,30,sofa,30,sofa,1,0.997876,30 2 3 36 8,sofa bed bench tv_stand chair
1935,1935,/home/udays/geometric_deep_learning/data/processed/sofa/test/sofa_0748.npz,30,sofa,30,sofa,1,0.998435,30 2 3 1 36,sofa bed bench bathtub tv_stand
1936,1936,/home/udays/geometric_deep_learning/data/processed/sofa/test/sofa_0749.npz,30,sofa,30,sofa,1,0.988755,30 2 36 3 1,sofa bed tv_stand bench bathtub
1937,1937,/home/udays/geometric_deep_learning/data/processed/sofa/test/sofa_0750.npz,30,sofa,30,sofa,1,0.997948,30 2 1 8 3,sofa bed bathtub chair bench
1938,1938,/home/udays/geometric_deep_learning/data/processed/sofa/test/sofa_0751.npz,30,sofa,30,sofa,1,0.649286,30 3 31 36 2,sofa bench stairs tv_stand bed
1939,1939,/home/udays/geometric_deep_learning/data/processed/sofa/test/sofa_0752.npz,30,sofa,30,sofa,1,0.999710,30 2 3 1 8,sofa bed bench bathtub chair
1940,1940,/home/udays/geometric_deep_learning/data/processed/sofa/test/sofa_0753.npz,30,sofa,30,sofa,1,0.821253,30 36 2 3 8,sofa tv_stand bed bench chair
1941,1941,/home/udays/geometric_deep_learning/data/processed/sofa/test/sofa_0754.npz,30,sofa,30,sofa,1,0.999103,30 2 3 8 36,sofa bed bench chair tv_stand
1942,1942,/home/udays/geometric_deep_learning/data/processed/sofa/test/sofa_0755.npz,30,sofa,2,bed,0,0.696028,2 30 3 1 36,bed sofa bench bathtub tv_stand
1943,1943,/home/udays/geometric_deep_learning/data/processed/sofa/test/sofa_0756.npz,30,sofa,30,sofa,1,0.999224,30 3 2 36 1,sofa bench bed tv_stand bathtub
1944,1944,/home/udays/geometric_deep_learning/data/processed/sofa/test/sofa_0757.npz,30,sofa,30,sofa,1,0.998168,30 3 1 2 36,sofa bench bathtub bed tv_stand
1945,1945,/home/udays/geometric_deep_learning/data/processed/sofa/test/sofa_0758.npz,30,sofa,30,sofa,1,0.997899,30 8 3 2 12,sofa chair bench bed desk
1946,1946,/home/udays/geometric_deep_learning/data/processed/sofa/test/sofa_0759.npz,30,sofa,30,sofa,1,0.989805,30 3 2 8 36,sofa bench bed chair tv_stand
1947,1947,/home/udays/geometric_deep_learning/data/processed/sofa/test/sofa_0760.npz,30,sofa,30,sofa,1,0.991754,30 3 2 1 36,sofa bench bed bathtub tv_stand
1948,1948,/home/udays/geometric_deep_learning/data/processed/sofa/test/sofa_0761.npz,30,sofa,30,sofa,1,0.998833,30 2 3 8 1,sofa bed bench chair bathtub
1949,1949,/home/udays/geometric_deep_learning/data/processed/sofa/test/sofa_0762.npz,30,sofa,30,sofa,1,0.886457,30 3 2 36 4,sofa bench bed tv_stand bookshelf
1950,1950,/home/udays/geometric_deep_learning/data/processed/sofa/test/sofa_0763.npz,30,sofa,30,sofa,1,0.999761,30 3 2 8 36,sofa bench bed chair tv_stand
1951,1951,/home/udays/geometric_deep_learning/data/processed/sofa/test/sofa_0764.npz,30,sofa,30,sofa,1,0.997486,30 3 2 36 8,sofa bench bed tv_stand chair
1952,1952,/home/udays/geometric_deep_learning/data/processed/sofa/test/sofa_0765.npz,30,sofa,30,sofa,1,0.991112,30 3 2 8 1,sofa bench bed chair bathtub
1953,1953,/home/udays/geometric_deep_learning/data/processed/sofa/test/sofa_0766.npz,30,sofa,30,sofa,1,0.998795,30 2 3 8 1,sofa bed bench chair bathtub
1954,1954,/home/udays/geometric_deep_learning/data/processed/sofa/test/sofa_0767.npz,30,sofa,30,sofa,1,0.999228,30 3 2 36 8,sofa bench bed tv_stand chair
1955,1955,/home/udays/geometric_deep_learning/data/processed/sofa/test/sofa_0768.npz,30,sofa,30,sofa,1,0.999176,30 2 3 1 8,sofa bed bench bathtub chair
1956,1956,/home/udays/geometric_deep_learning/data/processed/sofa/test/sofa_0769.npz,30,sofa,30,sofa,1,0.991054,30 3 8 2 36,sofa bench chair bed tv_stand
1957,1957,/home/udays/geometric_deep_learning/data/processed/sofa/test/sofa_0770.npz,30,sofa,30,sofa,1,0.992944,30 8 3 2 25,sofa chair bench bed piano
1958,1958,/home/udays/geometric_deep_learning/data/processed/sofa/test/sofa_0771.npz,30,sofa,30,sofa,1,0.992515,30 3 2 8 1,sofa bench bed chair bathtub
1959,1959,/home/udays/geometric_deep_learning/data/processed/sofa/test/sofa_0772.npz,30,sofa,30,sofa,1,0.997206,30 2 1 8 3,sofa bed bathtub chair bench
1960,1960,/home/udays/geometric_deep_learning/data/processed/sofa/test/sofa_0773.npz,30,sofa,30,sofa,1,0.999361,30 2 3 1 8,sofa bed bench bathtub chair
1961,1961,/home/udays/geometric_deep_learning/data/processed/sofa/test/sofa_0774.npz,30,sofa,30,sofa,1,0.909428,30 2 8 3 1,sofa bed chair bench bathtub
1962,1962,/home/udays/geometric_deep_learning/data/processed/sofa/test/sofa_0775.npz,30,sofa,30,sofa,1,0.998863,30 2 3 8 36,sofa bed bench chair tv_stand
1963,1963,/home/udays/geometric_deep_learning/data/processed/sofa/test/sofa_0776.npz,30,sofa,30,sofa,1,0.996890,30 2 8 1 3,sofa bed chair bathtub bench
1964,1964,/home/udays/geometric_deep_learning/data/processed/sofa/test/sofa_0777.npz,30,sofa,30,sofa,1,0.979715,30 2 8 3 28,sofa bed chair bench range_hood
1965,1965,/home/udays/geometric_deep_learning/data/processed/sofa/test/sofa_0778.npz,30,sofa,30,sofa,1,0.998227,30 2 1 3 36,sofa bed bathtub bench tv_stand
1966,1966,/home/udays/geometric_deep_learning/data/processed/sofa/test/sofa_0779.npz,30,sofa,30,sofa,1,0.999449,30 2 3 1 8,sofa bed bench bathtub chair
1967,1967,/home/udays/geometric_deep_learning/data/processed/sofa/test/sofa_0780.npz,30,sofa,30,sofa,1,0.998857,30 3 36 1 2,sofa bench tv_stand bathtub bed
1968,1968,/home/udays/geometric_deep_learning/data/processed/stairs/test/stairs_0125.npz,31,stairs,31,stairs,1,0.999999,31 26 17 3 24,stairs plant guitar bench person
1969,1969,/home/udays/geometric_deep_learning/data/processed/stairs/test/stairs_0126.npz,31,stairs,31,stairs,1,0.999804,31 26 24 37 17,stairs plant person vase guitar
1970,1970,/home/udays/geometric_deep_learning/data/processed/stairs/test/stairs_0127.npz,31,stairs,31,stairs,1,0.999997,31 17 20 24 26,stairs guitar laptop person plant
1971,1971,/home/udays/geometric_deep_learning/data/processed/stairs/test/stairs_0128.npz,31,stairs,31,stairs,1,0.997983,31 25 34 28 4,stairs piano tent range_hood bookshelf
1972,1972,/home/udays/geometric_deep_learning/data/processed/stairs/test/stairs_0129.npz,31,stairs,31,stairs,1,0.959145,31 8 24 25 19,stairs chair person piano lamp
1973,1973,/home/udays/geometric_deep_learning/data/processed/stairs/test/stairs_0130.npz,31,stairs,31,stairs,1,0.999979,31 26 25 29 4,stairs plant piano sink bookshelf
1974,1974,/home/udays/geometric_deep_learning/data/processed/stairs/test/stairs_0131.npz,31,stairs,3,bench,0,0.599344,3 31 25 2 30,bench stairs piano bed sofa
1975,1975,/home/udays/geometric_deep_learning/data/processed/stairs/test/stairs_0132.npz,31,stairs,31,stairs,1,0.999851,31 24 3 25 19,stairs person bench piano lamp
1976,1976,/home/udays/geometric_deep_learning/data/processed/stairs/test/stairs_0133.npz,31,stairs,31,stairs,1,0.901420,31 26 4 15 17,stairs plant bookshelf flower_pot guitar
1977,1977,/home/udays/geometric_deep_learning/data/processed/stairs/test/stairs_0134.npz,31,stairs,31,stairs,1,0.999902,31 26 15 3 17,stairs plant flower_pot bench guitar
1978,1978,/home/udays/geometric_deep_learning/data/processed/stairs/test/stairs_0135.npz,31,stairs,31,stairs,1,0.997706,31 26 15 29 37,stairs plant flower_pot sink vase
1979,1979,/home/udays/geometric_deep_learning/data/processed/stairs/test/stairs_0136.npz,31,stairs,31,stairs,1,0.999995,31 3 29 26 30,stairs bench sink plant sofa
1980,1980,/home/udays/geometric_deep_learning/data/processed/stairs/test/stairs_0137.npz,31,stairs,31,stairs,1,0.764909,31 35 29 30 8,stairs toilet sink sofa chair
1981,1981,/home/udays/geometric_deep_learning/data/processed/stairs/test/stairs_0138.npz,31,stairs,31,stairs,1,0.978714,31 26 15 24 17,stairs plant flower_pot person guitar
1982,1982,/home/udays/geometric_deep_learning/data/processed/stairs/test/stairs_0139.npz,31,stairs,31,stairs,1,0.925442,31 24 26 9 11,stairs person plant cone curtain
1983,1983,/home/udays/geometric_deep_learning/data/processed/stairs/test/stairs_0140.npz,31,stairs,31,stairs,1,0.999944,31 26 29 3 15,stairs plant sink bench flower_pot
1984,1984,/home/udays/geometric_deep_learning/data/processed/stairs/test/stairs_0141.npz,31,stairs,31,stairs,1,0.963576,31 28 34 25 9,stairs range_hood tent piano cone
1985,1985,/home/udays/geometric_deep_learning/data/processed/stairs/test/stairs_0142.npz,31,stairs,31,stairs,1,0.980516,31 26 4 15 24,stairs plant bookshelf flower_pot person
1986,1986,/home/udays/geometric_deep_learning/data/processed/stairs/test/stairs_0143.npz,31,stairs,7,car,0,0.795664,7 28 27 36 25,car range_hood radio tv_stand piano
1987,1987,/home/udays/geometric_deep_learning/data/processed/stairs/test/stairs_0144.npz,31,stairs,31,stairs,1,0.999996,31 17 20 3 24,stairs guitar laptop bench person
1988,1988,/home/udays/geometric_deep_learning/data/processed/stool/test/stool_0091.npz,32,stool,8,chair,0,0.809506,8 32 35 19 23,chair stool toilet lamp night_stand
1989,1989,/home/udays/geometric_deep_learning/data/processed/stool/test/stool_0092.npz,32,stool,32,stool,1,0.995493,32 8 33 37 19,stool chair table vase lamp
1990,1990,/home/udays/geometric_deep_learning/data/processed/stool/test/stool_0093.npz,32,stool,32,stool,1,0.520468,32 19 37 24 8,stool lamp vase person chair
1991,1991,/home/udays/geometric_deep_learning/data/processed/stool/test/stool_0094.npz,32,stool,32,stool,1,0.996576,32 8 33 19 23,stool chair table lamp night_stand
1992,1992,/home/udays/geometric_deep_learning/data/processed/stool/test/stool_0095.npz,32,stool,32,stool,1,0.998093,32 19 8 23 35,stool lamp chair night_stand toilet
1993,1993,/home/udays/geometric_deep_learning/data/processed/stool/test/stool_0096.npz,32,stool,8,chair,0,0.814294,8 32 4 23 13,chair stool bookshelf night_stand door
1994,1994,/home/udays/geometric_deep_learning/data/processed/stool/test/stool_0097.npz,32,stool,32,stool,1,0.988889,32 8 19 33 24,stool chair lamp table person
1995,1995,/home/udays/geometric_deep_learning/data/processed/stool/test/stool_0098.npz,32,stool,8,chair,0,0.984155,8 32 29 35 37,chair stool sink toilet vase
1996,1996,/home/udays/geometric_deep_learning/data/processed/stool/test/stool_0099.npz,32,stool,8,chair,0,0.954930,8 35 32 37 19,chair toilet stool vase lamp
1997,1997,/home/udays/geometric_deep_learning/data/processed/stool/test/stool_0100.npz,32,stool,32,stool,1,0.972199,32 8 33 19 23,stool chair table lamp night_stand
1998,1998,/home/udays/geometric_deep_learning/data/processed/stool/test/stool_0101.npz,32,stool,32,stool,1,0.921858,32 19 8 33 24,stool lamp chair table person
1999,1999,/home/udays/geometric_deep_learning/data/processed/stool/test/stool_0102.npz,32,stool,32,stool,1,0.984979,32 19 33 8 37,stool lamp table chair vase
2000,2000,/home/udays/geometric_deep_learning/data/processed/stool/test/stool_0103.npz,32,stool,32,stool,1,0.812563,32 19 33 37 24,stool lamp table vase person
2001,2001,/home/udays/geometric_deep_learning/data/processed/stool/test/stool_0104.npz,32,stool,33,table,0,0.486107,33 32 23 8 36,table stool night_stand chair tv_stand
2002,2002,/home/udays/geometric_deep_learning/data/processed/stool/test/stool_0105.npz,32,stool,32,stool,1,0.772884,32 8 19 35 23,stool chair lamp toilet night_stand
2003,2003,/home/udays/geometric_deep_learning/data/processed/stool/test/stool_0106.npz,32,stool,32,stool,1,0.986893,32 8 4 33 37,stool chair bookshelf table vase
2004,2004,/home/udays/geometric_deep_learning/data/processed/stool/test/stool_0107.npz,32,stool,32,stool,1,0.987890,32 33 8 23 37,stool table chair night_stand vase
2005,2005,/home/udays/geometric_deep_learning/data/processed/stool/test/stool_0108.npz,32,stool,32,stool,1,0.877560,32 19 8 24 17,stool lamp chair person guitar
2006,2006,/home/udays/geometric_deep_learning/data/processed/stool/test/stool_0109.npz,32,stool,32,stool,1,0.958731,32 8 33 4 13,stool chair table bookshelf door
2007,2007,/home/udays/geometric_deep_learning/data/processed/stool/test/stool_0110.npz,32,stool,4,bookshelf,0,0.338746,4 32 26 33 13,bookshelf stool plant table door
2008,2008,/home/udays/geometric_deep_learning/data/processed/table/test/table_0393.npz,33,table,12,desk,0,0.547170,12 33 3 36 4,desk table bench tv_stand bookshelf
2009,2009,/home/udays/geometric_deep_learning/data/processed/table/test/table_0394.npz,33,table,33,table,1,0.970721,33 12 3 36 21,table desk bench tv_stand mantel
2010,2010,/home/udays/geometric_deep_learning/data/processed/table/test/table_0395.npz,33,table,33,table,1,0.565348,33 12 3 36 27,table desk bench tv_stand radio
2011,2011,/home/udays/geometric_deep_learning/data/processed/table/test/table_0396.npz,33,table,33,table,1,0.915135,33 12 36 3 23,table desk tv_stand bench night_stand
2012,2012,/home/udays/geometric_deep_learning/data/processed/table/test/table_0397.npz,33,table,33,table,1,0.801526,33 12 3 36 27,table desk bench tv_stand radio
2013,2013,/home/udays/geometric_deep_learning/data/processed/table/test/table_0398.npz,33,table,12,desk,0,0.392678,12 3 33 36 4,desk bench table tv_stand bookshelf
2014,2014,/home/udays/geometric_deep_learning/data/processed/table/test/table_0399.npz,33,table,33,table,1,0.972323,33 12 3 36 27,table desk bench tv_stand radio
2015,2015,/home/udays/geometric_deep_learning/data/processed/table/test/table_0400.npz,33,table,33,table,1,0.456868,33 12 36 3 4,table desk tv_stand bench bookshelf
2016,2016,/home/udays/geometric_deep_learning/data/processed/table/test/table_0401.npz,33,table,3,bench,0,0.584864,3 33 12 25 36,bench table desk piano tv_stand
2017,2017,/home/udays/geometric_deep_learning/data/processed/table/test/table_0402.npz,33,table,33,table,1,0.969630,33 12 3 36 34,table desk bench tv_stand tent
2018,2018,/home/udays/geometric_deep_learning/data/processed/table/test/table_0403.npz,33,table,33,table,1,0.969932,33 12 36 3 29,table desk tv_stand bench sink
2019,2019,/home/udays/geometric_deep_learning/data/processed/table/test/table_0404.npz,33,table,33,table,1,0.987114,33 12 3 36 18,table desk bench tv_stand keyboard
2020,2020,/home/udays/geometric_deep_learning/data/processed/table/test/table_0405.npz,33,table,33,table,1,0.538773,33 12 3 36 4,table desk bench tv_stand bookshelf
2021,2021,/home/udays/geometric_deep_learning/data/processed/table/test/table_0406.npz,33,table,33,table,1,0.960330,33 12 3 36 4,table desk bench tv_stand bookshelf
2022,2022,/home/udays/geometric_deep_learning/data/processed/table/test/table_0407.npz,33,table,25,piano,0,0.747267,25 3 33 12 2,piano bench table desk bed
2023,2023,/home/udays/geometric_deep_learning/data/processed/table/test/table_0408.npz,33,table,33,table,1,0.975994,33 12 3 36 18,table desk bench tv_stand keyboard
2024,2024,/home/udays/geometric_deep_learning/data/processed/table/test/table_0409.npz,33,table,12,desk,0,0.936717,12 33 3 36 25,desk table bench tv_stand piano
2025,2025,/home/udays/geometric_deep_learning/data/processed/table/test/table_0410.npz,33,table,12,desk,0,0.521510,12 3 33 36 2,desk bench table tv_stand bed
2026,2026,/home/udays/geometric_deep_learning/data/processed/table/test/table_0411.npz,33,table,33,table,1,0.528150,33 12 36 3 23,table desk tv_stand bench night_stand
2027,2027,/home/udays/geometric_deep_learning/data/processed/table/test/table_0412.npz,33,table,12,desk,0,0.961780,12 33 36 3 21,desk table tv_stand bench mantel
2028,2028,/home/udays/geometric_deep_learning/data/processed/table/test/table_0413.npz,33,table,33,table,1,0.985191,33 12 3 36 34,table desk bench tv_stand tent
2029,2029,/home/udays/geometric_deep_learning/data/processed/table/test/table_0414.npz,33,table,33,table,1,0.777782,33 3 12 36 27,table bench desk tv_stand radio
2030,2030,/home/udays/geometric_deep_learning/data/processed/table/test/table_0415.npz,33,table,12,desk,0,0.772107,12 33 3 25 36,desk table bench piano tv_stand
2031,2031,/home/udays/geometric_deep_learning/data/processed/table/test/table_0416.npz,33,table,33,table,1,0.982347,33 12 3 36 18,table desk bench tv_stand keyboard
2032,2032,/home/udays/geometric_deep_learning/data/processed/table/test/table_0417.npz,33,table,33,table,1,0.851041,33 3 12 36 25,table bench desk tv_stand piano
2033,2033,/home/udays/geometric_deep_learning/data/processed/table/test/table_0418.npz,33,table,3,bench,0,0.910438,3 33 36 27 17,bench table tv_stand radio guitar
2034,2034,/home/udays/geometric_deep_learning/data/processed/table/test/table_0419.npz,33,table,33,table,1,0.489969,33 12 36 3 22,table desk tv_stand bench monitor
2035,2035,/home/udays/geometric_deep_learning/data/processed/table/test/table_0420.npz,33,table,3,bench,0,0.386439,3 33 12 36 4,bench table desk tv_stand bookshelf
2036,2036,/home/udays/geometric_deep_learning/data/processed/table/test/table_0421.npz,33,table,33,table,1,0.993851,33 12 3 36 18,table desk bench tv_stand keyboard
2037,2037,/home/udays/geometric_deep_learning/data/processed/table/test/table_0422.npz,33,table,33,table,1,0.835485,33 12 3 36 25,table desk bench tv_stand piano
2038,2038,/home/udays/geometric_deep_learning/data/processed/table/test/table_0423.npz,33,table,12,desk,0,0.759917,12 33 3 36 29,desk table bench tv_stand sink
2039,2039,/home/udays/geometric_deep_learning/data/processed/table/test/table_0424.npz,33,table,33,table,1,0.834012,33 3 36 12 4,table bench tv_stand desk bookshelf
2040,2040,/home/udays/geometric_deep_learning/data/processed/table/test/table_0425.npz,33,table,33,table,1,0.957301,33 12 3 36 32,table desk bench tv_stand stool
2041,2041,/home/udays/geometric_deep_learning/data/processed/table/test/table_0426.npz,33,table,33,table,1,0.953808,33 12 3 36 29,table desk bench tv_stand sink
2042,2042,/home/udays/geometric_deep_learning/data/processed/table/test/table_0427.npz,33,table,25,piano,0,0.998044,25 33 3 23 12,piano table bench night_stand desk
2043,2043,/home/udays/geometric_deep_learning/data/processed/table/test/table_0428.npz,33,table,33,table,1,0.976082,33 3 12 36 18,table bench desk tv_stand keyboard
2044,2044,/home/udays/geometric_deep_learning/data/processed/table/test/table_0429.npz,33,table,12,desk,0,0.850976,12 33 3 36 21,desk table bench tv_stand mantel
2045,2045,/home/udays/geometric_deep_learning/data/processed/table/test/table_0430.npz,33,table,12,desk,0,0.665159,12 33 36 3 0,desk table tv_stand bench airplane
2046,2046,/home/udays/geometric_deep_learning/data/processed/table/test/table_0431.npz,33,table,33,table,1,0.821564,33 12 3 36 25,table desk bench tv_stand piano
2047,2047,/home/udays/geometric_deep_learning/data/processed/table/test/table_0432.npz,33,table,33,table,1,0.587828,33 3 25 12 36,table bench piano desk tv_stand
2048,2048,/home/udays/geometric_deep_learning/data/processed/table/test/table_0433.npz,33,table,33,table,1,0.990355,33 12 3 36 34,table desk bench tv_stand tent
2049,2049,/home/udays/geometric_deep_learning/data/processed/table/test/table_0434.npz,33,table,33,table,1,0.984989,33 12 3 36 26,table desk bench tv_stand plant
2050,2050,/home/udays/geometric_deep_learning/data/processed/table/test/table_0435.npz,33,table,25,piano,0,0.440348,25 3 12 33 2,piano bench desk table bed
2051,2051,/home/udays/geometric_deep_learning/data/processed/table/test/table_0436.npz,33,table,12,desk,0,0.653929,12 3 33 36 21,desk bench table tv_stand mantel
2052,2052,/home/udays/geometric_deep_learning/data/processed/table/test/table_0437.npz,33,table,33,table,1,0.978545,33 12 3 32 36,table desk bench stool tv_stand
2053,2053,/home/udays/geometric_deep_learning/data/processed/table/test/table_0438.npz,33,table,12,desk,0,0.620980,12 33 36 3 0,desk table tv_stand bench airplane
2054,2054,/home/udays/geometric_deep_learning/data/processed/table/test/table_0439.npz,33,table,12,desk,0,0.871785,12 33 36 3 21,desk table tv_stand bench mantel
2055,2055,/home/udays/geometric_deep_learning/data/processed/table/test/table_0440.npz,33,table,33,table,1,0.675303,33 12 3 36 23,table desk bench tv_stand night_stand
2056,2056,/home/udays/geometric_deep_learning/data/processed/table/test/table_0441.npz,33,table,33,table,1,0.961307,33 3 12 36 18,table bench desk tv_stand keyboard
2057,2057,/home/udays/geometric_deep_learning/data/processed/table/test/table_0442.npz,33,table,33,table,1,0.977951,33 12 3 36 29,table desk bench tv_stand sink
2058,2058,/home/udays/geometric_deep_learning/data/processed/table/test/table_0443.npz,33,table,33,table,1,0.793032,33 3 36 12 27,table bench tv_stand desk radio
2059,2059,/home/udays/geometric_deep_learning/data/processed/table/test/table_0444.npz,33,table,12,desk,0,0.797300,12 3 25 33 36,desk bench piano table tv_stand
2060,2060,/home/udays/geometric_deep_learning/data/processed/table/test/table_0445.npz,33,table,12,desk,0,0.584672,12 33 25 3 23,desk table piano bench night_stand
2061,2061,/home/udays/geometric_deep_learning/data/processed/table/test/table_0446.npz,33,table,33,table,1,0.935208,33 12 3 36 18,table desk bench tv_stand keyboard
2062,2062,/home/udays/geometric_deep_learning/data/processed/table/test/table_0447.npz,33,table,33,table,1,0.928527,33 3 12 34 36,table bench desk tent tv_stand
2063,2063,/home/udays/geometric_deep_learning/data/processed/table/test/table_0448.npz,33,table,33,table,1,0.897014,33 3 12 36 18,table bench desk tv_stand keyboard
2064,2064,/home/udays/geometric_deep_learning/data/processed/table/test/table_0449.npz,33,table,3,bench,0,0.512516,3 33 12 36 25,bench table desk tv_stand piano
2065,2065,/home/udays/geometric_deep_learning/data/processed/table/test/table_0450.npz,33,table,23,night_stand,0,0.822290,23 33 36 12 32,night_stand table tv_stand desk stool
2066,2066,/home/udays/geometric_deep_learning/data/processed/table/test/table_0451.npz,33,table,12,desk,0,0.343749,12 3 33 36 4,desk bench table tv_stand bookshelf
2067,2067,/home/udays/geometric_deep_learning/data/processed/table/test/table_0452.npz,33,table,33,table,1,0.886304,33 3 12 36 25,table bench desk tv_stand piano
2068,2068,/home/udays/geometric_deep_learning/data/processed/table/test/table_0453.npz,33,table,33,table,1,0.977660,33 12 3 36 4,table desk bench tv_stand bookshelf
2069,2069,/home/udays/geometric_deep_learning/data/processed/table/test/table_0454.npz,33,table,33,table,1,0.949295,33 3 12 36 18,table bench desk tv_stand keyboard
2070,2070,/home/udays/geometric_deep_learning/data/processed/table/test/table_0455.npz,33,table,33,table,1,0.947598,33 12 3 36 18,table desk bench tv_stand keyboard
2071,2071,/home/udays/geometric_deep_learning/data/processed/table/test/table_0456.npz,33,table,33,table,1,0.948480,33 12 36 3 29,table desk tv_stand bench sink
2072,2072,/home/udays/geometric_deep_learning/data/processed/table/test/table_0457.npz,33,table,33,table,1,0.492897,33 12 3 36 4,table desk bench tv_stand bookshelf
2073,2073,/home/udays/geometric_deep_learning/data/processed/table/test/table_0458.npz,33,table,33,table,1,0.839409,33 36 12 3 4,table tv_stand desk bench bookshelf
2074,2074,/home/udays/geometric_deep_learning/data/processed/table/test/table_0459.npz,33,table,33,table,1,0.665673,33 3 12 36 25,table bench desk tv_stand piano
2075,2075,/home/udays/geometric_deep_learning/data/processed/table/test/table_0460.npz,33,table,12,desk,0,0.687138,12 33 3 36 23,desk table bench tv_stand night_stand
2076,2076,/home/udays/geometric_deep_learning/data/processed/table/test/table_0461.npz,33,table,12,desk,0,0.684854,12 33 36 3 4,desk table tv_stand bench bookshelf
2077,2077,/home/udays/geometric_deep_learning/data/processed/table/test/table_0462.npz,33,table,33,table,1,0.965163,33 12 3 32 36,table desk bench stool tv_stand
2078,2078,/home/udays/geometric_deep_learning/data/processed/table/test/table_0463.npz,33,table,33,table,1,0.552329,33 12 3 36 4,table desk bench tv_stand bookshelf
2079,2079,/home/udays/geometric_deep_learning/data/processed/table/test/table_0464.npz,33,table,33,table,1,0.771384,33 12 3 36 25,table desk bench tv_stand piano
2080,2080,/home/udays/geometric_deep_learning/data/processed/table/test/table_0465.npz,33,table,33,table,1,0.543529,33 3 12 36 25,table bench desk tv_stand piano
2081,2081,/home/udays/geometric_deep_learning/data/processed/table/test/table_0466.npz,33,table,33,table,1,0.770098,33 12 36 3 4,table desk tv_stand bench bookshelf
2082,2082,/home/udays/geometric_deep_learning/data/processed/table/test/table_0467.npz,33,table,12,desk,0,0.639069,12 33 3 36 21,desk table bench tv_stand mantel
2083,2083,/home/udays/geometric_deep_learning/data/processed/table/test/table_0468.npz,33,table,33,table,1,0.979994,33 3 12 36 18,table bench desk tv_stand keyboard
2084,2084,/home/udays/geometric_deep_learning/data/processed/table/test/table_0469.npz,33,table,12,desk,0,0.486401,12 3 33 25 36,desk bench table piano tv_stand
2085,2085,/home/udays/geometric_deep_learning/data/processed/table/test/table_0470.npz,33,table,33,table,1,0.558805,33 12 3 36 25,table desk bench tv_stand piano
2086,2086,/home/udays/geometric_deep_learning/data/processed/table/test/table_0471.npz,33,table,33,table,1,0.642541,33 12 36 3 27,table desk tv_stand bench radio
2087,2087,/home/udays/geometric_deep_learning/data/processed/table/test/table_0472.npz,33,table,33,table,1,0.906018,33 12 36 3 0,table desk tv_stand bench airplane
2088,2088,/home/udays/geometric_deep_learning/data/processed/table/test/table_0473.npz,33,table,33,table,1,0.760826,33 3 12 36 17,table bench desk tv_stand guitar
2089,2089,/home/udays/geometric_deep_learning/data/processed/table/test/table_0474.npz,33,table,12,desk,0,0.340755,12 3 25 33 36,desk bench piano table tv_stand
2090,2090,/home/udays/geometric_deep_learning/data/processed/table/test/table_0475.npz,33,table,33,table,1,0.615287,33 12 3 36 25,table desk bench tv_stand piano
2091,2091,/home/udays/geometric_deep_learning/data/processed/table/test/table_0476.npz,33,table,33,table,1,0.893170,33 12 3 36 23,table desk bench tv_stand night_stand
2092,2092,/home/udays/geometric_deep_learning/data/processed/table/test/table_0477.npz,33,table,33,table,1,0.754574,33 12 36 3 23,table desk tv_stand bench night_stand
2093,2093,/home/udays/geometric_deep_learning/data/processed/table/test/table_0478.npz,33,table,33,table,1,0.777233,33 12 3 36 23,table desk bench tv_stand night_stand
2094,2094,/home/udays/geometric_deep_learning/data/processed/table/test/table_0479.npz,33,table,33,table,1,0.952178,33 12 3 36 29,table desk bench tv_stand sink
2095,2095,/home/udays/geometric_deep_learning/data/processed/table/test/table_0480.npz,33,table,33,table,1,0.760557,33 3 12 36 25,table bench desk tv_stand piano
2096,2096,/home/udays/geometric_deep_learning/data/processed/table/test/table_0481.npz,33,table,12,desk,0,0.516637,12 33 36 3 23,desk table tv_stand bench night_stand
2097,2097,/home/udays/geometric_deep_learning/data/processed/table/test/table_0482.npz,33,table,33,table,1,0.991057,33 12 36 3 23,table desk tv_stand bench night_stand
2098,2098,/home/udays/geometric_deep_learning/data/processed/table/test/table_0483.npz,33,table,12,desk,0,0.522593,12 33 23 36 3,desk table night_stand tv_stand bench
2099,2099,/home/udays/geometric_deep_learning/data/processed/table/test/table_0484.npz,33,table,12,desk,0,0.560729,12 3 36 33 21,desk bench tv_stand table mantel
2100,2100,/home/udays/geometric_deep_learning/data/processed/table/test/table_0485.npz,33,table,33,table,1,0.470972,33 3 12 36 4,table bench desk tv_stand bookshelf
2101,2101,/home/udays/geometric_deep_learning/data/processed/table/test/table_0486.npz,33,table,33,table,1,0.788459,33 12 36 3 23,table desk tv_stand bench night_stand
2102,2102,/home/udays/geometric_deep_learning/data/processed/table/test/table_0487.npz,33,table,3,bench,0,0.973326,3 33 12 25 36,bench table desk piano tv_stand
2103,2103,/home/udays/geometric_deep_learning/data/processed/table/test/table_0488.npz,33,table,33,table,1,0.857700,33 12 3 36 4,table desk bench tv_stand bookshelf
2104,2104,/home/udays/geometric_deep_learning/data/processed/table/test/table_0489.npz,33,table,33,table,1,0.889948,33 3 25 12 32,table bench piano desk stool
2105,2105,/home/udays/geometric_deep_learning/data/processed/table/test/table_0490.npz,33,table,33,table,1,0.990104,33 23 12 36 25,table night_stand desk tv_stand piano
2106,2106,/home/udays/geometric_deep_learning/data/processed/table/test/table_0491.npz,33,table,25,piano,0,0.742954,25 33 3 12 36,piano table bench desk tv_stand
2107,2107,/home/udays/geometric_deep_learning/data/processed/table/test/table_0492.npz,33,table,33,table,1,0.813078,33 32 25 3 8,table stool piano bench chair
2108,2108,/home/udays/geometric_deep_learning/data/processed/tent/test/tent_0164.npz,34,tent,34,tent,1,0.999299,34 9 7 27 16,tent cone car radio glass_box
2109,2109,/home/udays/geometric_deep_learning/data/processed/tent/test/tent_0165.npz,34,tent,34,tent,1,0.998154,34 27 28 16 9,tent radio range_hood glass_box cone
2110,2110,/home/udays/geometric_deep_learning/data/processed/tent/test/tent_0166.npz,34,tent,34,tent,1,0.917501,34 2 28 31 16,tent bed range_hood stairs glass_box
2111,2111,/home/udays/geometric_deep_learning/data/processed/tent/test/tent_0167.npz,34,tent,34,tent,1,0.999154,34 9 27 25 7,tent cone radio piano car
2112,2112,/home/udays/geometric_deep_learning/data/processed/tent/test/tent_0168.npz,34,tent,34,tent,1,0.997523,34 22 31 9 1,tent monitor stairs cone bathtub
2113,2113,/home/udays/geometric_deep_learning/data/processed/tent/test/tent_0169.npz,34,tent,34,tent,1,0.982006,34 22 27 16 9,tent monitor radio glass_box cone
2114,2114,/home/udays/geometric_deep_learning/data/processed/tent/test/tent_0170.npz,34,tent,29,sink,0,0.737144,29 18 31 7 2,sink keyboard stairs car bed
2115,2115,/home/udays/geometric_deep_learning/data/processed/tent/test/tent_0171.npz,34,tent,34,tent,1,0.999531,34 27 25 16 22,tent radio piano glass_box monitor
2116,2116,/home/udays/geometric_deep_learning/data/processed/tent/test/tent_0172.npz,34,tent,34,tent,1,0.989656,34 27 22 16 25,tent radio monitor glass_box piano
2117,2117,/home/udays/geometric_deep_learning/data/processed/tent/test/tent_0173.npz,34,tent,34,tent,1,0.944173,34 22 27 16 9,tent monitor radio glass_box cone
2118,2118,/home/udays/geometric_deep_learning/data/processed/tent/test/tent_0174.npz,34,tent,34,tent,1,0.999450,34 9 27 16 22,tent cone radio glass_box monitor
2119,2119,/home/udays/geometric_deep_learning/data/processed/tent/test/tent_0175.npz,34,tent,34,tent,1,0.931214,34 28 31 7 27,tent range_hood stairs car radio
2120,2120,/home/udays/geometric_deep_learning/data/processed/tent/test/tent_0176.npz,34,tent,34,tent,1,0.766967,34 27 16 36 22,tent radio glass_box tv_stand monitor
2121,2121,/home/udays/geometric_deep_learning/data/processed/tent/test/tent_0177.npz,34,tent,34,tent,1,0.999896,34 27 16 22 9,tent radio glass_box monitor cone
2122,2122,/home/udays/geometric_deep_learning/data/processed/tent/test/tent_0178.npz,34,tent,34,tent,1,0.999345,34 7 26 9 19,tent car plant cone lamp
2123,2123,/home/udays/geometric_deep_learning/data/processed/tent/test/tent_0179.npz,34,tent,34,tent,1,0.999015,34 9 28 31 27,tent cone range_hood stairs radio
2124,2124,/home/udays/geometric_deep_learning/data/processed/tent/test/tent_0180.npz,34,tent,34,tent,1,0.996104,34 16 27 22 9,tent glass_box radio monitor cone
2125,2125,/home/udays/geometric_deep_learning/data/processed/tent/test/tent_0181.npz,34,tent,34,tent,1,0.993391,34 9 27 7 19,tent cone radio car lamp
2126,2126,/home/udays/geometric_deep_learning/data/processed/tent/test/tent_0182.npz,34,tent,34,tent,1,0.992611,34 7 19 9 28,tent car lamp cone range_hood
2127,2127,/home/udays/geometric_deep_learning/data/processed/tent/test/tent_0183.npz,34,tent,34,tent,1,0.997723,34 27 22 25 7,tent radio monitor piano car
2128,2128,/home/udays/geometric_deep_learning/data/processed/toilet/test/toilet_0345.npz,35,toilet,35,toilet,1,0.991454,35 15 37 32 10,toilet flower_pot vase stool cup
2129,2129,/home/udays/geometric_deep_learning/data/processed/toilet/test/toilet_0346.npz,35,toilet,35,toilet,1,0.999853,35 37 15 8 29,toilet vase flower_pot chair sink
2130,2130,/home/udays/geometric_deep_learning/data/processed/toilet/test/toilet_0347.npz,35,toilet,27,radio,0,0.712434,27 36 35 22 16,radio tv_stand toilet monitor glass_box
2131,2131,/home/udays/geometric_deep_learning/data/processed/toilet/test/toilet_0348.npz,35,toilet,35,toilet,1,0.970369,35 29 23 15 12,toilet sink night_stand flower_pot desk
2132,2132,/home/udays/geometric_deep_learning/data/processed/toilet/test/toilet_0349.npz,35,toilet,35,toilet,1,0.999996,35 8 15 37 32,toilet chair flower_pot vase stool
2133,2133,/home/udays/geometric_deep_learning/data/processed/toilet/test/toilet_0350.npz,35,toilet,35,toilet,1,0.999974,35 29 15 37 27,toilet sink flower_pot vase radio
2134,2134,/home/udays/geometric_deep_learning/data/processed/toilet/test/toilet_0351.npz,35,toilet,35,toilet,1,0.998757,35 8 32 12 39,toilet chair stool desk xbox
2135,2135,/home/udays/geometric_deep_learning/data/processed/toilet/test/toilet_0352.npz,35,toilet,35,toilet,1,0.999956,35 12 25 8 32,toilet desk piano chair stool
2136,2136,/home/udays/geometric_deep_learning/data/processed/toilet/test/toilet_0353.npz,35,toilet,35,toilet,1,0.990733,35 21 22 39 36,toilet mantel monitor xbox tv_stand
2137,2137,/home/udays/geometric_deep_learning/data/processed/toilet/test/toilet_0354.npz,35,toilet,8,chair,0,0.993854,8 32 35 12 28,chair stool toilet desk range_hood
2138,2138,/home/udays/geometric_deep_learning/data/processed/toilet/test/toilet_0355.npz,35,toilet,35,toilet,1,0.999704,35 8 32 37 22,toilet chair stool vase monitor
2139,2139,/home/udays/geometric_deep_learning/data/processed/toilet/test/toilet_0356.npz,35,toilet,35,toilet,1,0.999415,35 32 15 37 25,toilet stool flower_pot vase piano
2140,2140,/home/udays/geometric_deep_learning/data/processed/toilet/test/toilet_0357.npz,35,toilet,35,toilet,1,0.997926,35 15 37 10 29,toilet flower_pot vase cup sink
2141,2141,/home/udays/geometric_deep_learning/data/processed/toilet/test/toilet_0358.npz,35,toilet,35,toilet,1,0.999901,35 8 32 12 23,toilet chair stool desk night_stand
2142,2142,/home/udays/geometric_deep_learning/data/processed/toilet/test/toilet_0359.npz,35,toilet,35,toilet,1,0.999999,35 15 8 29 37,toilet flower_pot chair sink vase
2143,2143,/home/udays/geometric_deep_learning/data/processed/toilet/test/toilet_0360.npz,35,toilet,35,toilet,1,0.999897,35 15 37 22 27,toilet flower_pot vase monitor radio
2144,2144,/home/udays/geometric_deep_learning/data/processed/toilet/test/toilet_0361.npz,35,toilet,35,toilet,1,0.999998,35 8 15 25 29,toilet chair flower_pot piano sink
2145,2145,/home/udays/geometric_deep_learning/data/processed/toilet/test/toilet_0362.npz,35,toilet,35,toilet,1,0.999982,35 12 25 23 36,toilet desk piano night_stand tv_stand
2146,2146,/home/udays/geometric_deep_learning/data/processed/toilet/test/toilet_0363.npz,35,toilet,35,toilet,1,0.999983,35 39 25 21 12,toilet xbox piano mantel desk
2147,2147,/home/udays/geometric_deep_learning/data/processed/toilet/test/toilet_0364.npz,35,toilet,35,toilet,1,0.999464,35 23 15 27 36,toilet night_stand flower_pot radio tv_stand
2148,2148,/home/udays/geometric_deep_learning/data/processed/toilet/test/toilet_0365.npz,35,toilet,35,toilet,1,0.999927,35 15 8 29 37,toilet flower_pot chair sink vase
2149,2149,/home/udays/geometric_deep_learning/data/processed/toilet/test/toilet_0366.npz,35,toilet,35,toilet,1,0.999993,35 15 37 32 8,toilet flower_pot vase stool chair
2150,2150,/home/udays/geometric_deep_learning/data/processed/toilet/test/toilet_0367.npz,35,toilet,35,toilet,1,0.999976,35 15 37 29 8,toilet flower_pot vase sink chair
2151,2151,/home/udays/geometric_deep_learning/data/processed/toilet/test/toilet_0368.npz,35,toilet,35,toilet,1,0.999993,35 15 37 29 8,toilet flower_pot vase sink chair
2152,2152,/home/udays/geometric_deep_learning/data/processed/toilet/test/toilet_0369.npz,35,toilet,35,toilet,1,0.999997,35 15 29 25 8,toilet flower_pot sink piano chair
2153,2153,/home/udays/geometric_deep_learning/data/processed/toilet/test/toilet_0370.npz,35,toilet,35,toilet,1,0.999996,35 15 29 8 39,toilet flower_pot sink chair xbox
2154,2154,/home/udays/geometric_deep_learning/data/processed/toilet/test/toilet_0371.npz,35,toilet,35,toilet,1,0.994398,35 15 23 10 22,toilet flower_pot night_stand cup monitor
2155,2155,/home/udays/geometric_deep_learning/data/processed/toilet/test/toilet_0372.npz,35,toilet,35,toilet,1,0.997981,35 15 37 10 29,toilet flower_pot vase cup sink
2156,2156,/home/udays/geometric_deep_learning/data/processed/toilet/test/toilet_0373.npz,35,toilet,35,toilet,1,0.933982,35 15 37 10 6,toilet flower_pot vase cup bowl
2157,2157,/home/udays/geometric_deep_learning/data/processed/toilet/test/toilet_0374.npz,35,toilet,35,toilet,1,0.999914,35 32 22 8 39,toilet stool monitor chair xbox
2158,2158,/home/udays/geometric_deep_learning/data/processed/toilet/test/toilet_0375.npz,35,toilet,35,toilet,1,0.997841,35 15 37 29 26,toilet flower_pot vase sink plant
2159,2159,/home/udays/geometric_deep_learning/data/processed/toilet/test/toilet_0376.npz,35,toilet,35,toilet,1,0.999999,35 15 29 37 8,toilet flower_pot sink vase chair
2160,2160,/home/udays/geometric_deep_learning/data/processed/toilet/test/toilet_0377.npz,35,toilet,35,toilet,1,0.999991,35 37 15 8 29,toilet vase flower_pot chair sink
2161,2161,/home/udays/geometric_deep_learning/data/processed/toilet/test/toilet_0378.npz,35,toilet,35,toilet,1,0.999999,35 15 37 29 8,toilet flower_pot vase sink chair
2162,2162,/home/udays/geometric_deep_learning/data/processed/toilet/test/toilet_0379.npz,35,toilet,35,toilet,1,0.999998,35 32 8 39 37,toilet stool chair xbox vase
2163,2163,/home/udays/geometric_deep_learning/data/processed/toilet/test/toilet_0380.npz,35,toilet,35,toilet,1,0.999911,35 27 15 37 29,toilet radio flower_pot vase sink
2164,2164,/home/udays/geometric_deep_learning/data/processed/toilet/test/toilet_0381.npz,35,toilet,35,toilet,1,0.999994,35 8 32 37 22,toilet chair stool vase monitor
2165,2165,/home/udays/geometric_deep_learning/data/processed/toilet/test/toilet_0382.npz,35,toilet,35,toilet,1,1.000000,35 8 12 32 29,toilet chair desk stool sink
2166,2166,/home/udays/geometric_deep_learning/data/processed/toilet/test/toilet_0383.npz,35,toilet,35,toilet,1,0.999984,35 8 32 12 29,toilet chair stool desk sink
2167,2167,/home/udays/geometric_deep_learning/data/processed/toilet/test/toilet_0384.npz,35,toilet,35,toilet,1,0.999048,35 27 15 22 37,toilet radio flower_pot monitor vase
2168,2168,/home/udays/geometric_deep_learning/data/processed/toilet/test/toilet_0385.npz,35,toilet,35,toilet,1,0.999987,35 15 22 37 32,toilet flower_pot monitor vase stool
2169,2169,/home/udays/geometric_deep_learning/data/processed/toilet/test/toilet_0386.npz,35,toilet,35,toilet,1,0.999994,35 15 37 29 8,toilet flower_pot vase sink chair
2170,2170,/home/udays/geometric_deep_learning/data/processed/toilet/test/toilet_0387.npz,35,toilet,35,toilet,1,0.999998,35 8 32 12 22,toilet chair stool desk monitor
2171,2171,/home/udays/geometric_deep_learning/data/processed/toilet/test/toilet_0388.npz,35,toilet,35,toilet,1,0.999998,35 15 29 37 8,toilet flower_pot sink vase chair
2172,2172,/home/udays/geometric_deep_learning/data/processed/toilet/test/toilet_0389.npz,35,toilet,35,toilet,1,0.999329,35 29 15 1 27,toilet sink flower_pot bathtub radio
2173,2173,/home/udays/geometric_deep_learning/data/processed/toilet/test/toilet_0390.npz,35,toilet,35,toilet,1,0.978846,35 15 29 10 37,toilet flower_pot sink cup vase
2174,2174,/home/udays/geometric_deep_learning/data/processed/toilet/test/toilet_0391.npz,35,toilet,35,toilet,1,0.999921,35 15 37 32 23,toilet flower_pot vase stool night_stand
2175,2175,/home/udays/geometric_deep_learning/data/processed/toilet/test/toilet_0392.npz,35,toilet,35,toilet,1,0.999748,35 32 37 15 25,toilet stool vase flower_pot piano
2176,2176,/home/udays/geometric_deep_learning/data/processed/toilet/test/toilet_0393.npz,35,toilet,35,toilet,1,0.999686,35 8 29 15 23,toilet chair sink flower_pot night_stand
2177,2177,/home/udays/geometric_deep_learning/data/processed/toilet/test/toilet_0394.npz,35,toilet,35,toilet,1,0.999995,35 8 29 15 37,toilet chair sink flower_pot vase
2178,2178,/home/udays/geometric_deep_learning/data/processed/toilet/test/toilet_0395.npz,35,toilet,35,toilet,1,0.999997,35 8 32 37 15,toilet chair stool vase flower_pot
2179,2179,/home/udays/geometric_deep_learning/data/processed/toilet/test/toilet_0396.npz,35,toilet,35,toilet,1,0.999995,35 15 37 8 25,toilet flower_pot vase chair piano
2180,2180,/home/udays/geometric_deep_learning/data/processed/toilet/test/toilet_0397.npz,35,toilet,35,toilet,1,1.000000,35 8 29 15 37,toilet chair sink flower_pot vase
2181,2181,/home/udays/geometric_deep_learning/data/processed/toilet/test/toilet_0398.npz,35,toilet,35,toilet,1,0.999995,35 15 37 8 32,toilet flower_pot vase chair stool
2182,2182,/home/udays/geometric_deep_learning/data/processed/toilet/test/toilet_0399.npz,35,toilet,35,toilet,1,0.999931,35 8 32 29 12,toilet chair stool sink desk
2183,2183,/home/udays/geometric_deep_learning/data/processed/toilet/test/toilet_0400.npz,35,toilet,35,toilet,1,0.999945,35 29 8 15 23,toilet sink chair flower_pot night_stand
2184,2184,/home/udays/geometric_deep_learning/data/processed/toilet/test/toilet_0401.npz,35,toilet,35,toilet,1,0.999999,35 8 32 37 15,toilet chair stool vase flower_pot
2185,2185,/home/udays/geometric_deep_learning/data/processed/toilet/test/toilet_0402.npz,35,toilet,35,toilet,1,0.999996,35 25 12 32 39,toilet piano desk stool xbox
2186,2186,/home/udays/geometric_deep_learning/data/processed/toilet/test/toilet_0403.npz,35,toilet,35,toilet,1,0.999998,35 8 29 15 37,toilet chair sink flower_pot vase
2187,2187,/home/udays/geometric_deep_learning/data/processed/toilet/test/toilet_0404.npz,35,toilet,35,toilet,1,0.999979,35 22 25 39 32,toilet monitor piano xbox stool
2188,2188,/home/udays/geometric_deep_learning/data/processed/toilet/test/toilet_0405.npz,35,toilet,35,toilet,1,0.999869,35 32 23 8 25,toilet stool night_stand chair piano
2189,2189,/home/udays/geometric_deep_learning/data/processed/toilet/test/toilet_0406.npz,35,toilet,35,toilet,1,0.999996,35 15 37 29 27,toilet flower_pot vase sink radio
2190,2190,/home/udays/geometric_deep_learning/data/processed/toilet/test/toilet_0407.npz,35,toilet,35,toilet,1,1.000000,35 8 37 32 15,toilet chair vase stool flower_pot
2191,2191,/home/udays/geometric_deep_learning/data/processed/toilet/test/toilet_0408.npz,35,toilet,35,toilet,1,0.999943,35 22 8 29 31,toilet monitor chair sink stairs
2192,2192,/home/udays/geometric_deep_learning/data/processed/toilet/test/toilet_0409.npz,35,toilet,35,toilet,1,0.999994,35 8 15 37 29,toilet chair flower_pot vase sink
2193,2193,/home/udays/geometric_deep_learning/data/processed/toilet/test/toilet_0410.npz,35,toilet,35,toilet,1,0.999994,35 25 39 21 12,toilet piano xbox mantel desk
2194,2194,/home/udays/geometric_deep_learning/data/processed/toilet/test/toilet_0411.npz,35,toilet,35,toilet,1,0.999982,35 15 37 29 8,toilet flower_pot vase sink chair
2195,2195,/home/udays/geometric_deep_learning/data/processed/toilet/test/toilet_0412.npz,35,toilet,35,toilet,1,0.999737,35 15 37 10 6,toilet flower_pot vase cup bowl
2196,2196,/home/udays/geometric_deep_learning/data/processed/toilet/test/toilet_0413.npz,35,toilet,35,toilet,1,0.999998,35 15 37 8 29,toilet flower_pot vase chair sink
2197,2197,/home/udays/geometric_deep_learning/data/processed/toilet/test/toilet_0414.npz,35,toilet,35,toilet,1,0.999999,35 8 15 32 37,toilet chair flower_pot stool vase
2198,2198,/home/udays/geometric_deep_learning/data/processed/toilet/test/toilet_0415.npz,35,toilet,35,toilet,1,0.999999,35 8 15 32 37,toilet chair flower_pot stool vase
2199,2199,/home/udays/geometric_deep_learning/data/processed/toilet/test/toilet_0416.npz,35,toilet,35,toilet,1,1.000000,35 37 15 8 32,toilet vase flower_pot chair stool
2200,2200,/home/udays/geometric_deep_learning/data/processed/toilet/test/toilet_0417.npz,35,toilet,35,toilet,1,0.999998,35 8 15 37 12,toilet chair flower_pot vase desk
2201,2201,/home/udays/geometric_deep_learning/data/processed/toilet/test/toilet_0418.npz,35,toilet,35,toilet,1,0.999864,35 15 8 37 10,toilet flower_pot chair vase cup
2202,2202,/home/udays/geometric_deep_learning/data/processed/toilet/test/toilet_0419.npz,35,toilet,35,toilet,1,0.999993,35 8 15 29 37,toilet chair flower_pot sink vase
2203,2203,/home/udays/geometric_deep_learning/data/processed/toilet/test/toilet_0420.npz,35,toilet,35,toilet,1,0.999863,35 15 37 8 10,toilet flower_pot vase chair cup
2204,2204,/home/udays/geometric_deep_learning/data/processed/toilet/test/toilet_0421.npz,35,toilet,35,toilet,1,0.999984,35 8 15 37 29,toilet chair flower_pot vase sink
2205,2205,/home/udays/geometric_deep_learning/data/processed/toilet/test/toilet_0422.npz,35,toilet,35,toilet,1,0.999989,35 8 32 25 39,toilet chair stool piano xbox
2206,2206,/home/udays/geometric_deep_learning/data/processed/toilet/test/toilet_0423.npz,35,toilet,35,toilet,1,0.999988,35 8 22 29 15,toilet chair monitor sink flower_pot
2207,2207,/home/udays/geometric_deep_learning/data/processed/toilet/test/toilet_0424.npz,35,toilet,35,toilet,1,0.999843,35 15 37 10 6,toilet flower_pot vase cup bowl
2208,2208,/home/udays/geometric_deep_learning/data/processed/toilet/test/toilet_0425.npz,35,toilet,35,toilet,1,0.999854,35 12 29 15 25,toilet desk sink flower_pot piano
2209,2209,/home/udays/geometric_deep_learning/data/processed/toilet/test/toilet_0426.npz,35,toilet,35,toilet,1,0.999997,35 15 37 32 8,toilet flower_pot vase stool chair
2210,2210,/home/udays/geometric_deep_learning/data/processed/toilet/test/toilet_0427.npz,35,toilet,35,toilet,1,0.999997,35 15 8 37 29,toilet flower_pot chair vase sink
2211,2211,/home/udays/geometric_deep_learning/data/processed/toilet/test/toilet_0428.npz,35,toilet,35,toilet,1,1.000000,35 8 15 37 29,toilet chair flower_pot vase sink
2212,2212,/home/udays/geometric_deep_learning/data/processed/toilet/test/toilet_0429.npz,35,toilet,35,toilet,1,0.999999,35 15 37 8 29,toilet flower_pot vase chair sink
2213,2213,/home/udays/geometric_deep_learning/data/processed/toilet/test/toilet_0430.npz,35,toilet,35,toilet,1,0.999897,35 8 32 37 15,toilet chair stool vase flower_pot
2214,2214,/home/udays/geometric_deep_learning/data/processed/toilet/test/toilet_0431.npz,35,toilet,35,toilet,1,0.999975,35 8 25 32 15,toilet chair piano stool flower_pot
2215,2215,/home/udays/geometric_deep_learning/data/processed/toilet/test/toilet_0432.npz,35,toilet,35,toilet,1,0.999988,35 15 8 29 37,toilet flower_pot chair sink vase
2216,2216,/home/udays/geometric_deep_learning/data/processed/toilet/test/toilet_0433.npz,35,toilet,35,toilet,1,0.999994,35 8 15 29 37,toilet chair flower_pot sink vase
2217,2217,/home/udays/geometric_deep_learning/data/processed/toilet/test/toilet_0434.npz,35,toilet,35,toilet,1,0.978763,35 15 37 29 6,toilet flower_pot vase sink bowl
2218,2218,/home/udays/geometric_deep_learning/data/processed/toilet/test/toilet_0435.npz,35,toilet,35,toilet,1,0.999958,35 32 22 15 39,toilet stool monitor flower_pot xbox
2219,2219,/home/udays/geometric_deep_learning/data/processed/toilet/test/toilet_0436.npz,35,toilet,35,toilet,1,0.999997,35 15 29 37 21,toilet flower_pot sink vase mantel
2220,2220,/home/udays/geometric_deep_learning/data/processed/toilet/test/toilet_0437.npz,35,toilet,35,toilet,1,0.999763,35 27 16 39 36,toilet radio glass_box xbox tv_stand
2221,2221,/home/udays/geometric_deep_learning/data/processed/toilet/test/toilet_0438.npz,35,toilet,35,toilet,1,0.999992,35 39 32 21 25,toilet xbox stool mantel piano
2222,2222,/home/udays/geometric_deep_learning/data/processed/toilet/test/toilet_0439.npz,35,toilet,35,toilet,1,0.999997,35 8 37 15 22,toilet chair vase flower_pot monitor
2223,2223,/home/udays/geometric_deep_learning/data/processed/toilet/test/toilet_0440.npz,35,toilet,35,toilet,1,0.999999,35 15 37 29 8,toilet flower_pot vase sink chair
2224,2224,/home/udays/geometric_deep_learning/data/processed/toilet/test/toilet_0441.npz,35,toilet,35,toilet,1,0.999999,35 15 37 29 8,toilet flower_pot vase sink chair
2225,2225,/home/udays/geometric_deep_learning/data/processed/toilet/test/toilet_0442.npz,35,toilet,35,toilet,1,0.999996,35 15 29 37 39,toilet flower_pot sink vase xbox
2226,2226,/home/udays/geometric_deep_learning/data/processed/toilet/test/toilet_0443.npz,35,toilet,35,toilet,1,0.999994,35 37 15 8 32,toilet vase flower_pot chair stool
2227,2227,/home/udays/geometric_deep_learning/data/processed/toilet/test/toilet_0444.npz,35,toilet,35,toilet,1,0.999997,35 15 37 29 8,toilet flower_pot vase sink chair
2228,2228,/home/udays/geometric_deep_learning/data/processed/tv_stand/test/tv_stand_0268.npz,36,tv_stand,36,tv_stand,1,0.996589,36 33 4 3 12,tv_stand table bookshelf bench desk
2229,2229,/home/udays/geometric_deep_learning/data/processed/tv_stand/test/tv_stand_0269.npz,36,tv_stand,4,bookshelf,0,0.586842,4 36 21 38 14,bookshelf tv_stand mantel wardrobe dresser
2230,2230,/home/udays/geometric_deep_learning/data/processed/tv_stand/test/tv_stand_0270.npz,36,tv_stand,36,tv_stand,1,0.994457,36 4 3 33 27,tv_stand bookshelf bench table radio
2231,2231,/home/udays/geometric_deep_learning/data/processed/tv_stand/test/tv_stand_0271.npz,36,tv_stand,36,tv_stand,1,0.965493,36 4 14 27 16,tv_stand bookshelf dresser radio glass_box
2232,2232,/home/udays/geometric_deep_learning/data/processed/tv_stand/test/tv_stand_0272.npz,36,tv_stand,36,tv_stand,1,0.993532,36 4 33 3 27,tv_stand bookshelf table bench radio
2233,2233,/home/udays/geometric_deep_learning/data/processed/tv_stand/test/tv_stand_0273.npz,36,tv_stand,36,tv_stand,1,0.992964,36 4 33 3 12,tv_stand bookshelf table bench desk
2234,2234,/home/udays/geometric_deep_learning/data/processed/tv_stand/test/tv_stand_0274.npz,36,tv_stand,36,tv_stand,1,0.893247,36 23 4 33 12,tv_stand night_stand bookshelf table desk
2235,2235,/home/udays/geometric_deep_learning/data/processed/tv_stand/test/tv_stand_0275.npz,36,tv_stand,36,tv_stand,1,0.884850,36 4 30 2 3,tv_stand bookshelf sofa bed bench
2236,2236,/home/udays/geometric_deep_learning/data/processed/tv_stand/test/tv_stand_0276.npz,36,tv_stand,3,bench,0,0.454583,3 36 33 2 4,bench tv_stand table bed bookshelf
2237,2237,/home/udays/geometric_deep_learning/data/processed/tv_stand/test/tv_stand_0277.npz,36,tv_stand,36,tv_stand,1,0.966744,36 4 12 14 23,tv_stand bookshelf desk dresser night_stand
2238,2238,/home/udays/geometric_deep_learning/data/processed/tv_stand/test/tv_stand_0278.npz,36,tv_stand,36,tv_stand,1,0.655321,36 3 33 18 4,tv_stand bench table keyboard bookshelf
2239,2239,/home/udays/geometric_deep_learning/data/processed/tv_stand/test/tv_stand_0279.npz,36,tv_stand,3,bench,0,0.578765,3 36 2 33 18,bench tv_stand bed table keyboard
2240,2240,/home/udays/geometric_deep_learning/data/processed/tv_stand/test/tv_stand_0280.npz,36,tv_stand,36,tv_stand,1,0.970531,36 4 33 23 3,tv_stand bookshelf table night_stand bench
2241,2241,/home/udays/geometric_deep_learning/data/processed/tv_stand/test/tv_stand_0281.npz,36,tv_stand,36,tv_stand,1,0.995365,36 33 12 16 27,tv_stand table desk glass_box radio
2242,2242,/home/udays/geometric_deep_learning/data/processed/tv_stand/test/tv_stand_0282.npz,36,tv_stand,36,tv_stand,1,0.908036,36 3 33 18 4,tv_stand bench table keyboard bookshelf
2243,2243,/home/udays/geometric_deep_learning/data/processed/tv_stand/test/tv_stand_0283.npz,36,tv_stand,36,tv_stand,1,0.676816,36 3 4 21 30,tv_stand bench bookshelf mantel sofa
2244,2244,/home/udays/geometric_deep_learning/data/processed/tv_stand/test/tv_stand_0284.npz,36,tv_stand,36,tv_stand,1,0.961463,36 33 3 4 12,tv_stand table bench bookshelf desk
2245,2245,/home/udays/geometric_deep_learning/data/processed/tv_stand/test/tv_stand_0285.npz,36,tv_stand,36,tv_stand,1,0.964138,36 23 4 33 14,tv_stand night_stand bookshelf table dresser
2246,2246,/home/udays/geometric_deep_learning/data/processed/tv_stand/test/tv_stand_0286.npz,36,tv_stand,36,tv_stand,1,0.636977,36 3 27 33 16,tv_stand bench radio table glass_box
2247,2247,/home/udays/geometric_deep_learning/data/processed/tv_stand/test/tv_stand_0287.npz,36,tv_stand,36,tv_stand,1,0.996718,36 4 33 3 23,tv_stand bookshelf table bench night_stand
2248,2248,/home/udays/geometric_deep_learning/data/processed/tv_stand/test/tv_stand_0288.npz,36,tv_stand,36,tv_stand,1,0.757963,36 12 33 3 4,tv_stand desk table bench bookshelf
2249,2249,/home/udays/geometric_deep_learning/data/processed/tv_stand/test/tv_stand_0289.npz,36,tv_stand,36,tv_stand,1,0.860735,36 4 3 33 18,tv_stand bookshelf bench table keyboard
2250,2250,/home/udays/geometric_deep_learning/data/processed/tv_stand/test/tv_stand_0290.npz,36,tv_stand,36,tv_stand,1,0.652769,36 4 23 14 27,tv_stand bookshelf night_stand dresser radio
2251,2251,/home/udays/geometric_deep_learning/data/processed/tv_stand/test/tv_stand_0291.npz,36,tv_stand,36,tv_stand,1,0.983746,36 4 33 23 12,tv_stand bookshelf table night_stand desk
2252,2252,/home/udays/geometric_deep_learning/data/processed/tv_stand/test/tv_stand_0292.npz,36,tv_stand,36,tv_stand,1,0.985747,36 4 12 33 14,tv_stand bookshelf desk table dresser
2253,2253,/home/udays/geometric_deep_learning/data/processed/tv_stand/test/tv_stand_0293.npz,36,tv_stand,36,tv_stand,1,0.772725,36 4 3 30 12,tv_stand bookshelf bench sofa desk
2254,2254,/home/udays/geometric_deep_learning/data/processed/tv_stand/test/tv_stand_0294.npz,36,tv_stand,36,tv_stand,1,0.974165,36 4 3 33 27,tv_stand bookshelf bench table radio
2255,2255,/home/udays/geometric_deep_learning/data/processed/tv_stand/test/tv_stand_0295.npz,36,tv_stand,36,tv_stand,1,0.980393,36 33 4 27 16,tv_stand table bookshelf radio glass_box
2256,2256,/home/udays/geometric_deep_learning/data/processed/tv_stand/test/tv_stand_0296.npz,36,tv_stand,1,bathtub,0,0.727864,1 2 29 16 10,bathtub bed sink glass_box cup
2257,2257,/home/udays/geometric_deep_learning/data/processed/tv_stand/test/tv_stand_0297.npz,36,tv_stand,36,tv_stand,1,0.996659,36 4 33 3 27,tv_stand bookshelf table bench radio
2258,2258,/home/udays/geometric_deep_learning/data/processed/tv_stand/test/tv_stand_0298.npz,36,tv_stand,36,tv_stand,1,0.987534,36 4 33 3 14,tv_stand bookshelf table bench dresser
2259,2259,/home/udays/geometric_deep_learning/data/processed/tv_stand/test/tv_stand_0299.npz,36,tv_stand,36,tv_stand,1,0.780519,36 3 4 18 33,tv_stand bench bookshelf keyboard table
2260,2260,/home/udays/geometric_deep_learning/data/processed/tv_stand/test/tv_stand_0300.npz,36,tv_stand,36,tv_stand,1,0.713273,36 3 33 4 27,tv_stand bench table bookshelf radio
2261,2261,/home/udays/geometric_deep_learning/data/processed/tv_stand/test/tv_stand_0301.npz,36,tv_stand,36,tv_stand,1,0.990877,36 4 12 33 21,tv_stand bookshelf desk table mantel
2262,2262,/home/udays/geometric_deep_learning/data/processed/tv_stand/test/tv_stand_0302.npz,36,tv_stand,36,tv_stand,1,0.709768,36 33 3 18 4,tv_stand table bench keyboard bookshelf
2263,2263,/home/udays/geometric_deep_learning/data/processed/tv_stand/test/tv_stand_0303.npz,36,tv_stand,36,tv_stand,1,0.943109,36 3 4 33 30,tv_stand bench bookshelf table sofa
2264,2264,/home/udays/geometric_deep_learning/data/processed/tv_stand/test/tv_stand_0304.npz,36,tv_stand,36,tv_stand,1,0.997583,36 4 33 3 27,tv_stand bookshelf table bench radio
2265,2265,/home/udays/geometric_deep_learning/data/processed/tv_stand/test/tv_stand_0305.npz,36,tv_stand,36,tv_stand,1,0.997600,36 33 4 3 27,tv_stand table bookshelf bench radio
2266,2266,/home/udays/geometric_deep_learning/data/processed/tv_stand/test/tv_stand_0306.npz,36,tv_stand,36,tv_stand,1,0.851286,36 4 14 3 21,tv_stand bookshelf dresser bench mantel
2267,2267,/home/udays/geometric_deep_learning/data/processed/tv_stand/test/tv_stand_0307.npz,36,tv_stand,3,bench,0,0.461336,3 36 33 2 18,bench tv_stand table bed keyboard
2268,2268,/home/udays/geometric_deep_learning/data/processed/tv_stand/test/tv_stand_0308.npz,36,tv_stand,36,tv_stand,1,0.973815,36 4 3 33 27,tv_stand bookshelf bench table radio
2269,2269,/home/udays/geometric_deep_learning/data/processed/tv_stand/test/tv_stand_0309.npz,36,tv_stand,36,tv_stand,1,0.511567,36 4 3 12 33,tv_stand bookshelf bench desk table
2270,2270,/home/udays/geometric_deep_learning/data/processed/tv_stand/test/tv_stand_0310.npz,36,tv_stand,36,tv_stand,1,0.971941,36 4 23 33 12,tv_stand bookshelf night_stand table desk
2271,2271,/home/udays/geometric_deep_learning/data/processed/tv_stand/test/tv_stand_0311.npz,36,tv_stand,36,tv_stand,1,0.708078,36 4 23 12 14,tv_stand bookshelf night_stand desk dresser
2272,2272,/home/udays/geometric_deep_learning/data/processed/tv_stand/test/tv_stand_0312.npz,36,tv_stand,36,tv_stand,1,0.998674,36 33 4 27 12,tv_stand table bookshelf radio desk
2273,2273,/home/udays/geometric_deep_learning/data/processed/tv_stand/test/tv_stand_0313.npz,36,tv_stand,36,tv_stand,1,0.892036,36 4 12 3 2,tv_stand bookshelf desk bench bed
2274,2274,/home/udays/geometric_deep_learning/data/processed/tv_stand/test/tv_stand_0314.npz,36,tv_stand,27,radio,0,0.465755,27 36 16 3 14,radio tv_stand glass_box bench dresser
2275,2275,/home/udays/geometric_deep_learning/data/processed/tv_stand/test/tv_stand_0315.npz,36,tv_stand,36,tv_stand,1,0.989212,36 33 4 16 27,tv_stand table bookshelf glass_box radio
2276,2276,/home/udays/geometric_deep_learning/data/processed/tv_stand/test/tv_stand_0316.npz,36,tv_stand,36,tv_stand,1,0.996205,36 4 14 33 23,tv_stand bookshelf dresser table night_stand
2277,2277,/home/udays/geometric_deep_learning/data/processed/tv_stand/test/tv_stand_0317.npz,36,tv_stand,36,tv_stand,1,0.995113,36 33 4 23 12,tv_stand table bookshelf night_stand desk
2278,2278,/home/udays/geometric_deep_learning/data/processed/tv_stand/test/tv_stand_0318.npz,36,tv_stand,4,bookshelf,0,0.497855,4 36 38 27 14,bookshelf tv_stand wardrobe radio dresser
2279,2279,/home/udays/geometric_deep_learning/data/processed/tv_stand/test/tv_stand_0319.npz,36,tv_stand,36,tv_stand,1,0.873478,36 3 33 4 27,tv_stand bench table bookshelf radio
2280,2280,/home/udays/geometric_deep_learning/data/processed/tv_stand/test/tv_stand_0320.npz,36,tv_stand,36,tv_stand,1,0.891245,36 27 14 4 16,tv_stand radio dresser bookshelf glass_box
2281,2281,/home/udays/geometric_deep_learning/data/processed/tv_stand/test/tv_stand_0321.npz,36,tv_stand,36,tv_stand,1,0.997572,36 4 33 27 3,tv_stand bookshelf table radio bench
2282,2282,/home/udays/geometric_deep_learning/data/processed/tv_stand/test/tv_stand_0322.npz,36,tv_stand,36,tv_stand,1,0.993855,36 4 3 33 27,tv_stand bookshelf bench table radio
2283,2283,/home/udays/geometric_deep_learning/data/processed/tv_stand/test/tv_stand_0323.npz,36,tv_stand,36,tv_stand,1,0.943997,36 4 14 16 27,tv_stand bookshelf dresser glass_box radio
2284,2284,/home/udays/geometric_deep_learning/data/processed/tv_stand/test/tv_stand_0324.npz,36,tv_stand,36,tv_stand,1,0.879885,36 4 28 21 27,tv_stand bookshelf range_hood mantel radio
2285,2285,/home/udays/geometric_deep_learning/data/processed/tv_stand/test/tv_stand_0325.npz,36,tv_stand,36,tv_stand,1,0.985835,36 33 4 12 3,tv_stand table bookshelf desk bench
2286,2286,/home/udays/geometric_deep_learning/data/processed/tv_stand/test/tv_stand_0326.npz,36,tv_stand,36,tv_stand,1,0.963201,36 12 33 3 27,tv_stand desk table bench radio
2287,2287,/home/udays/geometric_deep_learning/data/processed/tv_stand/test/tv_stand_0327.npz,36,tv_stand,36,tv_stand,1,0.857645,36 14 23 4 16,tv_stand dresser night_stand bookshelf glass_box
2288,2288,/home/udays/geometric_deep_learning/data/processed/tv_stand/test/tv_stand_0328.npz,36,tv_stand,36,tv_stand,1,0.989298,36 4 3 33 12,tv_stand bookshelf bench table desk
2289,2289,/home/udays/geometric_deep_learning/data/processed/tv_stand/test/tv_stand_0329.npz,36,tv_stand,4,bookshelf,0,0.905592,4 36 38 14 23,bookshelf tv_stand wardrobe dresser night_stand
2290,2290,/home/udays/geometric_deep_learning/data/processed/tv_stand/test/tv_stand_0330.npz,36,tv_stand,36,tv_stand,1,0.976796,36 4 3 33 27,tv_stand bookshelf bench table radio
2291,2291,/home/udays/geometric_deep_learning/data/processed/tv_stand/test/tv_stand_0331.npz,36,tv_stand,36,tv_stand,1,0.959941,36 27 4 3 16,tv_stand radio bookshelf bench glass_box
2292,2292,/home/udays/geometric_deep_learning/data/processed/tv_stand/test/tv_stand_0332.npz,36,tv_stand,36,tv_stand,1,0.977007,36 4 3 33 30,tv_stand bookshelf bench table sofa
2293,2293,/home/udays/geometric_deep_learning/data/processed/tv_stand/test/tv_stand_0333.npz,36,tv_stand,36,tv_stand,1,0.981381,36 4 3 33 27,tv_stand bookshelf bench table radio
2294,2294,/home/udays/geometric_deep_learning/data/processed/tv_stand/test/tv_stand_0334.npz,36,tv_stand,36,tv_stand,1,0.870982,36 27 3 16 33,tv_stand radio bench glass_box table
2295,2295,/home/udays/geometric_deep_learning/data/processed/tv_stand/test/tv_stand_0335.npz,36,tv_stand,36,tv_stand,1,0.715990,36 27 33 16 3,tv_stand radio table glass_box bench
2296,2296,/home/udays/geometric_deep_learning/data/processed/tv_stand/test/tv_stand_0336.npz,36,tv_stand,16,glass_box,0,0.576428,16 36 27 14 21,glass_box tv_stand radio dresser mantel
2297,2297,/home/udays/geometric_deep_learning/data/processed/tv_stand/test/tv_stand_0337.npz,36,tv_stand,36,tv_stand,1,0.456272,36 27 29 33 3,tv_stand radio sink table bench
2298,2298,/home/udays/geometric_deep_learning/data/processed/tv_stand/test/tv_stand_0338.npz,36,tv_stand,36,tv_stand,1,0.929291,36 4 23 14 27,tv_stand bookshelf night_stand dresser radio
2299,2299,/home/udays/geometric_deep_learning/data/processed/tv_stand/test/tv_stand_0339.npz,36,tv_stand,36,tv_stand,1,0.915583,36 3 4 33 30,tv_stand bench bookshelf table sofa
2300,2300,/home/udays/geometric_deep_learning/data/processed/tv_stand/test/tv_stand_0340.npz,36,tv_stand,36,tv_stand,1,0.991702,36 12 4 21 33,tv_stand desk bookshelf mantel table
2301,2301,/home/udays/geometric_deep_learning/data/processed/tv_stand/test/tv_stand_0341.npz,36,tv_stand,36,tv_stand,1,0.975791,36 4 33 3 27,tv_stand bookshelf table bench radio
2302,2302,/home/udays/geometric_deep_learning/data/processed/tv_stand/test/tv_stand_0342.npz,36,tv_stand,14,dresser,0,0.506456,14 23 36 27 4,dresser night_stand tv_stand radio bookshelf
2303,2303,/home/udays/geometric_deep_learning/data/processed/tv_stand/test/tv_stand_0343.npz,36,tv_stand,36,tv_stand,1,0.963051,36 3 4 33 18,tv_stand bench bookshelf table keyboard
2304,2304,/home/udays/geometric_deep_learning/data/processed/tv_stand/test/tv_stand_0344.npz,36,tv_stand,36,tv_stand,1,0.947963,36 4 12 23 33,tv_stand bookshelf desk night_stand table
2305,2305,/home/udays/geometric_deep_learning/data/processed/tv_stand/test/tv_stand_0345.npz,36,tv_stand,36,tv_stand,1,0.996309,36 4 33 3 18,tv_stand bookshelf table bench keyboard
2306,2306,/home/udays/geometric_deep_learning/data/processed/tv_stand/test/tv_stand_0346.npz,36,tv_stand,36,tv_stand,1,0.855530,36 4 3 27 33,tv_stand bookshelf bench radio table
2307,2307,/home/udays/geometric_deep_learning/data/processed/tv_stand/test/tv_stand_0347.npz,36,tv_stand,16,glass_box,0,0.936909,16 36 27 14 21,glass_box tv_stand radio dresser mantel
2308,2308,/home/udays/geometric_deep_learning/data/processed/tv_stand/test/tv_stand_0348.npz,36,tv_stand,36,tv_stand,1,0.618565,36 4 3 33 31,tv_stand bookshelf bench table stairs
2309,2309,/home/udays/geometric_deep_learning/data/processed/tv_stand/test/tv_stand_0349.npz,36,tv_stand,36,tv_stand,1,0.975499,36 23 4 33 14,tv_stand night_stand bookshelf table dresser
2310,2310,/home/udays/geometric_deep_learning/data/processed/tv_stand/test/tv_stand_0350.npz,36,tv_stand,36,tv_stand,1,0.820321,36 12 4 21 23,tv_stand desk bookshelf mantel night_stand
2311,2311,/home/udays/geometric_deep_learning/data/processed/tv_stand/test/tv_stand_0351.npz,36,tv_stand,14,dresser,0,0.643855,14 23 36 27 16,dresser night_stand tv_stand radio glass_box
2312,2312,/home/udays/geometric_deep_learning/data/processed/tv_stand/test/tv_stand_0352.npz,36,tv_stand,23,night_stand,0,0.342331,23 36 14 27 16,night_stand tv_stand dresser radio glass_box
2313,2313,/home/udays/geometric_deep_learning/data/processed/tv_stand/test/tv_stand_0353.npz,36,tv_stand,36,tv_stand,1,0.970457,36 4 3 33 27,tv_stand bookshelf bench table radio
2314,2314,/home/udays/geometric_deep_learning/data/processed/tv_stand/test/tv_stand_0354.npz,36,tv_stand,36,tv_stand,1,0.613121,36 14 4 38 27,tv_stand dresser bookshelf wardrobe radio
2315,2315,/home/udays/geometric_deep_learning/data/processed/tv_stand/test/tv_stand_0355.npz,36,tv_stand,36,tv_stand,1,0.372207,36 21 27 14 4,tv_stand mantel radio dresser bookshelf
2316,2316,/home/udays/geometric_deep_learning/data/processed/tv_stand/test/tv_stand_0356.npz,36,tv_stand,36,tv_stand,1,0.890147,36 4 14 23 27,tv_stand bookshelf dresser night_stand radio
2317,2317,/home/udays/geometric_deep_learning/data/processed/tv_stand/test/tv_stand_0357.npz,36,tv_stand,36,tv_stand,1,0.768496,36 14 27 4 3,tv_stand dresser radio bookshelf bench
2318,2318,/home/udays/geometric_deep_learning/data/processed/tv_stand/test/tv_stand_0358.npz,36,tv_stand,36,tv_stand,1,0.969998,36 12 3 4 33,tv_stand desk bench bookshelf table
2319,2319,/home/udays/geometric_deep_learning/data/processed/tv_stand/test/tv_stand_0359.npz,36,tv_stand,36,tv_stand,1,0.936081,36 4 12 21 3,tv_stand bookshelf desk mantel bench
2320,2320,/home/udays/geometric_deep_learning/data/processed/tv_stand/test/tv_stand_0360.npz,36,tv_stand,36,tv_stand,1,0.849126,36 27 3 33 16,tv_stand radio bench table glass_box
2321,2321,/home/udays/geometric_deep_learning/data/processed/tv_stand/test/tv_stand_0361.npz,36,tv_stand,3,bench,0,0.423824,3 36 33 27 2,bench tv_stand table radio bed
2322,2322,/home/udays/geometric_deep_learning/data/processed/tv_stand/test/tv_stand_0362.npz,36,tv_stand,23,night_stand,0,0.866571,23 36 14 4 33,night_stand tv_stand dresser bookshelf table
2323,2323,/home/udays/geometric_deep_learning/data/processed/tv_stand/test/tv_stand_0363.npz,36,tv_stand,36,tv_stand,1,0.927058,36 4 14 12 30,tv_stand bookshelf dresser desk sofa
2324,2324,/home/udays/geometric_deep_learning/data/processed/tv_stand/test/tv_stand_0364.npz,36,tv_stand,36,tv_stand,1,0.697774,36 3 27 33 14,tv_stand bench radio table dresser
2325,2325,/home/udays/geometric_deep_learning/data/processed/tv_stand/test/tv_stand_0365.npz,36,tv_stand,36,tv_stand,1,0.937188,36 4 12 23 27,tv_stand bookshelf desk night_stand radio
2326,2326,/home/udays/geometric_deep_learning/data/processed/tv_stand/test/tv_stand_0366.npz,36,tv_stand,36,tv_stand,1,0.755328,36 33 3 27 18,tv_stand table bench radio keyboard
2327,2327,/home/udays/geometric_deep_learning/data/processed/tv_stand/test/tv_stand_0367.npz,36,tv_stand,36,tv_stand,1,0.943293,36 33 3 12 4,tv_stand table bench desk bookshelf
2328,2328,/home/udays/geometric_deep_learning/data/processed/vase/test/vase_0476.npz,37,vase,37,vase,1,0.927597,37 15 10 5 32,vase flower_pot cup bottle stool
2329,2329,/home/udays/geometric_deep_learning/data/processed/vase/test/vase_0477.npz,37,vase,37,vase,1,0.957195,37 15 5 10 27,vase flower_pot bottle cup radio
2330,2330,/home/udays/geometric_deep_learning/data/processed/vase/test/vase_0478.npz,37,vase,37,vase,1,0.961961,37 15 10 5 26,vase flower_pot cup bottle plant
2331,2331,/home/udays/geometric_deep_learning/data/processed/vase/test/vase_0479.npz,37,vase,37,vase,1,0.878452,37 15 10 5 6,vase flower_pot cup bottle bowl
2332,2332,/home/udays/geometric_deep_learning/data/processed/vase/test/vase_0480.npz,37,vase,10,cup,0,0.533477,10 37 15 6 5,cup vase flower_pot bowl bottle
2333,2333,/home/udays/geometric_deep_learning/data/processed/vase/test/vase_0481.npz,37,vase,37,vase,1,0.460396,37 15 26 10 5,vase flower_pot plant cup bottle
2334,2334,/home/udays/geometric_deep_learning/data/processed/vase/test/vase_0482.npz,37,vase,37,vase,1,0.926852,37 15 5 10 26,vase flower_pot bottle cup plant
2335,2335,/home/udays/geometric_deep_learning/data/processed/vase/test/vase_0483.npz,37,vase,37,vase,1,0.940766,37 15 5 26 10,vase flower_pot bottle plant cup
2336,2336,/home/udays/geometric_deep_learning/data/processed/vase/test/vase_0484.npz,37,vase,37,vase,1,0.779933,37 15 10 5 11,vase flower_pot cup bottle curtain
2337,2337,/home/udays/geometric_deep_learning/data/processed/vase/test/vase_0485.npz,37,vase,37,vase,1,0.483836,37 6 15 34 1,vase bowl flower_pot tent bathtub
2338,2338,/home/udays/geometric_deep_learning/data/processed/vase/test/vase_0486.npz,37,vase,37,vase,1,0.780747,37 15 10 19 5,vase flower_pot cup lamp bottle
2339,2339,/home/udays/geometric_deep_learning/data/processed/vase/test/vase_0487.npz,37,vase,37,vase,1,0.805358,37 5 15 26 10,vase bottle flower_pot plant cup
2340,2340,/home/udays/geometric_deep_learning/data/processed/vase/test/vase_0488.npz,37,vase,37,vase,1,0.913123,37 15 5 10 27,vase flower_pot bottle cup radio
2341,2341,/home/udays/geometric_deep_learning/data/processed/vase/test/vase_0489.npz,37,vase,37,vase,1,0.931143,37 15 5 10 26,vase flower_pot bottle cup plant
2342,2342,/home/udays/geometric_deep_learning/data/processed/vase/test/vase_0490.npz,37,vase,10,cup,0,0.374976,10 37 15 6 5,cup vase flower_pot bowl bottle
2343,2343,/home/udays/geometric_deep_learning/data/processed/vase/test/vase_0491.npz,37,vase,37,vase,1,0.952528,37 15 10 26 5,vase flower_pot cup plant bottle
2344,2344,/home/udays/geometric_deep_learning/data/processed/vase/test/vase_0492.npz,37,vase,37,vase,1,0.962545,37 15 10 5 26,vase flower_pot cup bottle plant
2345,2345,/home/udays/geometric_deep_learning/data/processed/vase/test/vase_0493.npz,37,vase,37,vase,1,0.922466,37 15 10 26 5,vase flower_pot cup plant bottle
2346,2346,/home/udays/geometric_deep_learning/data/processed/vase/test/vase_0494.npz,37,vase,5,bottle,0,0.862625,5 37 9 24 15,bottle vase cone person flower_pot
2347,2347,/home/udays/geometric_deep_learning/data/processed/vase/test/vase_0495.npz,37,vase,37,vase,1,0.690548,37 15 10 5 19,vase flower_pot cup bottle lamp
2348,2348,/home/udays/geometric_deep_learning/data/processed/vase/test/vase_0496.npz,37,vase,37,vase,1,0.924384,37 15 10 5 6,vase flower_pot cup bottle bowl
2349,2349,/home/udays/geometric_deep_learning/data/processed/vase/test/vase_0497.npz,37,vase,37,vase,1,0.926848,37 15 10 5 19,vase flower_pot cup bottle lamp
2350,2350,/home/udays/geometric_deep_learning/data/processed/vase/test/vase_0498.npz,37,vase,15,flower_pot,0,0.610936,15 37 10 6 35,flower_pot vase cup bowl toilet
2351,2351,/home/udays/geometric_deep_learning/data/processed/vase/test/vase_0499.npz,37,vase,37,vase,1,0.944033,37 15 5 10 26,vase flower_pot bottle cup plant
2352,2352,/home/udays/geometric_deep_learning/data/processed/vase/test/vase_0500.npz,37,vase,37,vase,1,0.968674,37 15 10 5 26,vase flower_pot cup bottle plant
2353,2353,/home/udays/geometric_deep_learning/data/processed/vase/test/vase_0501.npz,37,vase,37,vase,1,0.892345,37 15 10 5 6,vase flower_pot cup bottle bowl
2354,2354,/home/udays/geometric_deep_learning/data/processed/vase/test/vase_0502.npz,37,vase,37,vase,1,0.969573,37 15 5 10 26,vase flower_pot bottle cup plant
2355,2355,/home/udays/geometric_deep_learning/data/processed/vase/test/vase_0503.npz,37,vase,37,vase,1,0.975277,37 15 5 10 26,vase flower_pot bottle cup plant
2356,2356,/home/udays/geometric_deep_learning/data/processed/vase/test/vase_0504.npz,37,vase,37,vase,1,0.962502,37 15 5 10 6,vase flower_pot bottle cup bowl
2357,2357,/home/udays/geometric_deep_learning/data/processed/vase/test/vase_0505.npz,37,vase,37,vase,1,0.792822,37 32 15 33 9,vase stool flower_pot table cone
2358,2358,/home/udays/geometric_deep_learning/data/processed/vase/test/vase_0506.npz,37,vase,37,vase,1,0.895549,37 15 14 5 27,vase flower_pot dresser bottle radio
2359,2359,/home/udays/geometric_deep_learning/data/processed/vase/test/vase_0507.npz,37,vase,37,vase,1,0.947220,37 15 10 5 26,vase flower_pot cup bottle plant
2360,2360,/home/udays/geometric_deep_learning/data/processed/vase/test/vase_0508.npz,37,vase,37,vase,1,0.718104,37 15 5 26 19,vase flower_pot bottle plant lamp
2361,2361,/home/udays/geometric_deep_learning/data/processed/vase/test/vase_0509.npz,37,vase,37,vase,1,0.968702,37 15 5 10 26,vase flower_pot bottle cup plant
2362,2362,/home/udays/geometric_deep_learning/data/processed/vase/test/vase_0510.npz,37,vase,37,vase,1,0.939289,37 15 26 10 19,vase flower_pot plant cup lamp
2363,2363,/home/udays/geometric_deep_learning/data/processed/vase/test/vase_0511.npz,37,vase,37,vase,1,0.859843,37 15 5 10 11,vase flower_pot bottle cup curtain
2364,2364,/home/udays/geometric_deep_learning/data/processed/vase/test/vase_0512.npz,37,vase,37,vase,1,0.945513,37 15 10 5 26,vase flower_pot cup bottle plant
2365,2365,/home/udays/geometric_deep_learning/data/processed/vase/test/vase_0513.npz,37,vase,26,plant,0,0.771295,26 15 24 37 4,plant flower_pot person vase bookshelf
2366,2366,/home/udays/geometric_deep_learning/data/processed/vase/test/vase_0514.npz,37,vase,37,vase,1,0.967714,37 15 10 5 9,vase flower_pot cup bottle cone
2367,2367,/home/udays/geometric_deep_learning/data/processed/vase/test/vase_0515.npz,37,vase,37,vase,1,0.959310,37 15 5 35 10,vase flower_pot bottle toilet cup
2368,2368,/home/udays/geometric_deep_learning/data/processed/vase/test/vase_0516.npz,37,vase,37,vase,1,0.577924,37 15 26 10 22,vase flower_pot plant cup monitor
2369,2369,/home/udays/geometric_deep_learning/data/processed/vase/test/vase_0517.npz,37,vase,37,vase,1,0.885310,37 15 10 5 26,vase flower_pot cup bottle plant
2370,2370,/home/udays/geometric_deep_learning/data/processed/vase/test/vase_0518.npz,37,vase,37,vase,1,0.975869,37 15 5 10 26,vase flower_pot bottle cup plant
2371,2371,/home/udays/geometric_deep_learning/data/processed/vase/test/vase_0519.npz,37,vase,37,vase,1,0.851869,37 15 10 19 26,vase flower_pot cup lamp plant
2372,2372,/home/udays/geometric_deep_learning/data/processed/vase/test/vase_0520.npz,37,vase,37,vase,1,0.937745,37 15 5 10 26,vase flower_pot bottle cup plant
2373,2373,/home/udays/geometric_deep_learning/data/processed/vase/test/vase_0521.npz,37,vase,37,vase,1,0.976238,37 15 5 10 9,vase flower_pot bottle cup cone
2374,2374,/home/udays/geometric_deep_learning/data/processed/vase/test/vase_0522.npz,37,vase,37,vase,1,0.757708,37 5 15 10 26,vase bottle flower_pot cup plant
2375,2375,/home/udays/geometric_deep_learning/data/processed/vase/test/vase_0523.npz,37,vase,15,flower_pot,0,0.686815,15 10 37 35 6,flower_pot cup vase toilet bowl
2376,2376,/home/udays/geometric_deep_learning/data/processed/vase/test/vase_0524.npz,37,vase,37,vase,1,0.930709,37 15 10 5 26,vase flower_pot cup bottle plant
2377,2377,/home/udays/geometric_deep_learning/data/processed/vase/test/vase_0525.npz,37,vase,37,vase,1,0.928538,37 15 5 10 26,vase flower_pot bottle cup plant
2378,2378,/home/udays/geometric_deep_learning/data/processed/vase/test/vase_0526.npz,37,vase,37,vase,1,0.830664,37 15 10 5 6,vase flower_pot cup bottle bowl
2379,2379,/home/udays/geometric_deep_learning/data/processed/vase/test/vase_0527.npz,37,vase,37,vase,1,0.915896,37 15 10 5 26,vase flower_pot cup bottle plant
2380,2380,/home/udays/geometric_deep_learning/data/processed/vase/test/vase_0528.npz,37,vase,10,cup,0,0.515515,10 15 37 19 6,cup flower_pot vase lamp bowl
2381,2381,/home/udays/geometric_deep_learning/data/processed/vase/test/vase_0529.npz,37,vase,37,vase,1,0.779009,37 15 10 5 6,vase flower_pot cup bottle bowl
2382,2382,/home/udays/geometric_deep_learning/data/processed/vase/test/vase_0530.npz,37,vase,37,vase,1,0.843422,37 15 5 38 14,vase flower_pot bottle wardrobe dresser
2383,2383,/home/udays/geometric_deep_learning/data/processed/vase/test/vase_0531.npz,37,vase,37,vase,1,0.529711,37 10 15 5 19,vase cup flower_pot bottle lamp
2384,2384,/home/udays/geometric_deep_learning/data/processed/vase/test/vase_0532.npz,37,vase,37,vase,1,0.979439,37 15 10 5 26,vase flower_pot cup bottle plant
2385,2385,/home/udays/geometric_deep_learning/data/processed/vase/test/vase_0533.npz,37,vase,37,vase,1,0.979359,37 15 10 5 26,vase flower_pot cup bottle plant
2386,2386,/home/udays/geometric_deep_learning/data/processed/vase/test/vase_0534.npz,37,vase,15,flower_pot,0,0.318224,15 10 6 37 16,flower_pot cup bowl vase glass_box
2387,2387,/home/udays/geometric_deep_learning/data/processed/vase/test/vase_0535.npz,37,vase,37,vase,1,0.867815,37 15 5 26 10,vase flower_pot bottle plant cup
2388,2388,/home/udays/geometric_deep_learning/data/processed/vase/test/vase_0536.npz,37,vase,37,vase,1,0.542035,37 10 15 9 19,vase cup flower_pot cone lamp
2389,2389,/home/udays/geometric_deep_learning/data/processed/vase/test/vase_0537.npz,37,vase,10,cup,0,0.515102,10 15 37 6 1,cup flower_pot vase bowl bathtub
2390,2390,/home/udays/geometric_deep_learning/data/processed/vase/test/vase_0538.npz,37,vase,37,vase,1,0.923806,37 15 10 5 26,vase flower_pot cup bottle plant
2391,2391,/home/udays/geometric_deep_learning/data/processed/vase/test/vase_0539.npz,37,vase,37,vase,1,0.963794,37 15 5 10 26,vase flower_pot bottle cup plant
2392,2392,/home/udays/geometric_deep_learning/data/processed/vase/test/vase_0540.npz,37,vase,37,vase,1,0.932167,37 15 10 5 26,vase flower_pot cup bottle plant
2393,2393,/home/udays/geometric_deep_learning/data/processed/vase/test/vase_0541.npz,37,vase,37,vase,1,0.975424,37 15 5 10 26,vase flower_pot bottle cup plant
2394,2394,/home/udays/geometric_deep_learning/data/processed/vase/test/vase_0542.npz,37,vase,37,vase,1,0.917089,37 15 10 5 26,vase flower_pot cup bottle plant
2395,2395,/home/udays/geometric_deep_learning/data/processed/vase/test/vase_0543.npz,37,vase,37,vase,1,0.504469,37 10 15 19 6,vase cup flower_pot lamp bowl
2396,2396,/home/udays/geometric_deep_learning/data/processed/vase/test/vase_0544.npz,37,vase,37,vase,1,0.878118,37 5 15 10 19,vase bottle flower_pot cup lamp
2397,2397,/home/udays/geometric_deep_learning/data/processed/vase/test/vase_0545.npz,37,vase,37,vase,1,0.792408,37 15 10 6 26,vase flower_pot cup bowl plant
2398,2398,/home/udays/geometric_deep_learning/data/processed/vase/test/vase_0546.npz,37,vase,37,vase,1,0.943628,37 15 5 26 10,vase flower_pot bottle plant cup
2399,2399,/home/udays/geometric_deep_learning/data/processed/vase/test/vase_0547.npz,37,vase,37,vase,1,0.700222,37 15 10 19 26,vase flower_pot cup lamp plant
2400,2400,/home/udays/geometric_deep_learning/data/processed/vase/test/vase_0548.npz,37,vase,10,cup,0,0.742822,10 15 37 6 19,cup flower_pot vase bowl lamp
2401,2401,/home/udays/geometric_deep_learning/data/processed/vase/test/vase_0549.npz,37,vase,37,vase,1,0.969501,37 15 5 10 26,vase flower_pot bottle cup plant
2402,2402,/home/udays/geometric_deep_learning/data/processed/vase/test/vase_0550.npz,37,vase,37,vase,1,0.938161,37 15 10 5 26,vase flower_pot cup bottle plant
2403,2403,/home/udays/geometric_deep_learning/data/processed/vase/test/vase_0551.npz,37,vase,10,cup,0,0.424882,10 15 37 6 22,cup flower_pot vase bowl monitor
2404,2404,/home/udays/geometric_deep_learning/data/processed/vase/test/vase_0552.npz,37,vase,37,vase,1,0.972110,37 15 10 26 19,vase flower_pot cup plant lamp
2405,2405,/home/udays/geometric_deep_learning/data/processed/vase/test/vase_0553.npz,37,vase,37,vase,1,0.402238,37 6 15 35 10,vase bowl flower_pot toilet cup
2406,2406,/home/udays/geometric_deep_learning/data/processed/vase/test/vase_0554.npz,37,vase,37,vase,1,0.965587,37 15 5 10 26,vase flower_pot bottle cup plant
2407,2407,/home/udays/geometric_deep_learning/data/processed/vase/test/vase_0555.npz,37,vase,37,vase,1,0.859085,37 15 10 5 26,vase flower_pot cup bottle plant
2408,2408,/home/udays/geometric_deep_learning/data/processed/vase/test/vase_0556.npz,37,vase,37,vase,1,0.952434,37 15 10 5 26,vase flower_pot cup bottle plant
2409,2409,/home/udays/geometric_deep_learning/data/processed/vase/test/vase_0557.npz,37,vase,28,range_hood,0,0.520773,28 37 19 31 39,range_hood vase lamp stairs xbox
2410,2410,/home/udays/geometric_deep_learning/data/processed/vase/test/vase_0558.npz,37,vase,37,vase,1,0.918785,37 15 5 10 11,vase flower_pot bottle cup curtain
2411,2411,/home/udays/geometric_deep_learning/data/processed/vase/test/vase_0559.npz,37,vase,37,vase,1,0.483868,37 15 10 6 5,vase flower_pot cup bowl bottle
2412,2412,/home/udays/geometric_deep_learning/data/processed/vase/test/vase_0560.npz,37,vase,27,radio,0,0.455416,27 6 37 15 34,radio bowl vase flower_pot tent
2413,2413,/home/udays/geometric_deep_learning/data/processed/vase/test/vase_0561.npz,37,vase,37,vase,1,0.962038,37 15 26 10 5,vase flower_pot plant cup bottle
2414,2414,/home/udays/geometric_deep_learning/data/processed/vase/test/vase_0562.npz,37,vase,37,vase,1,0.851037,37 15 10 19 26,vase flower_pot cup lamp plant
2415,2415,/home/udays/geometric_deep_learning/data/processed/vase/test/vase_0563.npz,37,vase,37,vase,1,0.900344,37 15 10 6 5,vase flower_pot cup bowl bottle
2416,2416,/home/udays/geometric_deep_learning/data/processed/vase/test/vase_0564.npz,37,vase,37,vase,1,0.945002,37 5 15 9 10,vase bottle flower_pot cone cup
2417,2417,/home/udays/geometric_deep_learning/data/processed/vase/test/vase_0565.npz,37,vase,37,vase,1,0.949723,37 15 5 10 26,vase flower_pot bottle cup plant
2418,2418,/home/udays/geometric_deep_learning/data/processed/vase/test/vase_0566.npz,37,vase,37,vase,1,0.963714,37 15 5 10 26,vase flower_pot bottle cup plant
2419,2419,/home/udays/geometric_deep_learning/data/processed/vase/test/vase_0567.npz,37,vase,37,vase,1,0.431673,37 19 15 26 10,vase lamp flower_pot plant cup
2420,2420,/home/udays/geometric_deep_learning/data/processed/vase/test/vase_0568.npz,37,vase,5,bottle,0,0.996058,5 37 24 15 9,bottle vase person flower_pot cone
2421,2421,/home/udays/geometric_deep_learning/data/processed/vase/test/vase_0569.npz,37,vase,37,vase,1,0.955739,37 15 5 10 35,vase flower_pot bottle cup toilet
2422,2422,/home/udays/geometric_deep_learning/data/processed/vase/test/vase_0570.npz,37,vase,37,vase,1,0.909758,37 15 5 10 26,vase flower_pot bottle cup plant
2423,2423,/home/udays/geometric_deep_learning/data/processed/vase/test/vase_0571.npz,37,vase,37,vase,1,0.972520,37 15 26 10 5,vase flower_pot plant cup bottle
2424,2424,/home/udays/geometric_deep_learning/data/processed/vase/test/vase_0572.npz,37,vase,37,vase,1,0.607491,37 10 15 5 19,vase cup flower_pot bottle lamp
2425,2425,/home/udays/geometric_deep_learning/data/processed/vase/test/vase_0573.npz,37,vase,37,vase,1,0.943278,37 15 5 10 26,vase flower_pot bottle cup plant
2426,2426,/home/udays/geometric_deep_learning/data/processed/vase/test/vase_0574.npz,37,vase,37,vase,1,0.969990,37 15 10 26 5,vase flower_pot cup plant bottle
2427,2427,/home/udays/geometric_deep_learning/data/processed/vase/test/vase_0575.npz,37,vase,37,vase,1,0.687507,37 15 26 10 4,vase flower_pot plant cup bookshelf
2428,2428,/home/udays/geometric_deep_learning/data/processed/wardrobe/test/wardrobe_0088.npz,38,wardrobe,38,wardrobe,1,0.783879,38 14 39 27 5,wardrobe dresser xbox radio bottle
2429,2429,/home/udays/geometric_deep_learning/data/processed/wardrobe/test/wardrobe_0089.npz,38,wardrobe,14,dresser,0,0.602046,14 38 23 27 39,dresser wardrobe night_stand radio xbox
2430,2430,/home/udays/geometric_deep_learning/data/processed/wardrobe/test/wardrobe_0090.npz,38,wardrobe,38,wardrobe,1,0.561738,38 14 23 5 4,wardrobe dresser night_stand bottle bookshelf
2431,2431,/home/udays/geometric_deep_learning/data/processed/wardrobe/test/wardrobe_0091.npz,38,wardrobe,38,wardrobe,1,0.552950,38 14 4 39 27,wardrobe dresser bookshelf xbox radio
2432,2432,/home/udays/geometric_deep_learning/data/processed/wardrobe/test/wardrobe_0092.npz,38,wardrobe,38,wardrobe,1,0.550077,38 4 39 22 14,wardrobe bookshelf xbox monitor dresser
2433,2433,/home/udays/geometric_deep_learning/data/processed/wardrobe/test/wardrobe_0093.npz,38,wardrobe,14,dresser,0,0.629153,14 38 23 39 4,dresser wardrobe night_stand xbox bookshelf
2434,2434,/home/udays/geometric_deep_learning/data/processed/wardrobe/test/wardrobe_0094.npz,38,wardrobe,14,dresser,0,0.618915,14 23 38 27 39,dresser night_stand wardrobe radio xbox
2435,2435,/home/udays/geometric_deep_learning/data/processed/wardrobe/test/wardrobe_0095.npz,38,wardrobe,4,bookshelf,0,0.966198,4 36 38 14 21,bookshelf tv_stand wardrobe dresser mantel
2436,2436,/home/udays/geometric_deep_learning/data/processed/wardrobe/test/wardrobe_0096.npz,38,wardrobe,13,door,0,0.445655,13 38 5 14 32,door wardrobe bottle dresser stool
2437,2437,/home/udays/geometric_deep_learning/data/processed/wardrobe/test/wardrobe_0097.npz,38,wardrobe,38,wardrobe,1,0.766867,38 39 14 22 4,wardrobe xbox dresser monitor bookshelf
2438,2438,/home/udays/geometric_deep_learning/data/processed/wardrobe/test/wardrobe_0098.npz,38,wardrobe,38,wardrobe,1,0.672214,38 39 14 27 4,wardrobe xbox dresser radio bookshelf
2439,2439,/home/udays/geometric_deep_learning/data/processed/wardrobe/test/wardrobe_0099.npz,38,wardrobe,38,wardrobe,1,0.786102,38 14 39 5 13,wardrobe dresser xbox bottle door
2440,2440,/home/udays/geometric_deep_learning/data/processed/wardrobe/test/wardrobe_0100.npz,38,wardrobe,38,wardrobe,1,0.527548,38 4 39 14 27,wardrobe bookshelf xbox dresser radio
2441,2441,/home/udays/geometric_deep_learning/data/processed/wardrobe/test/wardrobe_0101.npz,38,wardrobe,38,wardrobe,1,0.384730,38 4 14 36 39,wardrobe bookshelf dresser tv_stand xbox
2442,2442,/home/udays/geometric_deep_learning/data/processed/wardrobe/test/wardrobe_0102.npz,38,wardrobe,38,wardrobe,1,0.800256,38 14 39 4 27,wardrobe dresser xbox bookshelf radio
2443,2443,/home/udays/geometric_deep_learning/data/processed/wardrobe/test/wardrobe_0103.npz,38,wardrobe,38,wardrobe,1,0.684288,38 14 39 5 27,wardrobe dresser xbox bottle radio
2444,2444,/home/udays/geometric_deep_learning/data/processed/wardrobe/test/wardrobe_0104.npz,38,wardrobe,38,wardrobe,1,0.641727,38 14 5 4 39,wardrobe dresser bottle bookshelf xbox
2445,2445,/home/udays/geometric_deep_learning/data/processed/wardrobe/test/wardrobe_0105.npz,38,wardrobe,38,wardrobe,1,0.513456,38 39 14 4 27,wardrobe xbox dresser bookshelf radio
2446,2446,/home/udays/geometric_deep_learning/data/processed/wardrobe/test/wardrobe_0106.npz,38,wardrobe,38,wardrobe,1,0.673064,38 14 39 23 4,wardrobe dresser xbox night_stand bookshelf
2447,2447,/home/udays/geometric_deep_learning/data/processed/wardrobe/test/wardrobe_0107.npz,38,wardrobe,38,wardrobe,1,0.562643,38 14 4 39 23,wardrobe dresser bookshelf xbox night_stand
2448,2448,/home/udays/geometric_deep_learning/data/processed/xbox/test/xbox_0104.npz,39,xbox,39,xbox,1,0.670027,39 38 14 27 22,xbox wardrobe dresser radio monitor
2449,2449,/home/udays/geometric_deep_learning/data/processed/xbox/test/xbox_0105.npz,39,xbox,27,radio,0,0.255158,27 39 38 22 14,radio xbox wardrobe monitor dresser
2450,2450,/home/udays/geometric_deep_learning/data/processed/xbox/test/xbox_0106.npz,39,xbox,39,xbox,1,0.361091,39 27 22 38 21,xbox radio monitor wardrobe mantel
2451,2451,/home/udays/geometric_deep_learning/data/processed/xbox/test/xbox_0107.npz,39,xbox,39,xbox,1,0.689637,39 38 14 22 27,xbox wardrobe dresser monitor radio
2452,2452,/home/udays/geometric_deep_learning/data/processed/xbox/test/xbox_0108.npz,39,xbox,39,xbox,1,0.743827,39 38 5 14 27,xbox wardrobe bottle dresser radio
2453,2453,/home/udays/geometric_deep_learning/data/processed/xbox/test/xbox_0109.npz,39,xbox,39,xbox,1,0.977792,39 38 27 22 25,xbox wardrobe radio monitor piano
2454,2454,/home/udays/geometric_deep_learning/data/processed/xbox/test/xbox_0110.npz,39,xbox,39,xbox,1,0.561526,39 38 4 14 22,xbox wardrobe bookshelf dresser monitor
2455,2455,/home/udays/geometric_deep_learning/data/processed/xbox/test/xbox_0111.npz,39,xbox,39,xbox,1,0.408948,39 38 27 22 14,xbox wardrobe radio monitor dresser
2456,2456,/home/udays/geometric_deep_learning/data/processed/xbox/test/xbox_0112.npz,39,xbox,39,xbox,1,0.854554,39 38 27 14 5,xbox wardrobe radio dresser bottle
2457,2457,/home/udays/geometric_deep_learning/data/processed/xbox/test/xbox_0113.npz,39,xbox,39,xbox,1,0.909350,39 38 27 14 4,xbox wardrobe radio dresser bookshelf
2458,2458,/home/udays/geometric_deep_learning/data/processed/xbox/test/xbox_0114.npz,39,xbox,39,xbox,1,0.973860,39 38 27 13 4,xbox wardrobe radio door bookshelf
2459,2459,/home/udays/geometric_deep_learning/data/processed/xbox/test/xbox_0115.npz,39,xbox,5,bottle,0,0.309378,5 37 4 39 15,bottle vase bookshelf xbox flower_pot
2460,2460,/home/udays/geometric_deep_learning/data/processed/xbox/test/xbox_0116.npz,39,xbox,38,wardrobe,0,0.489548,38 4 39 14 5,wardrobe bookshelf xbox dresser bottle
2461,2461,/home/udays/geometric_deep_learning/data/processed/xbox/test/xbox_0117.npz,39,xbox,39,xbox,1,0.857389,39 38 16 27 14,xbox wardrobe glass_box radio dresser
2462,2462,/home/udays/geometric_deep_learning/data/processed/xbox/test/xbox_0118.npz,39,xbox,39,xbox,1,0.698815,39 22 38 21 25,xbox monitor wardrobe mantel piano
2463,2463,/home/udays/geometric_deep_learning/data/processed/xbox/test/xbox_0119.npz,39,xbox,39,xbox,1,0.553179,39 38 4 13 14,xbox wardrobe bookshelf door dresser
2464,2464,/home/udays/geometric_deep_learning/data/processed/xbox/test/xbox_0120.npz,39,xbox,39,xbox,1,0.469908,39 27 38 22 16,xbox radio wardrobe monitor glass_box
2465,2465,/home/udays/geometric_deep_learning/data/processed/xbox/test/xbox_0121.npz,39,xbox,39,xbox,1,0.561071,39 22 38 27 16,xbox monitor wardrobe radio glass_box
2466,2466,/home/udays/geometric_deep_learning/data/processed/xbox/test/xbox_0122.npz,39,xbox,39,xbox,1,0.583704,39 38 14 27 22,xbox wardrobe dresser radio monitor
2467,2467,/home/udays/geometric_deep_learning/data/processed/xbox/test/xbox_0123.npz,39,xbox,39,xbox,1,0.887924,39 38 27 22 4,xbox wardrobe radio monitor bookshelf
